rank,content_id,model_high_priority_score,predicted_priority,suggested_action,reason_codes
1,content_bb1edbf0ba6c,0.8607516354713213,High,priority_refresh_review,"['observed_declining_trend', 'large_observed_decline', 'model_high_priority']"
2,content_700de55b1459,0.8578521191242091,High,priority_refresh_review,"['observed_declining_trend', 'large_observed_decline', 'model_high_priority']"
3,content_2bf7b6b90bfa,0.8488474965842727,High,priority_refresh_review,['model_high_priority']
4,content_98aa0aecb1d9,0.8445865416858487,High,priority_refresh_review,"['observed_declining_trend', 'large_observed_decline', 'model_high_priority']"
5,content_dbb4c75afccc,0.8401021990602645,High,priority_refresh_review,['model_high_priority']
6,content_c09e49e87ab2,0.838689324524159,High,priority_refresh_review,['model_high_priority']
7,content_500bd3907331,0.837883648637828,High,priority_refresh_review,['model_high_priority']
8,content_e988c1699454,0.8367011588043296,High,priority_refresh_review,"['observed_declining_trend', 'large_observed_decline', 'model_high_priority']"
9,content_d447a286b0ed,0.8346316043449125,High,priority_refresh_review,"['observed_declining_trend', 'large_observed_decline', 'model_high_priority']"
10,content_66458ac1b739,0.8338158229825563,High,priority_refresh_review,"['observed_declining_trend', 'large_observed_decline', 'model_high_priority']"
11,content_1d0963b56227,0.8335956999406194,High,priority_refresh_review,['model_high_priority']
12,content_0d7f4fecb391,0.8322208029551924,High,priority_refresh_review,"['observed_declining_trend', 'large_observed_decline', 'model_high_priority']"
13,content_b9b230d52cfa,0.831233687689246,High,priority_refresh_review,"['observed_declining_trend', 'large_observed_decline', 'model_high_priority']"
14,content_35d63627bf3e,0.830126472499896,High,priority_refresh_review,['model_high_priority']
15,content_0b47dae0c7f9,0.8288579438631863,High,priority_refresh_review,['model_high_priority']
16,content_f73c382ac270,0.8279917629156676,High,priority_refresh_review,"['observed_declining_trend', 'large_observed_decline', 'model_high_priority']"
17,content_6677fd6c4ea5,0.8243625965700759,High,priority_refresh_review,['model_high_priority']
18,content_b46c62b14582,0.822190557161726,High,priority_refresh_review,['model_high_priority']
19,content_7766ffacdcfa,0.8214194504282338,High,priority_refresh_review,"['observed_declining_trend', 'large_observed_decline', 'model_high_priority']"
20,content_e09b5602ba42,0.819222780228188,High,priority_refresh_review,['model_high_priority']
21,content_ff4370afd49c,0.8184824765593431,High,priority_refresh_review,['model_high_priority']
22,content_f55fd2d8ed04,0.8184359615808527,High,priority_refresh_review,"['observed_declining_trend', 'large_observed_decline', 'model_high_priority']"
23,content_32b4e5a2f630,0.8181173708636112,High,priority_refresh_review,"['observed_declining_trend', 'large_observed_decline', 'model_high_priority']"
24,content_3cd58a4a2731,0.8177150345051626,High,priority_refresh_review,['model_high_priority']
25,content_2ba626fea4d6,0.8134843723242068,High,priority_refresh_review,['model_high_priority']
26,content_24d8b73697f6,0.8106071464177953,High,priority_refresh_review,"['observed_declining_trend', 'large_observed_decline', 'model_high_priority']"
27,content_c3f6d634ff00,0.8103749684628715,High,priority_refresh_review,['model_high_priority']
28,content_a662ef2af9b4,0.8092990826126103,High,priority_refresh_review,"['observed_declining_trend', 'large_observed_decline', 'model_high_priority']"
29,content_ec257d803f69,0.808878483646344,High,priority_refresh_review,"['observed_declining_trend', 'large_observed_decline', 'model_high_priority']"
30,content_f9922b5e46b4,0.8048649708369139,High,priority_refresh_review,"['observed_declining_trend', 'large_observed_decline', 'model_high_priority']"
31,content_2d22e0215964,0.8044511520695978,High,priority_refresh_review,['model_high_priority']
32,content_9ac61c04930e,0.8036097305725143,High,priority_refresh_review,"['observed_declining_trend', 'large_observed_decline', 'model_high_priority']"
33,content_4ea3cf14c32f,0.8025018523679409,High,priority_refresh_review,"['observed_declining_trend', 'large_observed_decline', 'model_high_priority']"
34,content_4d9ab09aad97,0.801441813632133,High,priority_refresh_review,['model_high_priority']
35,content_569475b335ab,0.8014172094690344,High,priority_refresh_review,"['observed_declining_trend', 'large_observed_decline', 'model_high_priority']"
36,content_6553f210db6d,0.7994972992337348,High,priority_refresh_review,"['observed_declining_trend', 'large_observed_decline', 'model_high_priority']"
37,content_8f1409b2674e,0.7993265412015934,High,priority_refresh_review,['model_high_priority']
38,content_796a5cdc793f,0.7988257374039315,High,priority_refresh_review,['model_high_priority']
39,content_7e24f3b27d73,0.7978083434002688,High,priority_refresh_review,"['observed_declining_trend', 'large_observed_decline', 'model_high_priority']"
40,content_a5a2fbc76336,0.7958748313782769,High,priority_refresh_review,['model_high_priority']
41,content_720edd4e1491,0.7956159968816542,High,priority_refresh_review,['model_high_priority']
42,content_41baf0722ad9,0.7936757485285085,High,priority_refresh_review,['model_high_priority']
43,content_8b08ec7fc725,0.7913907386435695,High,priority_refresh_review,"['observed_declining_trend', 'large_observed_decline', 'model_high_priority']"
44,content_f161f19bbead,0.7912129811337115,High,priority_refresh_review,['model_high_priority']
45,content_7e3be2e230f5,0.7899575091087374,High,priority_refresh_review,"['large_observed_decline', 'model_high_priority']"
46,content_47ad75f6e937,0.7895380248608629,High,priority_refresh_review,['model_high_priority']
47,content_c50b313c6bca,0.7882760715988991,High,priority_refresh_review,['model_high_priority']
48,content_3164f3076003,0.7876201456959,High,priority_refresh_review,['model_high_priority']
49,content_b0d74ee35a20,0.7870145302465154,High,priority_refresh_review,['model_high_priority']
50,content_fd1c9be3a841,0.786500691408882,High,priority_refresh_review,['model_high_priority']
51,content_7e1f78c66a44,0.7863787278793049,High,priority_refresh_review,['model_high_priority']
52,content_62a83935e642,0.7851212163444166,High,priority_refresh_review,"['observed_declining_trend', 'large_observed_decline', 'model_high_priority']"
53,content_873621db1cd6,0.7804427308497227,High,priority_refresh_review,"['observed_declining_trend', 'large_observed_decline', 'model_high_priority']"
54,content_457796eab16d,0.7802557845712413,High,priority_refresh_review,['model_high_priority']
55,content_3395aba722a2,0.7800075261056156,High,priority_refresh_review,"['observed_declining_trend', 'large_observed_decline', 'model_high_priority']"
56,content_0f256e5b0b88,0.7791274229205684,High,priority_refresh_review,['model_high_priority']
57,content_fa4b8e00edf9,0.7789763013321839,High,priority_refresh_review,"['observed_declining_trend', 'large_observed_decline', 'model_high_priority']"
58,content_0e52d032d7f7,0.7779500425232673,High,priority_refresh_review,['model_high_priority']
59,content_01118d5030d0,0.7777668843488945,High,priority_refresh_review,"['observed_declining_trend', 'large_observed_decline', 'model_high_priority']"
60,content_278982959883,0.7764173604812895,High,priority_refresh_review,['model_high_priority']
61,content_268910e38131,0.7757653872464773,High,priority_refresh_review,"['observed_declining_trend', 'large_observed_decline', 'model_high_priority']"
62,content_38b38f76d730,0.7748644303490824,High,priority_refresh_review,"['observed_declining_trend', 'large_observed_decline', 'model_high_priority']"
63,content_ef6e7d7cfe15,0.7741860274592066,High,priority_refresh_review,['model_high_priority']
64,content_ee6b25664a03,0.7731695836088228,High,priority_refresh_review,['model_high_priority']
65,content_c6cffac60462,0.7727614825318874,High,priority_refresh_review,"['observed_declining_trend', 'large_observed_decline', 'model_high_priority']"
66,content_df71843dcd17,0.772569359097096,High,priority_refresh_review,['model_high_priority']
67,content_f49660e074e9,0.7720719401703205,High,priority_refresh_review,['model_high_priority']
68,content_8ad4a25c246c,0.771090997396417,High,priority_refresh_review,"['observed_declining_trend', 'large_observed_decline', 'model_high_priority']"
69,content_816d77e36e14,0.7710450299679565,High,priority_refresh_review,['model_high_priority']
70,content_8573511e9f28,0.7706726038159205,High,priority_refresh_review,"['observed_declining_trend', 'large_observed_decline', 'model_high_priority']"
71,content_9e40f2d86a76,0.7685926439103561,High,priority_refresh_review,"['observed_declining_trend', 'large_observed_decline', 'model_high_priority']"
72,content_f35e5543135b,0.7674821443146219,High,priority_refresh_review,"['observed_declining_trend', 'large_observed_decline', 'model_high_priority']"
73,content_f02a7e05a948,0.7664536284433887,High,priority_refresh_review,"['observed_declining_trend', 'large_observed_decline', 'model_high_priority']"
74,content_aeb3c0da92cc,0.7654290391029126,High,priority_refresh_review,"['observed_declining_trend', 'large_observed_decline', 'model_high_priority']"
75,content_4dbb75eecfdb,0.7651768064603236,High,priority_refresh_review,"['observed_declining_trend', 'large_observed_decline', 'model_high_priority']"
76,content_572cf2566ada,0.7651234742763164,High,priority_refresh_review,"['observed_declining_trend', 'large_observed_decline', 'model_high_priority']"
77,content_d800cce05023,0.7641543200566523,High,priority_refresh_review,"['observed_declining_trend', 'large_observed_decline', 'model_high_priority']"
78,content_4d9f36001f06,0.7621375955504874,High,priority_refresh_review,['model_high_priority']
79,content_ccf887ee3581,0.7581960177768506,High,priority_refresh_review,"['observed_declining_trend', 'large_observed_decline', 'model_high_priority']"
80,content_83784080ee4d,0.7580763887710034,High,priority_refresh_review,['model_high_priority']
81,content_ace1680995f5,0.7570791528883005,High,priority_refresh_review,['model_high_priority']
82,content_7e3d9c85959b,0.7566782080254042,High,priority_refresh_review,"['observed_declining_trend', 'large_observed_decline', 'model_high_priority']"
83,content_cc5e82cfe642,0.7564960404944334,High,priority_refresh_review,['model_high_priority']
84,content_2bb1cc3be229,0.7560401098091322,High,priority_refresh_review,['model_high_priority']
85,content_f89be6a6a437,0.7557185749822255,High,priority_refresh_review,"['observed_declining_trend', 'large_observed_decline', 'model_high_priority']"
86,content_c6d2559083f2,0.7537637520083632,High,priority_refresh_review,"['observed_declining_trend', 'large_observed_decline', 'model_high_priority']"
87,content_6607847e4454,0.7537463689377706,High,priority_refresh_review,"['observed_declining_trend', 'large_observed_decline', 'model_high_priority']"
88,content_94d1f783deed,0.7535484561232205,High,priority_refresh_review,['model_high_priority']
89,content_71efc27b02b3,0.7531058335680972,High,priority_refresh_review,"['observed_declining_trend', 'large_observed_decline', 'model_high_priority']"
90,content_54af84f1e737,0.7529425706751538,High,priority_refresh_review,['model_high_priority']
91,content_45a47b55f918,0.7526758487662779,High,priority_refresh_review,['model_high_priority']
92,content_3ff02328d611,0.752384095534399,High,priority_refresh_review,['model_high_priority']
93,content_8f14317ab383,0.7503704746582284,High,priority_refresh_review,['model_high_priority']
94,content_29ffa7b58884,0.7501976821237837,High,priority_refresh_review,['model_high_priority']
95,content_4fc70e470460,0.7472300113169317,High,priority_refresh_review,"['observed_declining_trend', 'large_observed_decline', 'model_high_priority']"
96,content_ade4f6189920,0.7470200898883502,High,priority_refresh_review,['model_high_priority']
97,content_29884c0f9255,0.7461952464081346,High,priority_refresh_review,"['observed_declining_trend', 'large_observed_decline', 'model_high_priority']"
98,content_846bb4dd8b44,0.7457992055010135,High,priority_refresh_review,['model_high_priority']
99,content_5a3ff6c13f43,0.7449933140277274,High,priority_refresh_review,"['observed_declining_trend', 'large_observed_decline', 'model_high_priority']"
100,content_542e00af2a40,0.7444998536046342,High,priority_refresh_review,"['observed_declining_trend', 'large_observed_decline', 'model_high_priority']"
101,content_3335b2a38d5f,0.7439698342422566,High,priority_refresh_review,"['observed_declining_trend', 'large_observed_decline', 'model_high_priority']"
102,content_a45145406e5f,0.7438820170466032,High,priority_refresh_review,['model_high_priority']
103,content_6596b1355bab,0.7434490184058348,High,priority_refresh_review,"['observed_declining_trend', 'large_observed_decline', 'model_high_priority']"
104,content_7bf3ad78487a,0.7432137917658719,High,priority_refresh_review,['model_high_priority']
105,content_2a228ce7aa1b,0.7430375109064346,High,priority_refresh_review,"['observed_declining_trend', 'large_observed_decline', 'model_high_priority']"
106,content_800619815f32,0.7428402169355443,High,priority_refresh_review,"['observed_declining_trend', 'large_observed_decline', 'model_high_priority']"
107,content_b7553fdf4ef1,0.742515256289939,High,priority_refresh_review,"['observed_declining_trend', 'large_observed_decline', 'model_high_priority']"
108,content_c148e44db30d,0.742400772113323,High,priority_refresh_review,['model_high_priority']
109,content_8eb07931444b,0.7421442139550986,High,priority_refresh_review,['model_high_priority']
110,content_ff3237507101,0.741658211766496,High,priority_refresh_review,"['observed_declining_trend', 'large_observed_decline', 'model_high_priority']"
111,content_97fd095ebfd1,0.7409758342054635,High,priority_refresh_review,['model_high_priority']
112,content_197a5b1ed096,0.7391534890227114,High,priority_refresh_review,['model_high_priority']
113,content_2f26cc677aad,0.7382980562884388,High,priority_refresh_review,['model_high_priority']
114,content_dbf29df094f9,0.737984812149316,High,priority_refresh_review,"['observed_declining_trend', 'large_observed_decline', 'model_high_priority']"
115,content_790cc62d4743,0.7376325314515926,High,priority_refresh_review,"['observed_declining_trend', 'large_observed_decline', 'model_high_priority']"
116,content_95d32ff9e7ae,0.736828631429151,High,priority_refresh_review,"['observed_declining_trend', 'large_observed_decline', 'model_high_priority']"
117,content_4101fc919060,0.7362929351089151,High,priority_refresh_review,"['observed_declining_trend', 'large_observed_decline', 'model_high_priority']"
118,content_fc980d6e8f57,0.7344196310328734,High,priority_refresh_review,['model_high_priority']
119,content_d85f062b576f,0.7341516660478047,High,priority_refresh_review,"['observed_declining_trend', 'large_observed_decline', 'model_high_priority']"
120,content_6ab7fd4c71af,0.7341061888390714,High,priority_refresh_review,"['observed_declining_trend', 'large_observed_decline', 'model_high_priority']"
121,content_5ce1a9d3e4d7,0.733652143848587,High,priority_refresh_review,['model_high_priority']
122,content_f14d1dd58226,0.7330746419954786,High,priority_refresh_review,"['observed_declining_trend', 'large_observed_decline', 'model_high_priority']"
123,content_f27aa3bffa47,0.7325384988414141,High,priority_refresh_review,"['observed_declining_trend', 'large_observed_decline', 'model_high_priority']"
124,content_9e4a65fb4867,0.7313407696591592,High,priority_refresh_review,['model_high_priority']
125,content_cc088a55deca,0.7312254811526901,High,priority_refresh_review,['model_high_priority']
126,content_da33a53074bd,0.7303008605516669,High,priority_refresh_review,"['observed_declining_trend', 'large_observed_decline', 'model_high_priority']"
127,content_384f92a94aee,0.729849599511977,High,priority_refresh_review,['model_high_priority']
128,content_96963b462656,0.7293274009286019,High,priority_refresh_review,['model_high_priority']
129,content_be9b91f81ef5,0.7291488832325002,High,priority_refresh_review,['model_high_priority']
130,content_e6c0c4e9ae59,0.7290602185271792,High,priority_refresh_review,"['observed_declining_trend', 'large_observed_decline', 'model_high_priority']"
131,content_2e5461c6fe96,0.7287746554703838,High,priority_refresh_review,['model_high_priority']
132,content_5ac91b2d8b38,0.7287245148044945,High,priority_refresh_review,"['observed_declining_trend', 'large_observed_decline', 'model_high_priority']"
133,content_05eb6ae85e0e,0.7280398797762445,High,priority_refresh_review,"['observed_declining_trend', 'large_observed_decline', 'model_high_priority']"
134,content_2278af03fbbf,0.7279109643813028,High,priority_refresh_review,['model_high_priority']
135,content_2230586bb0c4,0.7276824310128663,High,priority_refresh_review,['model_high_priority']
136,content_1f97c2c8f517,0.7270478813495269,High,priority_refresh_review,"['observed_declining_trend', 'large_observed_decline', 'model_high_priority']"
137,content_d700ff22181f,0.7248460982635371,High,priority_refresh_review,['model_high_priority']
138,content_3672013e1d63,0.7239285136887305,High,priority_refresh_review,['model_high_priority']
139,content_8c4b5fce81d0,0.723838095657621,High,priority_refresh_review,['model_high_priority']
140,content_55139d0defae,0.7235904382284958,High,priority_refresh_review,"['observed_declining_trend', 'large_observed_decline', 'model_high_priority']"
141,content_c8aa94ff1243,0.7232637801897639,High,priority_refresh_review,"['observed_declining_trend', 'large_observed_decline', 'model_high_priority']"
142,content_38efc381811c,0.721366870862699,High,priority_refresh_review,"['observed_declining_trend', 'large_observed_decline', 'model_high_priority']"
143,content_d3cc8451ff4f,0.7210394071122203,High,priority_refresh_review,"['observed_declining_trend', 'large_observed_decline', 'model_high_priority']"
144,content_62ece016c9d8,0.7202025327478284,High,priority_refresh_review,"['observed_declining_trend', 'large_observed_decline', 'model_high_priority']"
145,content_02f3c4b06ce9,0.7180542275710117,High,priority_refresh_review,"['observed_declining_trend', 'large_observed_decline', 'model_high_priority']"
146,content_dcd0eb6325fa,0.7180431760484792,High,priority_refresh_review,['model_high_priority']
147,content_b27db044b0e6,0.7167917909296423,High,priority_refresh_review,['model_high_priority']
148,content_163653924794,0.7160343673337599,High,priority_refresh_review,"['observed_declining_trend', 'large_observed_decline', 'model_high_priority']"
149,content_38d75361615f,0.7155928496307746,High,priority_refresh_review,['model_high_priority']
150,content_c9b10b7896a1,0.7152233952086304,High,priority_refresh_review,"['observed_declining_trend', 'large_observed_decline', 'model_high_priority']"
151,content_36dd471dc460,0.714960351027087,High,priority_refresh_review,"['observed_declining_trend', 'large_observed_decline', 'model_high_priority']"
152,content_01e6f180a032,0.7146436225816662,High,priority_refresh_review,"['observed_declining_trend', 'large_observed_decline', 'model_high_priority']"
153,content_aa2c05aee8a3,0.7135201374757485,High,priority_refresh_review,"['observed_declining_trend', 'large_observed_decline', 'model_high_priority']"
154,content_0c0fe8411e94,0.7133258577428692,High,priority_refresh_review,"['observed_declining_trend', 'large_observed_decline', 'model_high_priority']"
155,content_685d3fea9361,0.71282638805121,High,priority_refresh_review,['model_high_priority']
156,content_bfaae780ea05,0.7127598002777373,High,priority_refresh_review,"['observed_declining_trend', 'large_observed_decline', 'model_high_priority']"
157,content_f697fc3a64e3,0.7123282394053535,High,priority_refresh_review,"['observed_declining_trend', 'large_observed_decline', 'model_high_priority']"
158,content_8b12d7eb7b40,0.7116369595339496,High,priority_refresh_review,"['observed_declining_trend', 'large_observed_decline', 'model_high_priority']"
159,content_7fa850f004ea,0.710592703314699,High,priority_refresh_review,['model_high_priority']
160,content_643b51c0a848,0.7100876935944651,High,priority_refresh_review,"['observed_declining_trend', 'large_observed_decline', 'model_high_priority']"
161,content_27cf7d733c61,0.710037764333439,High,priority_refresh_review,['model_high_priority']
162,content_20341c2e4c9f,0.7093517958376164,High,priority_refresh_review,"['observed_declining_trend', 'large_observed_decline', 'model_high_priority']"
163,content_0cbc4d4326d5,0.7088460476022981,High,priority_refresh_review,['model_high_priority']
164,content_f6a8bb38f970,0.7085391279092454,High,priority_refresh_review,['model_high_priority']
165,content_a30c32196ac9,0.7085374931795083,High,priority_refresh_review,"['observed_declining_trend', 'large_observed_decline', 'model_high_priority']"
166,content_0478bd1b2fb4,0.707756715943319,High,priority_refresh_review,['model_high_priority']
167,content_77cef913977c,0.7074311386848835,High,priority_refresh_review,"['observed_declining_trend', 'large_observed_decline', 'model_high_priority']"
168,content_1aa0c0e14f87,0.7064100694192258,High,priority_refresh_review,"['observed_declining_trend', 'large_observed_decline', 'model_high_priority']"
169,content_b45f91ebc732,0.7048088164257763,High,priority_refresh_review,['model_high_priority']
170,content_866a6f5de5e2,0.70422326504942,High,priority_refresh_review,"['observed_declining_trend', 'large_observed_decline', 'model_high_priority']"
171,content_367fe17c5d78,0.7038384530030655,High,priority_refresh_review,['model_high_priority']
172,content_48cecb04b88e,0.7027338312107133,High,priority_refresh_review,"['observed_declining_trend', 'large_observed_decline', 'model_high_priority']"
173,content_25ff6043653f,0.7024992123280605,High,priority_refresh_review,['model_high_priority']
174,content_f8d20d27773f,0.7016963521178763,High,priority_refresh_review,['model_high_priority']
175,content_0b50482209cd,0.7006947077784755,High,priority_refresh_review,"['observed_declining_trend', 'large_observed_decline', 'model_high_priority']"
176,content_5585a0e7089c,0.7001300393565081,High,priority_refresh_review,['model_high_priority']
177,content_6ecc6812ff7b,0.6980199882332822,High,refresh_review,"['observed_declining_trend', 'large_observed_decline', 'model_high_priority']"
178,content_bc6ff35fa85b,0.696740739282448,High,refresh_review,['model_high_priority']
179,content_b53fc679e367,0.6963167057423053,High,refresh_review,"['observed_declining_trend', 'large_observed_decline', 'model_high_priority']"
180,content_45a8b74d4be2,0.6960390348167631,High,refresh_review,['model_high_priority']
181,content_fbbacf50108d,0.6956016903023876,High,refresh_review,"['observed_declining_trend', 'large_observed_decline', 'model_high_priority']"
182,content_d79526b7eb95,0.6949851524658441,High,refresh_review,['model_high_priority']
183,content_52a0cf81179f,0.694156503582673,High,refresh_review,"['observed_declining_trend', 'large_observed_decline', 'model_high_priority']"
184,content_884c401ce126,0.6934430299424842,High,refresh_review,['model_high_priority']
185,content_ec521b760d7c,0.6929494927319564,High,refresh_review,['model_high_priority']
186,content_db74537c5636,0.6929460962446109,High,refresh_review,"['observed_declining_trend', 'large_observed_decline', 'model_high_priority']"
187,content_8179b32b194b,0.6929227958061455,High,refresh_review,['model_high_priority']
188,content_a2d394e98056,0.6926592879837816,High,refresh_review,"['observed_declining_trend', 'large_observed_decline', 'model_high_priority']"
189,content_1980254ef582,0.6920577471596862,High,refresh_review,"['observed_declining_trend', 'large_observed_decline', 'model_high_priority']"
190,content_1bdbccd74939,0.690598534268919,High,refresh_review,"['observed_declining_trend', 'large_observed_decline', 'model_high_priority']"
191,content_b2a61c74b647,0.6889576686855363,High,refresh_review,['model_high_priority']
192,content_ce59581533ca,0.6886085993966768,High,refresh_review,['model_high_priority']
193,content_07645c09399d,0.6885728973433658,High,refresh_review,['model_high_priority']
194,content_422ea7d8363a,0.6878148501545813,High,refresh_review,['model_high_priority']
195,content_ca8a4b9161eb,0.6872933094906066,High,refresh_review,['model_high_priority']
196,content_2d1825cd5280,0.6862288487666285,High,refresh_review,"['observed_declining_trend', 'large_observed_decline', 'model_high_priority']"
197,content_a12d4a1e9a4b,0.6851859547756695,High,refresh_review,"['observed_declining_trend', 'large_observed_decline', 'model_high_priority']"
198,content_312de493d381,0.6850906477854103,High,refresh_review,"['observed_declining_trend', 'large_observed_decline', 'model_high_priority']"
199,content_9e3b6a5b09fd,0.6846659899839553,High,refresh_review,"['observed_declining_trend', 'large_observed_decline', 'model_high_priority']"
200,content_754f60740fb5,0.6842675741393853,High,refresh_review,"['observed_declining_trend', 'large_observed_decline', 'model_high_priority']"
201,content_9739b677eaa5,0.6834786715831467,High,refresh_review,"['observed_declining_trend', 'large_observed_decline', 'model_high_priority']"
202,content_96fa31b9f575,0.6824941450022713,High,refresh_review,"['observed_declining_trend', 'large_observed_decline', 'model_high_priority']"
203,content_5099fd7ada65,0.6822610475247562,High,refresh_review,"['observed_declining_trend', 'large_observed_decline', 'model_high_priority']"
204,content_d58dd4ba9247,0.6804287787459535,High,refresh_review,['model_high_priority']
205,content_9154bca5c190,0.6803940637039727,High,refresh_review,"['observed_declining_trend', 'large_observed_decline', 'model_high_priority']"
206,content_1033787c1e0e,0.6803458055268514,High,refresh_review,"['observed_declining_trend', 'large_observed_decline', 'model_high_priority']"
207,content_89bb2df725d0,0.6800539940611395,High,refresh_review,"['observed_declining_trend', 'large_observed_decline', 'model_high_priority']"
208,content_ad6aeae9e0a0,0.6795708049506914,High,refresh_review,"['observed_declining_trend', 'large_observed_decline', 'model_high_priority']"
209,content_420f30e62d90,0.6791755378367437,High,refresh_review,"['observed_declining_trend', 'large_observed_decline', 'model_high_priority']"
210,content_2dff72da8702,0.6791563712851639,High,refresh_review,['model_high_priority']
211,content_07211ca13e10,0.678760443666973,High,refresh_review,['model_high_priority']
212,content_86fe1bcebbdf,0.6783267366529036,High,refresh_review,['model_high_priority']
213,content_8301ec0f2f68,0.6780016852727627,High,refresh_review,['model_high_priority']
214,content_6554f95afdd7,0.6774483344480039,High,refresh_review,"['observed_declining_trend', 'large_observed_decline', 'model_high_priority']"
215,content_a4e31d98e83b,0.6772642025190192,High,refresh_review,"['observed_declining_trend', 'large_observed_decline', 'model_high_priority']"
216,content_fcfb13df26bf,0.6768358452211135,High,refresh_review,"['observed_declining_trend', 'large_observed_decline', 'model_high_priority']"
217,content_22f275f49f44,0.675431195923886,High,refresh_review,"['observed_declining_trend', 'large_observed_decline', 'model_high_priority']"
218,content_f68bcc71c8f5,0.6739415191091254,High,refresh_review,['model_high_priority']
219,content_8bf0e80d273c,0.6737819830418899,High,refresh_review,['model_high_priority']
220,content_addafe3df89b,0.6725966556123929,High,refresh_review,"['observed_declining_trend', 'large_observed_decline', 'model_high_priority']"
221,content_2eb047841032,0.670925376415419,High,refresh_review,"['observed_declining_trend', 'large_observed_decline', 'model_high_priority']"
222,content_6fd22c53a5e0,0.670852740297983,High,refresh_review,"['observed_declining_trend', 'large_observed_decline', 'model_high_priority']"
223,content_0748fbd11749,0.6708030089046743,High,refresh_review,['model_high_priority']
224,content_5d03f7400426,0.6706858623922877,High,refresh_review,['model_high_priority']
225,content_5d8cc9246c52,0.6698206603532303,High,refresh_review,"['observed_declining_trend', 'large_observed_decline', 'model_high_priority']"
226,content_da3f2c1bef3f,0.6694086621390266,High,refresh_review,"['observed_declining_trend', 'large_observed_decline', 'model_high_priority']"
227,content_307acf0a4233,0.669351335122013,High,refresh_review,['model_high_priority']
228,content_7638b4f1674a,0.6692292241023288,High,refresh_review,['model_high_priority']
229,content_c3a415aefc2d,0.6692077770016772,High,refresh_review,['model_high_priority']
230,content_edf503934290,0.6691566844452962,High,refresh_review,['model_high_priority']
231,content_0e32afb161b0,0.6688373425019145,High,refresh_review,"['observed_declining_trend', 'large_observed_decline', 'model_high_priority']"
232,content_85cdc8c3c2f6,0.6681490524356158,High,refresh_review,['model_high_priority']
233,content_82800baa94be,0.6677919204079014,High,refresh_review,['model_high_priority']
234,content_355a734d17c3,0.6673898522376344,High,refresh_review,['model_high_priority']
235,content_58751944898a,0.6671656787453315,High,refresh_review,"['observed_declining_trend', 'large_observed_decline', 'model_high_priority']"
236,content_ce154fd0f9ba,0.6669613836892654,High,refresh_review,"['observed_declining_trend', 'large_observed_decline', 'model_high_priority']"
237,content_83a21bfa1807,0.6648026807094183,High,refresh_review,"['observed_declining_trend', 'large_observed_decline', 'model_high_priority']"
238,content_b658db887566,0.6640588504899916,High,refresh_review,['model_high_priority']
239,content_fd15559290a1,0.6640153994218196,High,refresh_review,"['observed_declining_trend', 'large_observed_decline', 'model_high_priority']"
240,content_50b705edfd99,0.6623492911510022,High,refresh_review,"['observed_declining_trend', 'large_observed_decline', 'model_high_priority']"
241,content_c7feeae9ce9b,0.6609312223488415,High,refresh_review,['model_high_priority']
242,content_d173a4758ef4,0.6597761763546602,High,refresh_review,"['observed_declining_trend', 'large_observed_decline', 'model_high_priority']"
243,content_37e3e5682728,0.6596741041780365,High,refresh_review,['model_high_priority']
244,content_c5bf69f2eddc,0.6592130105408693,High,refresh_review,"['observed_declining_trend', 'large_observed_decline', 'model_high_priority']"
245,content_cf9f8ecdf9de,0.6586102811376932,High,refresh_review,"['observed_declining_trend', 'large_observed_decline', 'model_high_priority']"
246,content_bfd5fbed5749,0.6584782033994789,High,refresh_review,['model_high_priority']
247,content_cb372c0a7708,0.6576383831193584,High,refresh_review,"['observed_declining_trend', 'large_observed_decline', 'model_high_priority']"
248,content_e9f1fc510247,0.6575777545537469,High,refresh_review,"['observed_declining_trend', 'large_observed_decline', 'model_high_priority']"
249,content_820965935d2b,0.6571587149663765,High,refresh_review,['model_high_priority']
250,content_c79f04785d81,0.6565383506670551,High,refresh_review,['model_high_priority']
251,content_4c443177255c,0.6563852343204054,High,refresh_review,['model_high_priority']
252,content_ef298285d6bb,0.6552763096731815,High,refresh_review,['model_high_priority']
253,content_eebf0c818dea,0.6551329352603862,High,refresh_review,['model_high_priority']
254,content_584e85b1ef21,0.6551314893750989,High,refresh_review,"['observed_declining_trend', 'large_observed_decline', 'model_high_priority']"
255,content_60bd44a91d5c,0.6549979981999499,High,refresh_review,"['observed_declining_trend', 'large_observed_decline', 'model_high_priority']"
256,content_18444c94821e,0.6545996804952753,High,refresh_review,['model_high_priority']
257,content_45c48b701376,0.6545273909952708,High,refresh_review,"['observed_declining_trend', 'large_observed_decline', 'model_high_priority']"
258,content_93aaf9dc4672,0.6543110352968151,High,refresh_review,"['observed_declining_trend', 'large_observed_decline', 'model_high_priority']"
259,content_b01145d879b7,0.6541533980430533,High,refresh_review,"['observed_declining_trend', 'large_observed_decline', 'model_high_priority']"
260,content_a6087b96819d,0.6536162703420156,High,refresh_review,"['observed_declining_trend', 'large_observed_decline', 'model_high_priority']"
261,content_3c334d156819,0.6535164689294526,High,refresh_review,['model_high_priority']
262,content_e0720ca9366c,0.6532092105773254,High,refresh_review,"['observed_declining_trend', 'large_observed_decline', 'model_high_priority']"
263,content_85a09b3e3147,0.6525458992721407,High,refresh_review,"['observed_declining_trend', 'large_observed_decline', 'model_high_priority']"
264,content_1b7188b37ffc,0.6524719045364736,High,refresh_review,"['observed_declining_trend', 'large_observed_decline', 'model_high_priority']"
265,content_18d02da422e6,0.6524279963911502,High,refresh_review,"['observed_declining_trend', 'large_observed_decline', 'model_high_priority']"
266,content_3d6091dbb50e,0.651949991379609,High,refresh_review,"['observed_declining_trend', 'large_observed_decline', 'model_high_priority']"
267,content_5020ecbfa404,0.6510215340981098,High,refresh_review,"['observed_declining_trend', 'large_observed_decline', 'model_high_priority']"
268,content_09227e80fef5,0.6507963804755496,High,refresh_review,['model_high_priority']
269,content_f777bcb4fdad,0.6505421535485276,High,refresh_review,['model_high_priority']
270,content_c9e010f15592,0.6498993025959446,High,refresh_review,"['observed_declining_trend', 'large_observed_decline', 'model_high_priority']"
271,content_43fb79265218,0.6496767938083527,High,refresh_review,['model_high_priority']
272,content_6fedd340cb01,0.6488948278799214,High,refresh_review,['model_high_priority']
273,content_9d77bda04182,0.648877130411363,High,refresh_review,"['observed_declining_trend', 'large_observed_decline', 'model_high_priority']"
274,content_fd1cb7ce68f8,0.6484111435359908,High,refresh_review,['model_high_priority']
275,content_7fa63804b8f1,0.6481669810391577,High,refresh_review,['model_high_priority']
276,content_d5914cd8c53e,0.6480152102049609,High,refresh_review,"['observed_declining_trend', 'large_observed_decline', 'model_high_priority']"
277,content_d93380a7ba75,0.6478213307596367,High,refresh_review,"['observed_declining_trend', 'large_observed_decline', 'model_high_priority']"
278,content_3b6c23dcf568,0.6476934473406558,High,refresh_review,"['observed_declining_trend', 'large_observed_decline', 'model_high_priority']"
279,content_10631c73d253,0.6459188532922129,High,refresh_review,['model_high_priority']
280,content_6e249fd6b039,0.6457245233261593,High,refresh_review,"['observed_declining_trend', 'large_observed_decline', 'model_high_priority']"
281,content_33b25855b6d9,0.6457187590287201,High,refresh_review,"['observed_declining_trend', 'large_observed_decline', 'model_high_priority']"
282,content_0d8c3d947522,0.6456080384892737,High,refresh_review,"['observed_declining_trend', 'large_observed_decline', 'model_high_priority']"
283,content_2fa6a97a3c70,0.6454674824768051,High,refresh_review,"['observed_declining_trend', 'large_observed_decline', 'model_high_priority']"
284,content_7205560591f9,0.6450257034497969,High,refresh_review,"['observed_declining_trend', 'large_observed_decline', 'model_high_priority']"
285,content_7172c0b0a2d3,0.6449592926922862,High,refresh_review,"['observed_declining_trend', 'large_observed_decline', 'model_high_priority']"
286,content_c2dfd56f7149,0.6443077922255672,High,refresh_review,"['observed_declining_trend', 'large_observed_decline', 'model_high_priority']"
287,content_e3f1b3d4d99a,0.6443032480128217,High,refresh_review,['model_high_priority']
288,content_aca17a7cc165,0.6439732717092089,High,refresh_review,"['observed_declining_trend', 'large_observed_decline', 'model_high_priority']"
289,content_514356b21e2a,0.6437658118400117,High,refresh_review,"['observed_declining_trend', 'large_observed_decline', 'model_high_priority']"
290,content_2edb6f44e5d4,0.643294503066246,High,refresh_review,"['observed_declining_trend', 'large_observed_decline', 'model_high_priority']"
291,content_a159d40b38cd,0.6431739856718234,High,refresh_review,"['observed_declining_trend', 'large_observed_decline', 'model_high_priority']"
292,content_a537d99944b8,0.6431444424899831,High,refresh_review,"['observed_declining_trend', 'large_observed_decline', 'model_high_priority']"
293,content_5c7ccee8cd9e,0.6423600527483754,High,refresh_review,"['observed_declining_trend', 'large_observed_decline', 'model_high_priority']"
294,content_997d693ed750,0.6418521246443031,High,refresh_review,['model_high_priority']
295,content_0ac4a4e97bd9,0.6410699033258435,High,refresh_review,['model_high_priority']
296,content_33a2b874555b,0.6406502007472284,High,refresh_review,"['observed_declining_trend', 'large_observed_decline', 'model_high_priority']"
297,content_ca6011795338,0.6404725797363291,High,refresh_review,"['observed_declining_trend', 'large_observed_decline', 'model_high_priority']"
298,content_c5cdd229c348,0.6402500015043764,High,refresh_review,"['observed_declining_trend', 'large_observed_decline', 'model_high_priority']"
299,content_72f65ab80b1d,0.640179837696846,High,refresh_review,"['observed_declining_trend', 'large_observed_decline', 'model_high_priority']"
300,content_167cb3631905,0.6399628149044674,High,refresh_review,['model_high_priority']
301,content_8eb6dec91ada,0.639800260728376,High,refresh_review,"['observed_declining_trend', 'large_observed_decline', 'model_high_priority']"
302,content_5418abc60930,0.6396194841689464,High,refresh_review,"['observed_declining_trend', 'large_observed_decline', 'model_high_priority']"
303,content_b23d650634c6,0.639320458097498,High,refresh_review,"['observed_declining_trend', 'large_observed_decline', 'model_high_priority']"
304,content_a77122a79b78,0.6393202067556212,High,refresh_review,"['observed_declining_trend', 'large_observed_decline', 'model_high_priority']"
305,content_639b9e356f82,0.6387165619761243,High,refresh_review,"['observed_declining_trend', 'large_observed_decline', 'model_high_priority']"
306,content_3c97b2d97f82,0.6387135609458996,High,refresh_review,"['observed_declining_trend', 'large_observed_decline', 'model_high_priority']"
307,content_5983f14e4266,0.6384872249815394,High,refresh_review,['model_high_priority']
308,content_2eecc520da26,0.6381789776947652,High,refresh_review,"['observed_declining_trend', 'large_observed_decline', 'model_high_priority']"
309,content_e0666cdbf9c3,0.6381492567835295,High,refresh_review,['model_high_priority']
310,content_b88c6b220b23,0.6381418678100433,High,refresh_review,"['observed_declining_trend', 'large_observed_decline', 'model_high_priority']"
311,content_b0d9646900d0,0.6380595589318827,High,refresh_review,['model_high_priority']
312,content_54c6dd186259,0.6379628605568357,High,refresh_review,['model_high_priority']
313,content_471caa66d791,0.6379592529342378,High,refresh_review,"['observed_declining_trend', 'large_observed_decline', 'model_high_priority']"
314,content_12f4cdf36d45,0.6376939478783196,High,refresh_review,"['observed_declining_trend', 'large_observed_decline', 'model_high_priority']"
315,content_da708a6f57ff,0.6373974601028359,High,refresh_review,"['observed_declining_trend', 'large_observed_decline', 'model_high_priority']"
316,content_c1fef945a63f,0.6370481715826537,High,refresh_review,['model_high_priority']
317,content_429bcfe171c3,0.636550043193579,High,refresh_review,['model_high_priority']
318,content_7c2dbf3b0577,0.636237805145942,High,refresh_review,['model_high_priority']
319,content_87a786960b75,0.6361693121239101,High,refresh_review,"['observed_declining_trend', 'large_observed_decline', 'model_high_priority']"
320,content_41bcf8c94876,0.6361231327497952,High,refresh_review,"['observed_declining_trend', 'large_observed_decline', 'model_high_priority']"
321,content_f13a486a08f2,0.6353725963437277,High,refresh_review,['model_high_priority']
322,content_02e093500039,0.6347777792823724,High,refresh_review,"['observed_declining_trend', 'large_observed_decline', 'model_high_priority']"
323,content_9935b649795f,0.6347233392847581,High,refresh_review,"['observed_declining_trend', 'large_observed_decline', 'model_high_priority']"
324,content_797cb8b2c397,0.6344350136444052,High,refresh_review,"['observed_declining_trend', 'large_observed_decline', 'model_high_priority']"
325,content_09916526d65e,0.6342678760576744,High,refresh_review,"['observed_declining_trend', 'large_observed_decline', 'model_high_priority']"
326,content_d695c77deba2,0.6339996887761119,High,refresh_review,"['observed_declining_trend', 'large_observed_decline', 'model_high_priority']"
327,content_eb44131698e0,0.6338500297471056,High,refresh_review,"['observed_declining_trend', 'large_observed_decline', 'model_high_priority']"
328,content_323d0bdf7077,0.6336571548304237,High,refresh_review,"['observed_declining_trend', 'large_observed_decline', 'model_high_priority']"
329,content_3360183fec42,0.6335337098359796,High,refresh_review,"['observed_declining_trend', 'large_observed_decline', 'model_high_priority']"
330,content_c65ee459f729,0.6334803099144476,High,refresh_review,"['observed_declining_trend', 'large_observed_decline', 'model_high_priority']"
331,content_ea03fc0ede4f,0.6334314114135121,High,refresh_review,['model_high_priority']
332,content_1d4d78ba6371,0.6332590953163375,High,refresh_review,"['observed_declining_trend', 'large_observed_decline', 'model_high_priority']"
333,content_08366e95bd39,0.6330269538853168,High,refresh_review,"['observed_declining_trend', 'large_observed_decline', 'model_high_priority']"
334,content_118b0ee61e54,0.6326945615930426,High,refresh_review,"['observed_declining_trend', 'large_observed_decline', 'model_high_priority']"
335,content_10fd31ac61bb,0.6324634932831497,High,refresh_review,['model_high_priority']
336,content_895e41f607af,0.6321346479966939,High,refresh_review,"['observed_declining_trend', 'large_observed_decline', 'model_high_priority']"
337,content_8c5dcc367672,0.631873402174093,High,refresh_review,"['observed_declining_trend', 'large_observed_decline', 'model_high_priority']"
338,content_b15740b532b8,0.631682417540432,High,refresh_review,"['observed_declining_trend', 'large_observed_decline', 'model_high_priority']"
339,content_77ed8bbc1d2a,0.6315771743727493,High,refresh_review,"['observed_declining_trend', 'large_observed_decline', 'model_high_priority']"
340,content_370f162b9110,0.631536607633399,High,refresh_review,"['observed_declining_trend', 'large_observed_decline', 'model_high_priority']"
341,content_4beb70d19972,0.6315142448823926,High,refresh_review,"['observed_declining_trend', 'large_observed_decline', 'model_high_priority']"
342,content_548d54f56d19,0.6313466314238458,High,refresh_review,"['observed_declining_trend', 'large_observed_decline', 'model_high_priority']"
343,content_ab7a3d0acf37,0.6312334337370491,High,refresh_review,"['observed_declining_trend', 'large_observed_decline', 'model_high_priority']"
344,content_90fbb97f99f4,0.6311322302053339,High,refresh_review,['model_high_priority']
345,content_afbc1b8a8342,0.6308280255471987,High,refresh_review,"['observed_declining_trend', 'large_observed_decline', 'model_high_priority']"
346,content_cbffee46b629,0.6302406254686278,High,refresh_review,"['observed_declining_trend', 'large_observed_decline', 'model_high_priority']"
347,content_ab5c80e503da,0.6302035166535154,High,refresh_review,"['observed_declining_trend', 'large_observed_decline', 'model_high_priority']"
348,content_6895e9b8a03d,0.6301266826763854,High,refresh_review,"['observed_declining_trend', 'large_observed_decline', 'model_high_priority']"
349,content_e3055c8ca910,0.6296623860870635,High,refresh_review,"['observed_declining_trend', 'large_observed_decline', 'model_high_priority']"
350,content_a6ca34ee4c5e,0.6294207784635897,High,refresh_review,"['observed_declining_trend', 'large_observed_decline', 'model_high_priority']"
351,content_0951779fa0ca,0.6290378888916383,High,refresh_review,"['observed_declining_trend', 'large_observed_decline', 'model_high_priority']"
352,content_e06a98b9b38b,0.6289819390161985,High,refresh_review,['model_high_priority']
353,content_bcc95460460e,0.6286209221408519,High,refresh_review,"['observed_declining_trend', 'large_observed_decline', 'model_high_priority']"
354,content_dfc00ceb883d,0.6285839941201248,High,refresh_review,"['observed_declining_trend', 'large_observed_decline', 'model_high_priority']"
355,content_86b70918694f,0.6278376140100318,High,refresh_review,['model_high_priority']
356,content_192ec79eda2e,0.6274435400304529,High,refresh_review,"['large_observed_decline', 'model_high_priority']"
357,content_7af68c6f2598,0.6273704751978425,High,refresh_review,"['observed_declining_trend', 'large_observed_decline', 'model_high_priority']"
358,content_0e1baeb3ecca,0.6270332277131324,High,refresh_review,"['observed_declining_trend', 'large_observed_decline', 'model_high_priority']"
359,content_e1187a069e61,0.6269498939014481,High,refresh_review,['model_high_priority']
360,content_96bfb39cfdf8,0.6265101226956854,High,refresh_review,"['observed_declining_trend', 'large_observed_decline', 'model_high_priority']"
361,content_33d256c03be1,0.6261147092012004,High,refresh_review,"['observed_declining_trend', 'large_observed_decline', 'model_high_priority']"
362,content_e0453ee0769a,0.6260590108835404,High,refresh_review,"['observed_declining_trend', 'large_observed_decline', 'model_high_priority']"
363,content_f3c7143e3354,0.6259614215396847,High,refresh_review,"['observed_declining_trend', 'large_observed_decline', 'model_high_priority']"
364,content_6e1712f8e971,0.625943778024687,High,refresh_review,['model_high_priority']
365,content_c0078647bab2,0.6256304423540058,High,refresh_review,['model_high_priority']
366,content_8f0b94aecf20,0.6256206720714846,High,refresh_review,['model_high_priority']
367,content_225d4d660659,0.6255482474401225,High,refresh_review,['model_high_priority']
368,content_e3bf6539b4ba,0.6255392232584344,High,refresh_review,"['observed_declining_trend', 'large_observed_decline', 'model_high_priority']"
369,content_127a10fafeb9,0.6254521397529941,High,refresh_review,"['observed_declining_trend', 'large_observed_decline', 'model_high_priority']"
370,content_9a1cd75f0ee6,0.6253444318765684,High,refresh_review,"['observed_declining_trend', 'large_observed_decline', 'model_high_priority']"
371,content_4336310eb7f3,0.6250222334142822,High,refresh_review,['model_high_priority']
372,content_b69b7a7bebd1,0.6247659505920037,High,refresh_review,['model_high_priority']
373,content_8c5455c75d43,0.6247000586900118,High,refresh_review,"['observed_declining_trend', 'large_observed_decline', 'model_high_priority']"
374,content_0a9514b81475,0.6246627849327443,High,refresh_review,"['observed_declining_trend', 'large_observed_decline', 'model_high_priority']"
375,content_ce5eefe9fae2,0.6243018342716268,High,refresh_review,['model_high_priority']
376,content_1464ee2714b9,0.6242208074051527,High,refresh_review,"['observed_declining_trend', 'large_observed_decline', 'model_high_priority']"
377,content_f0d98be4b42c,0.6241219184612613,High,refresh_review,['model_high_priority']
378,content_a192435b13b6,0.6238009058485051,High,refresh_review,['model_high_priority']
379,content_1cc38b3f04d2,0.6236142797993013,High,refresh_review,"['observed_declining_trend', 'large_observed_decline', 'model_high_priority']"
380,content_f324b394c96f,0.6232914269157744,High,refresh_review,"['observed_declining_trend', 'large_observed_decline', 'model_high_priority']"
381,content_abef99f293a8,0.6229059458667969,High,refresh_review,"['observed_declining_trend', 'large_observed_decline', 'model_high_priority']"
382,content_51985aaaf937,0.6226118528639722,High,refresh_review,"['observed_declining_trend', 'large_observed_decline', 'model_high_priority']"
383,content_29851de826f8,0.6223450892010636,High,refresh_review,['model_high_priority']
384,content_eeffd7e71d7a,0.6223127736960979,High,refresh_review,"['observed_declining_trend', 'large_observed_decline', 'model_high_priority']"
385,content_59096ebd4b04,0.622296742365217,High,refresh_review,"['observed_declining_trend', 'large_observed_decline', 'model_high_priority']"
386,content_8ac5e7d55b90,0.6219709306335026,High,refresh_review,"['observed_declining_trend', 'large_observed_decline', 'model_high_priority']"
387,content_92dfc8f4d69e,0.621855809476784,High,refresh_review,"['observed_declining_trend', 'large_observed_decline', 'model_high_priority']"
388,content_7a999bea6a06,0.6217515036623583,High,refresh_review,"['observed_declining_trend', 'large_observed_decline', 'model_high_priority']"
389,content_694bc660415b,0.6216173140885667,High,refresh_review,"['observed_declining_trend', 'large_observed_decline', 'model_high_priority']"
390,content_b430766c20c5,0.6215790299530627,High,refresh_review,"['observed_declining_trend', 'large_observed_decline', 'model_high_priority']"
391,content_46f437984262,0.6215183814571731,High,refresh_review,"['observed_declining_trend', 'large_observed_decline', 'model_high_priority']"
392,content_3a55fe05bade,0.621237289759912,High,refresh_review,"['observed_declining_trend', 'large_observed_decline', 'model_high_priority']"
393,content_5a2c8f6bafa5,0.6212116231799151,High,refresh_review,"['observed_declining_trend', 'large_observed_decline', 'model_high_priority']"
394,content_8ba922f82ace,0.6210329631102159,High,refresh_review,"['observed_declining_trend', 'large_observed_decline', 'model_high_priority']"
395,content_6383ca5adafb,0.6206808459488238,High,refresh_review,['model_high_priority']
396,content_724a2783045d,0.6203305226411715,High,refresh_review,"['observed_declining_trend', 'large_observed_decline', 'model_high_priority']"
397,content_1aa08950fe0d,0.6198323298521621,High,refresh_review,"['observed_declining_trend', 'large_observed_decline', 'model_high_priority']"
398,content_2b815ea36b6f,0.6197877688516246,High,refresh_review,"['observed_declining_trend', 'large_observed_decline', 'model_high_priority']"
399,content_d516275e106e,0.6195917498845871,High,refresh_review,"['observed_declining_trend', 'large_observed_decline', 'model_high_priority']"
400,content_17a0fc02d9e7,0.619511613983306,High,refresh_review,"['observed_declining_trend', 'large_observed_decline', 'model_high_priority']"
401,content_b6ba8b483c64,0.6194501366355806,High,refresh_review,"['observed_declining_trend', 'large_observed_decline', 'model_high_priority']"
402,content_3ad1d026a173,0.6192607105807468,High,refresh_review,"['observed_declining_trend', 'large_observed_decline', 'model_high_priority']"
403,content_6606686cb1dd,0.6191347535954693,High,refresh_review,"['observed_declining_trend', 'large_observed_decline', 'model_high_priority']"
404,content_5b1a71c1e749,0.6190133774292734,High,refresh_review,"['observed_declining_trend', 'large_observed_decline', 'model_high_priority']"
405,content_1892fc1b06f2,0.6187035574921369,High,refresh_review,"['observed_declining_trend', 'large_observed_decline', 'model_high_priority']"
406,content_cec2180f0ac1,0.618297666292022,High,refresh_review,['model_high_priority']
407,content_51d04bff6a5e,0.6182812608946033,High,refresh_review,"['observed_declining_trend', 'large_observed_decline', 'model_high_priority']"
408,content_ee139093527c,0.6182476667011997,High,refresh_review,"['observed_declining_trend', 'large_observed_decline', 'model_high_priority']"
409,content_701d4ba4e25d,0.6181459063802496,High,refresh_review,['model_high_priority']
410,content_793666136464,0.6181236800410866,High,refresh_review,['model_high_priority']
411,content_c055fd483b87,0.6174966463696155,High,refresh_review,['model_high_priority']
412,content_ca8f273a3e0a,0.6174110851703829,High,refresh_review,"['observed_declining_trend', 'large_observed_decline', 'model_high_priority']"
413,content_e9c39bb6170f,0.617138928600915,High,refresh_review,['model_high_priority']
414,content_cdf12b9d21e0,0.6170931982009161,High,refresh_review,['model_high_priority']
415,content_d12432b0eab6,0.6166411357480716,High,refresh_review,"['observed_declining_trend', 'large_observed_decline', 'model_high_priority']"
416,content_1cf3f202273e,0.616401949232423,High,refresh_review,['model_high_priority']
417,content_6847b41c8804,0.6162727486372274,High,refresh_review,"['observed_declining_trend', 'large_observed_decline', 'model_high_priority']"
418,content_32febe41dd77,0.6162619481812558,High,refresh_review,"['observed_declining_trend', 'large_observed_decline', 'model_high_priority']"
419,content_0febf9b1c9c0,0.6162591036343175,High,refresh_review,['model_high_priority']
420,content_ef77ee9f9266,0.6161771644870715,High,refresh_review,"['observed_declining_trend', 'large_observed_decline', 'model_high_priority']"
421,content_ec301d20bffd,0.6161621201827391,High,refresh_review,"['observed_declining_trend', 'large_observed_decline', 'model_high_priority']"
422,content_c3e4ddfb8650,0.6156209691281174,High,refresh_review,"['observed_declining_trend', 'large_observed_decline', 'model_high_priority']"
423,content_38a1fdd6b0f6,0.6153515339244634,High,refresh_review,['model_high_priority']
424,content_b9b75b2367a3,0.6152057447292697,High,refresh_review,"['observed_declining_trend', 'large_observed_decline', 'model_high_priority']"
425,content_68815fc0cee8,0.6151642037922369,High,refresh_review,"['observed_declining_trend', 'large_observed_decline', 'model_high_priority']"
426,content_1f05df4add56,0.6151319291076979,High,refresh_review,"['observed_declining_trend', 'large_observed_decline', 'model_high_priority']"
427,content_8ed210418ee8,0.6148874433595942,High,refresh_review,"['observed_declining_trend', 'large_observed_decline', 'model_high_priority']"
428,content_94feac677ec4,0.6148492227332027,High,refresh_review,['model_high_priority']
429,content_d2f02c272585,0.6147415148872938,High,refresh_review,"['observed_declining_trend', 'large_observed_decline', 'model_high_priority']"
430,content_e3393b0b5359,0.6144801114858346,High,refresh_review,['model_high_priority']
431,content_26d48a980581,0.6144679086114995,High,refresh_review,['model_high_priority']
432,content_730c0b690c12,0.6135235415964093,High,refresh_review,['model_high_priority']
433,content_3408f65286e4,0.6129702175240365,High,refresh_review,"['observed_declining_trend', 'large_observed_decline', 'model_high_priority']"
434,content_f332ee3c133e,0.6126743423741561,High,refresh_review,"['observed_declining_trend', 'large_observed_decline', 'model_high_priority']"
435,content_ea1fdec27b19,0.6126538719074143,High,refresh_review,['model_high_priority']
436,content_880690982550,0.6123246981390016,High,refresh_review,"['observed_declining_trend', 'large_observed_decline', 'model_high_priority']"
437,content_452a4e18212c,0.6122082504726327,High,refresh_review,"['observed_declining_trend', 'large_observed_decline', 'model_high_priority']"
438,content_f1743a78cb16,0.6120144821811352,High,refresh_review,"['observed_declining_trend', 'large_observed_decline', 'model_high_priority']"
439,content_2200a477481d,0.6118971418558381,High,refresh_review,['model_high_priority']
440,content_547a2f6dee80,0.6117536629955532,High,refresh_review,['model_high_priority']
441,content_4d39b3b3ee5d,0.6117130045174041,High,refresh_review,"['observed_declining_trend', 'large_observed_decline', 'model_high_priority']"
442,content_e8a468328f1a,0.6110977672038364,High,refresh_review,['model_high_priority']
443,content_fbf920bdfd52,0.6110370611264468,High,refresh_review,"['observed_declining_trend', 'large_observed_decline', 'model_high_priority']"
444,content_3f137ad7e218,0.6108583915548684,High,refresh_review,"['observed_declining_trend', 'large_observed_decline', 'model_high_priority']"
445,content_a755d2ee76e5,0.6106546835887586,High,refresh_review,"['observed_declining_trend', 'large_observed_decline', 'model_high_priority']"
446,content_56c8c0345f61,0.610496298153241,High,refresh_review,['model_high_priority']
447,content_483f5d0b409c,0.6104547502056851,High,refresh_review,"['observed_declining_trend', 'large_observed_decline', 'model_high_priority']"
448,content_e8699111381e,0.6101784610717683,High,refresh_review,"['observed_declining_trend', 'large_observed_decline', 'model_high_priority']"
449,content_4a078332f41c,0.6100685709269584,High,refresh_review,"['observed_declining_trend', 'large_observed_decline', 'model_high_priority']"
450,content_f5b35bbb42fc,0.6099147847764539,High,refresh_review,['model_high_priority']
451,content_cde3ff473d77,0.6096231128890873,High,refresh_review,"['observed_declining_trend', 'large_observed_decline', 'model_high_priority']"
452,content_3bbfc77a9e4f,0.6094794554482724,High,refresh_review,['model_high_priority']
453,content_13f239ae855d,0.609441972298005,High,refresh_review,"['observed_declining_trend', 'large_observed_decline', 'model_high_priority']"
454,content_ce431e33ceeb,0.609031837878868,High,refresh_review,['model_high_priority']
455,content_14f5c86b0571,0.6089722964805917,High,refresh_review,"['observed_declining_trend', 'large_observed_decline', 'model_high_priority']"
456,content_57d6a744b837,0.6089209732728043,High,refresh_review,"['observed_declining_trend', 'large_observed_decline', 'model_high_priority']"
457,content_7fbcb3c2bf89,0.6087493585831117,High,refresh_review,"['observed_declining_trend', 'large_observed_decline', 'model_high_priority']"
458,content_4c17a0b47c68,0.6086738709745816,High,refresh_review,['model_high_priority']
459,content_3ab81beabc8f,0.608605889921582,High,refresh_review,"['observed_declining_trend', 'large_observed_decline', 'model_high_priority']"
460,content_946fbf519eb7,0.6083605403528909,High,refresh_review,"['observed_declining_trend', 'large_observed_decline', 'model_high_priority']"
461,content_4b40bc3fc714,0.6081658071268298,High,refresh_review,"['observed_declining_trend', 'large_observed_decline', 'model_high_priority']"
462,content_a2d42ee7ea97,0.6076305739682973,High,refresh_review,"['observed_declining_trend', 'large_observed_decline', 'model_high_priority']"
463,content_e9e627bf28b4,0.6076028416794255,High,refresh_review,"['observed_declining_trend', 'large_observed_decline', 'model_high_priority']"
464,content_5252bc52c467,0.6075943170172767,High,refresh_review,"['observed_declining_trend', 'large_observed_decline', 'model_high_priority']"
465,content_e1bf08881dc6,0.607570728262824,High,refresh_review,"['observed_declining_trend', 'large_observed_decline', 'model_high_priority']"
466,content_15b35bfd5f84,0.606719696757382,High,refresh_review,['model_high_priority']
467,content_df014c059b19,0.6066244091670294,High,refresh_review,"['observed_declining_trend', 'large_observed_decline', 'model_high_priority']"
468,content_8a4f4f22c861,0.6066138318426636,High,refresh_review,['model_high_priority']
469,content_4ad7a7f44bcf,0.6065362918108747,High,refresh_review,"['observed_declining_trend', 'large_observed_decline', 'model_high_priority']"
470,content_2ffa4b556dc3,0.6058626209848696,High,refresh_review,['model_high_priority']
471,content_d016173fedb8,0.6055422299008112,High,refresh_review,"['observed_declining_trend', 'large_observed_decline', 'model_high_priority']"
472,content_210e39dc2bb5,0.6052453194101333,High,refresh_review,"['observed_declining_trend', 'large_observed_decline', 'model_high_priority']"
473,content_e85cf998e5d2,0.6051425106253849,High,refresh_review,"['observed_declining_trend', 'large_observed_decline', 'model_high_priority']"
474,content_134637480bfe,0.6044565690214211,High,refresh_review,['model_high_priority']
475,content_4b60f0aa0601,0.6041316252234479,High,refresh_review,"['observed_declining_trend', 'large_observed_decline', 'model_high_priority']"
476,content_7d52e164c23c,0.6038604125492383,High,refresh_review,"['observed_declining_trend', 'large_observed_decline', 'model_high_priority']"
477,content_e954c9e72773,0.6037951005420867,High,refresh_review,"['observed_declining_trend', 'large_observed_decline', 'model_high_priority']"
478,content_63eca8253329,0.6036317929826762,High,refresh_review,"['observed_declining_trend', 'large_observed_decline', 'model_high_priority']"
479,content_9aad50bc4523,0.6034675366554383,High,refresh_review,"['observed_declining_trend', 'large_observed_decline', 'model_high_priority']"
480,content_f7f6f3f8054e,0.6031596615628827,High,refresh_review,"['observed_declining_trend', 'large_observed_decline', 'model_high_priority']"
481,content_46e6383afd44,0.6029864146249314,High,refresh_review,['model_high_priority']
482,content_b84cb2300d9d,0.6025859505023354,High,refresh_review,"['observed_declining_trend', 'large_observed_decline', 'model_high_priority']"
483,content_60d81e7dd1eb,0.6024066943297129,High,refresh_review,"['observed_declining_trend', 'large_observed_decline', 'model_high_priority']"
484,content_64716cd1e961,0.6023446989202967,High,refresh_review,"['observed_declining_trend', 'large_observed_decline', 'model_high_priority']"
485,content_58cc82052f11,0.6018075307456593,High,refresh_review,"['observed_declining_trend', 'large_observed_decline', 'model_high_priority']"
486,content_7b3b6c08c78c,0.6017654187860305,High,refresh_review,"['observed_declining_trend', 'large_observed_decline', 'model_high_priority']"
487,content_7f89928335ae,0.6014425731961083,High,refresh_review,"['observed_declining_trend', 'large_observed_decline', 'model_high_priority']"
488,content_c79bfcc07824,0.6014363187953723,High,refresh_review,"['observed_declining_trend', 'large_observed_decline', 'model_high_priority']"
489,content_875e75577eee,0.6013697869135729,High,refresh_review,"['observed_declining_trend', 'large_observed_decline', 'model_high_priority']"
490,content_7f305454dcb7,0.6013501648488505,High,refresh_review,"['observed_declining_trend', 'large_observed_decline', 'model_high_priority']"
491,content_b7fa2d76e5ae,0.6013180605407639,High,refresh_review,['model_high_priority']
492,content_2511d3d4a6f9,0.6012885395113929,High,refresh_review,['model_high_priority']
493,content_2a422938bbe1,0.6009954482779415,High,refresh_review,"['observed_declining_trend', 'large_observed_decline', 'model_high_priority']"
494,content_adbb688a2223,0.6005931130708001,High,refresh_review,['model_high_priority']
495,content_4cace18c1bfd,0.6004841500281578,High,refresh_review,"['observed_declining_trend', 'large_observed_decline', 'model_high_priority']"
496,content_0281fdd35705,0.6003949502927177,High,refresh_review,"['observed_declining_trend', 'large_observed_decline', 'model_high_priority']"
497,content_da1c25c60d66,0.6003041266001514,High,refresh_review,['model_high_priority']
498,content_94ff4ec6b6b5,0.600070014772296,High,refresh_review,"['observed_declining_trend', 'large_observed_decline', 'model_high_priority']"
499,content_e38b7fe0f8a5,0.6000022727701585,High,refresh_review,['model_high_priority']
500,content_e95b2b9494b9,0.5999507494187353,High,refresh_review,"['observed_declining_trend', 'large_observed_decline', 'model_high_priority']"
501,content_ba44142db5a8,0.5996572171225473,High,refresh_review,['model_high_priority']
502,content_f1303b831387,0.5996484852886136,High,refresh_review,['model_high_priority']
503,content_a20142196d17,0.5991254068222522,High,refresh_review,['model_high_priority']
504,content_403c76bb83b4,0.5987780941806107,High,refresh_review,"['observed_declining_trend', 'large_observed_decline', 'model_high_priority']"
505,content_afbd7d387b64,0.5978845638724398,High,refresh_review,"['observed_declining_trend', 'large_observed_decline', 'model_high_priority']"
506,content_beaff0b75e20,0.5978199850799599,High,refresh_review,"['observed_declining_trend', 'large_observed_decline', 'model_high_priority']"
507,content_d2af61ee2a92,0.5977628292027589,High,refresh_review,"['observed_declining_trend', 'large_observed_decline', 'model_high_priority']"
508,content_05faa240bcc1,0.5977301719128839,High,refresh_review,"['observed_declining_trend', 'large_observed_decline', 'model_high_priority']"
509,content_8eaadfa0d6c8,0.5976918129544755,High,refresh_review,['model_high_priority']
510,content_84f914748acc,0.5974612551198977,High,refresh_review,"['observed_declining_trend', 'large_observed_decline', 'model_high_priority']"
511,content_4a0cb29a4fdb,0.5972373508499689,High,refresh_review,"['observed_declining_trend', 'large_observed_decline', 'model_high_priority']"
512,content_78f2e42abf96,0.597115115511527,High,refresh_review,"['observed_declining_trend', 'large_observed_decline', 'model_high_priority']"
513,content_53285c7434ac,0.5967582399134537,High,refresh_review,"['observed_declining_trend', 'large_observed_decline', 'model_high_priority']"
514,content_829c68e60d13,0.5966432098452847,High,refresh_review,"['observed_declining_trend', 'large_observed_decline', 'model_high_priority']"
515,content_6bb4133ea8b7,0.5964540618497766,High,refresh_review,"['observed_declining_trend', 'large_observed_decline', 'model_high_priority']"
516,content_c0272c14b2fd,0.5963288101635,High,refresh_review,"['observed_declining_trend', 'large_observed_decline', 'model_high_priority']"
517,content_d423fedf21f0,0.596082478797067,High,refresh_review,"['observed_declining_trend', 'large_observed_decline', 'model_high_priority']"
518,content_92944be62613,0.5956285780653249,High,refresh_review,"['observed_declining_trend', 'large_observed_decline', 'model_high_priority']"
519,content_46daac72bec3,0.595477674563333,High,refresh_review,['model_high_priority']
520,content_c31c3add99f4,0.5949906283395111,High,refresh_review,"['observed_declining_trend', 'large_observed_decline', 'model_high_priority']"
521,content_ec6b283c553e,0.5949589947592221,High,refresh_review,"['observed_declining_trend', 'large_observed_decline', 'model_high_priority']"
522,content_c1236dadfa71,0.5949287825484679,High,refresh_review,"['observed_declining_trend', 'large_observed_decline', 'model_high_priority']"
523,content_31e9e68e79fd,0.5948768120437673,High,refresh_review,['model_high_priority']
524,content_df1a21acd69c,0.5947987072429874,High,refresh_review,['model_high_priority']
525,content_178b0367d8f4,0.5940440153750337,High,refresh_review,"['observed_declining_trend', 'large_observed_decline', 'model_high_priority']"
526,content_e9225d7f8f18,0.5940118758006064,High,refresh_review,"['observed_declining_trend', 'large_observed_decline', 'model_high_priority']"
527,content_f1fdcd6732e2,0.5939034253497802,High,refresh_review,"['observed_declining_trend', 'large_observed_decline', 'model_high_priority']"
528,content_f799608fac33,0.5938769145967387,High,refresh_review,"['observed_declining_trend', 'large_observed_decline', 'model_high_priority']"
529,content_3aa51c5df66b,0.5937908775771611,High,refresh_review,"['observed_declining_trend', 'large_observed_decline', 'model_high_priority']"
530,content_cbe05c25a612,0.5937597906159808,High,refresh_review,['model_high_priority']
531,content_7d1a2e2fe626,0.5935027286327806,High,refresh_review,['model_high_priority']
532,content_9bbf99b4dc21,0.59348306667333,High,refresh_review,"['observed_declining_trend', 'large_observed_decline', 'model_high_priority']"
533,content_a9826bd63b56,0.5933463970320809,High,refresh_review,"['observed_declining_trend', 'large_observed_decline', 'model_high_priority']"
534,content_72e938efb7ec,0.593313470459864,High,refresh_review,['model_high_priority']
535,content_875615513a2c,0.5931834047698691,High,refresh_review,"['observed_declining_trend', 'large_observed_decline', 'model_high_priority']"
536,content_566a83993169,0.592941843175849,High,refresh_review,['model_high_priority']
537,content_a178dec7e550,0.5927070847824256,High,refresh_review,['model_high_priority']
538,content_6daf2739da2c,0.5922764758819581,High,refresh_review,"['observed_declining_trend', 'large_observed_decline', 'model_high_priority']"
539,content_987cec01883e,0.5921572228315329,High,refresh_review,['model_high_priority']
540,content_c18521c05222,0.5920328697402578,High,refresh_review,['model_high_priority']
541,content_90e10153a72a,0.5918349169332496,High,refresh_review,['model_high_priority']
542,content_73eaf5c97fef,0.5917567477925219,High,refresh_review,"['observed_declining_trend', 'large_observed_decline', 'model_high_priority']"
543,content_c5a22862db5f,0.5914499540355564,High,refresh_review,"['observed_declining_trend', 'large_observed_decline', 'model_high_priority']"
544,content_2fca178eb6f6,0.5913489394096675,High,refresh_review,['model_high_priority']
545,content_cebd12c46707,0.5906479229074268,High,refresh_review,"['observed_declining_trend', 'large_observed_decline', 'model_high_priority']"
546,content_b33cdb38231c,0.5906422739796481,High,refresh_review,"['observed_declining_trend', 'large_observed_decline', 'model_high_priority']"
547,content_85c64634e986,0.5903533925678331,High,refresh_review,"['observed_declining_trend', 'large_observed_decline', 'model_high_priority']"
548,content_440a8174f928,0.5902159293447148,High,refresh_review,"['observed_declining_trend', 'large_observed_decline', 'model_high_priority']"
549,content_753b8b5e0b81,0.5896714639884544,High,refresh_review,['model_high_priority']
550,content_a4df4a987bec,0.5896337684253325,High,refresh_review,"['observed_declining_trend', 'large_observed_decline', 'model_high_priority']"
551,content_24b028626e04,0.5895969906917518,High,refresh_review,"['observed_declining_trend', 'large_observed_decline', 'model_high_priority']"
552,content_a0e0cffaef37,0.5894264753427011,High,refresh_review,"['observed_declining_trend', 'large_observed_decline', 'model_high_priority']"
553,content_bb0f228c36d2,0.5893797796399562,High,refresh_review,"['observed_declining_trend', 'large_observed_decline', 'model_high_priority']"
554,content_dedca16a6aa5,0.5892012760854372,High,refresh_review,"['observed_declining_trend', 'large_observed_decline', 'model_high_priority']"
555,content_b08562686d22,0.5891320353375882,High,refresh_review,"['observed_declining_trend', 'large_observed_decline', 'model_high_priority']"
556,content_97fb04e5dda6,0.58842447637378,High,refresh_review,['model_high_priority']
557,content_90d5f9ecb7a9,0.5884103182711283,High,refresh_review,['model_high_priority']
558,content_445693fe3d02,0.5881662250935377,High,refresh_review,"['observed_declining_trend', 'large_observed_decline', 'model_high_priority']"
559,content_4986c5f9b385,0.5881466152135678,High,refresh_review,"['observed_declining_trend', 'large_observed_decline', 'model_high_priority']"
560,content_843f4dd5213f,0.5880506104605997,High,refresh_review,"['observed_declining_trend', 'large_observed_decline', 'model_high_priority']"
561,content_7171b15dd9f9,0.5876648985913197,High,refresh_review,"['observed_declining_trend', 'large_observed_decline', 'model_high_priority']"
562,content_f05beee7738a,0.5876522702749586,High,refresh_review,"['observed_declining_trend', 'large_observed_decline', 'model_high_priority']"
563,content_10c8915d426e,0.5874356717963715,High,refresh_review,['model_high_priority']
564,content_26127eb687b1,0.5874090628198443,High,refresh_review,"['observed_declining_trend', 'large_observed_decline', 'model_high_priority']"
565,content_41538bdb1b1e,0.5871922100753175,High,refresh_review,"['observed_declining_trend', 'large_observed_decline', 'model_high_priority']"
566,content_745198d8c5fa,0.5871129196301785,High,refresh_review,"['observed_declining_trend', 'large_observed_decline', 'model_high_priority']"
567,content_b054abd6b94e,0.5868398134440004,High,refresh_review,"['observed_declining_trend', 'large_observed_decline', 'model_high_priority']"
568,content_451118cef0ac,0.5865915554986402,High,refresh_review,"['observed_declining_trend', 'large_observed_decline', 'model_high_priority']"
569,content_bd09429b5300,0.5864909586037251,High,refresh_review,"['observed_declining_trend', 'large_observed_decline', 'model_high_priority']"
570,content_1b2599d94e29,0.5863758116919001,High,refresh_review,['model_high_priority']
571,content_426e2f454940,0.5862064483057786,High,refresh_review,"['observed_declining_trend', 'large_observed_decline', 'model_high_priority']"
572,content_777a4dd39fd3,0.5861905738445617,High,refresh_review,['model_high_priority']
573,content_e12604d74081,0.5859249169946495,High,refresh_review,"['observed_declining_trend', 'large_observed_decline', 'model_high_priority']"
574,content_57a3f0ed6641,0.5857447594773253,High,refresh_review,"['observed_declining_trend', 'large_observed_decline', 'model_high_priority']"
575,content_956c84e51f49,0.5856484594052629,High,refresh_review,['model_high_priority']
576,content_e0f8002cd9c8,0.58562838267054,High,refresh_review,"['observed_declining_trend', 'large_observed_decline', 'model_high_priority']"
577,content_5eb662584155,0.5856257771496768,High,refresh_review,"['observed_declining_trend', 'large_observed_decline', 'model_high_priority']"
578,content_f104e59fa27b,0.5854887833923031,High,refresh_review,"['observed_declining_trend', 'large_observed_decline', 'model_high_priority']"
579,content_259a0c7bd5bd,0.585425571452234,High,refresh_review,['model_high_priority']
580,content_3d5da43ba340,0.5852474791314112,High,refresh_review,"['observed_declining_trend', 'large_observed_decline', 'model_high_priority']"
581,content_3e460b87cff0,0.5852154949845425,High,refresh_review,"['observed_declining_trend', 'large_observed_decline', 'model_high_priority']"
582,content_46d1d96a365d,0.5851343652083041,High,refresh_review,"['observed_declining_trend', 'large_observed_decline', 'model_high_priority']"
583,content_2b902ae8c3a1,0.585042599851663,High,refresh_review,['model_high_priority']
584,content_875936a9d73e,0.5848825382537802,High,refresh_review,['model_high_priority']
585,content_d239687e2c85,0.5846426057609801,High,refresh_review,"['observed_declining_trend', 'large_observed_decline', 'model_high_priority']"
586,content_e6b24e3d2e0c,0.5846372164925769,High,refresh_review,['model_high_priority']
587,content_b60fd33115df,0.584220570745932,High,refresh_review,['model_high_priority']
588,content_fb866148d629,0.5842028301399784,High,refresh_review,"['observed_declining_trend', 'large_observed_decline', 'model_high_priority']"
589,content_300c70929b3f,0.5841603093532747,High,refresh_review,"['observed_declining_trend', 'large_observed_decline', 'model_high_priority']"
590,content_50cd61b8e18d,0.5840919109618751,High,refresh_review,['model_high_priority']
591,content_27c2ca193308,0.5838922275867532,High,refresh_review,"['observed_declining_trend', 'large_observed_decline', 'model_high_priority']"
592,content_41b771c5fc0c,0.583855344100312,High,refresh_review,"['observed_declining_trend', 'large_observed_decline', 'model_high_priority']"
593,content_0bdbd4bdafd6,0.5838322021329071,High,refresh_review,"['observed_declining_trend', 'large_observed_decline', 'model_high_priority']"
594,content_8af12b14fe26,0.583700883987168,High,refresh_review,"['observed_declining_trend', 'large_observed_decline', 'model_high_priority']"
595,content_1338cdc6dd34,0.5834898872263432,High,refresh_review,"['observed_declining_trend', 'large_observed_decline', 'model_high_priority']"
596,content_270b12878a60,0.5829172153253828,High,refresh_review,['model_high_priority']
597,content_d70f12056122,0.5827915152152122,High,refresh_review,"['observed_declining_trend', 'large_observed_decline', 'model_high_priority']"
598,content_72d42cc22e2c,0.5826152637362755,High,refresh_review,"['observed_declining_trend', 'large_observed_decline', 'model_high_priority']"
599,content_24c504b57001,0.5823828133170802,High,refresh_review,"['observed_declining_trend', 'large_observed_decline', 'model_high_priority']"
600,content_8881aba1e852,0.582376991835627,High,refresh_review,"['observed_declining_trend', 'large_observed_decline', 'model_high_priority']"
601,content_bce275871a25,0.5822456142254876,High,refresh_review,['model_high_priority']
602,content_e1b2e152e7fc,0.5817631645048548,High,refresh_review,['model_high_priority']
603,content_9dfd7c62ed5c,0.5816843091940591,High,refresh_review,"['observed_declining_trend', 'large_observed_decline', 'model_high_priority']"
604,content_8f523a52fa57,0.5814194137023757,High,refresh_review,['model_high_priority']
605,content_aa29f3c406eb,0.581330060678982,High,refresh_review,"['observed_declining_trend', 'large_observed_decline', 'model_high_priority']"
606,content_2845ae788c61,0.5813174246919991,High,refresh_review,['model_high_priority']
607,content_9c5cac171e63,0.5808922761066819,High,refresh_review,"['observed_declining_trend', 'large_observed_decline', 'model_high_priority']"
608,content_c0055c33c130,0.5807411422238341,High,refresh_review,"['observed_declining_trend', 'large_observed_decline', 'model_high_priority']"
609,content_36af8e7cf843,0.5804393526134475,High,refresh_review,"['observed_declining_trend', 'large_observed_decline', 'model_high_priority']"
610,content_81f571b6f52e,0.5803763528917578,High,refresh_review,"['observed_declining_trend', 'large_observed_decline', 'model_high_priority']"
611,content_8c37a11fbbc3,0.579985513184366,High,refresh_review,"['observed_declining_trend', 'large_observed_decline', 'model_high_priority']"
612,content_68784a872d47,0.579967684110603,High,refresh_review,['model_high_priority']
613,content_fa81397b5422,0.5797120698433509,High,refresh_review,['model_high_priority']
614,content_c4a6fa4ffe22,0.579454063842133,High,refresh_review,"['observed_declining_trend', 'large_observed_decline', 'model_high_priority']"
615,content_ebc1218e6383,0.5794515182879099,High,refresh_review,"['observed_declining_trend', 'large_observed_decline', 'model_high_priority']"
616,content_29f12ac3ad53,0.5794062495252968,High,refresh_review,"['observed_declining_trend', 'large_observed_decline', 'model_high_priority']"
617,content_f04368f05d48,0.5794019272068152,High,refresh_review,"['observed_declining_trend', 'large_observed_decline', 'model_high_priority']"
618,content_260e6ad0e62b,0.579394529538104,High,refresh_review,"['observed_declining_trend', 'large_observed_decline', 'model_high_priority']"
619,content_6aa31bd1dc5e,0.5788570304186087,High,refresh_review,"['observed_declining_trend', 'large_observed_decline', 'model_high_priority']"
620,content_de5087a874a9,0.5785062157847058,High,refresh_review,"['observed_declining_trend', 'large_observed_decline', 'model_high_priority']"
621,content_4d2355fcaed0,0.5783024985219648,High,refresh_review,"['observed_declining_trend', 'large_observed_decline', 'model_high_priority']"
622,content_8a12b4649424,0.5782764564402768,High,refresh_review,"['observed_declining_trend', 'large_observed_decline', 'model_high_priority']"
623,content_d84a04fb1ebf,0.5781928744353708,High,refresh_review,"['observed_declining_trend', 'large_observed_decline', 'model_high_priority']"
624,content_fb9c5a3a9427,0.5780725267438608,High,refresh_review,"['observed_declining_trend', 'large_observed_decline', 'model_high_priority']"
625,content_2e71ee6eebc0,0.5773567872547375,High,refresh_review,"['observed_declining_trend', 'large_observed_decline', 'model_high_priority']"
626,content_4f605060a428,0.5769259112767631,High,refresh_review,"['observed_declining_trend', 'large_observed_decline', 'model_high_priority']"
627,content_20d5286b9afa,0.5765837692329001,High,refresh_review,"['observed_declining_trend', 'large_observed_decline', 'model_high_priority']"
628,content_f94c2a0e9706,0.5761752387133003,High,refresh_review,['model_high_priority']
629,content_ee2d5b08d99c,0.5759165276912727,High,refresh_review,"['observed_declining_trend', 'large_observed_decline', 'model_high_priority']"
630,content_f9673e9241fd,0.5757412680532645,High,refresh_review,"['observed_declining_trend', 'large_observed_decline', 'model_high_priority']"
631,content_79c84727d50d,0.5756298545506631,High,refresh_review,['model_high_priority']
632,content_c4b138c22942,0.5755363711186793,High,refresh_review,"['observed_declining_trend', 'large_observed_decline', 'model_high_priority']"
633,content_6862d38c9b58,0.5753152879983616,High,refresh_review,['model_high_priority']
634,content_bcdc38cb4fc0,0.5752975691745066,High,refresh_review,['model_high_priority']
635,content_fb5d45e07ce9,0.5750928958261636,High,refresh_review,"['observed_declining_trend', 'large_observed_decline', 'model_high_priority']"
636,content_68742c70d0fa,0.57478558126829,High,refresh_review,['model_high_priority']
637,content_5283511a58e4,0.5742870098521816,High,refresh_review,"['observed_declining_trend', 'large_observed_decline', 'model_high_priority']"
638,content_6ca98221ccd9,0.5742374787712602,High,refresh_review,['model_high_priority']
639,content_bc626e22516b,0.5741832018477108,High,refresh_review,['model_high_priority']
640,content_2c2e7ab15ae6,0.5741573090828954,High,refresh_review,"['observed_declining_trend', 'large_observed_decline', 'model_high_priority']"
641,content_99f7f3940ed4,0.5740190650513536,High,refresh_review,"['observed_declining_trend', 'large_observed_decline', 'model_high_priority']"
642,content_e3661ab45857,0.5738429738675482,High,refresh_review,"['observed_declining_trend', 'large_observed_decline', 'model_high_priority']"
643,content_6a9cd9678ddf,0.5736803618530615,High,refresh_review,"['observed_declining_trend', 'large_observed_decline', 'model_high_priority']"
644,content_105301075b9a,0.5735605800606842,High,refresh_review,['model_high_priority']
645,content_954b881ec7a5,0.5732966554341424,High,refresh_review,['model_high_priority']
646,content_102d1a1e54a6,0.5731142565309372,High,refresh_review,"['observed_declining_trend', 'large_observed_decline', 'model_high_priority']"
647,content_34ac718715e7,0.5730023435788146,High,refresh_review,"['observed_declining_trend', 'large_observed_decline', 'model_high_priority']"
648,content_d80db987509f,0.5729377752172794,High,refresh_review,"['observed_declining_trend', 'large_observed_decline', 'model_high_priority']"
649,content_6d413f45ce9c,0.5729146792253789,High,refresh_review,['model_high_priority']
650,content_87cbed1ec54a,0.5726678580432227,High,refresh_review,"['observed_declining_trend', 'large_observed_decline', 'model_high_priority']"
651,content_251661eb804d,0.572621227610552,High,refresh_review,"['observed_declining_trend', 'large_observed_decline', 'model_high_priority']"
652,content_e5705e13fa26,0.572379332711755,High,refresh_review,"['observed_declining_trend', 'large_observed_decline', 'model_high_priority']"
653,content_aea31198122f,0.5721004356621842,High,refresh_review,['model_high_priority']
654,content_6da95ceaa9bb,0.5720982990741358,High,refresh_review,"['observed_declining_trend', 'large_observed_decline', 'model_high_priority']"
655,content_a864a66b79e8,0.5720972848119313,High,refresh_review,['model_high_priority']
656,content_8dd279f26d0c,0.5720341729413916,High,refresh_review,['model_high_priority']
657,content_5d926837293e,0.5717459904691211,High,refresh_review,"['observed_declining_trend', 'large_observed_decline', 'model_high_priority']"
658,content_fef9ef17d5a8,0.5714321270269465,High,refresh_review,"['observed_declining_trend', 'large_observed_decline', 'model_high_priority']"
659,content_c270dce26600,0.5712053141554939,High,refresh_review,"['observed_declining_trend', 'large_observed_decline', 'model_high_priority']"
660,content_7476a5fabd21,0.5711858628430729,High,refresh_review,"['observed_declining_trend', 'large_observed_decline', 'model_high_priority']"
661,content_5fd6ce0b4236,0.5711272554521354,High,refresh_review,"['observed_declining_trend', 'large_observed_decline', 'model_high_priority']"
662,content_542e2f789f23,0.5710849187667567,High,refresh_review,"['observed_declining_trend', 'large_observed_decline', 'model_high_priority']"
663,content_fbe29bbd5001,0.5710536099075698,High,refresh_review,['model_high_priority']
664,content_a9a777f92572,0.5710390247099236,High,refresh_review,['model_high_priority']
665,content_e7af0b1db174,0.5708222047502848,High,refresh_review,['model_high_priority']
666,content_78b6f55b4f70,0.5707132538199075,High,refresh_review,"['observed_declining_trend', 'large_observed_decline', 'model_high_priority']"
667,content_84eb19a79c66,0.5706942643104561,High,refresh_review,"['observed_declining_trend', 'large_observed_decline', 'model_high_priority']"
668,content_d23ae29575ef,0.57062807970008,High,refresh_review,"['observed_declining_trend', 'large_observed_decline', 'model_high_priority']"
669,content_9ee9dadbd5d7,0.570526234929232,High,refresh_review,['model_high_priority']
670,content_20ba5f5c60f7,0.5704091957435583,High,refresh_review,['model_high_priority']
671,content_662e4aaa9e63,0.569699606114809,High,refresh_review,"['observed_declining_trend', 'large_observed_decline', 'model_high_priority']"
672,content_d86be00d801c,0.5696044159857704,High,refresh_review,['model_high_priority']
673,content_b97c5ddb8a21,0.5695903365465921,High,refresh_review,"['observed_declining_trend', 'large_observed_decline', 'model_high_priority']"
674,content_e6be4a754962,0.5694583831064522,High,refresh_review,"['observed_declining_trend', 'large_observed_decline', 'model_high_priority']"
675,content_37bb865c7f2f,0.5693354296967355,High,refresh_review,"['observed_declining_trend', 'large_observed_decline', 'model_high_priority']"
676,content_02dcfc8cd821,0.5692853420164934,High,refresh_review,"['observed_declining_trend', 'large_observed_decline', 'model_high_priority']"
677,content_f927deecb98b,0.569205529352348,High,refresh_review,['model_high_priority']
678,content_8e504993ed57,0.5691786924556338,High,refresh_review,"['observed_declining_trend', 'large_observed_decline', 'model_high_priority']"
679,content_eb299374f25e,0.5690064986275328,High,refresh_review,"['observed_declining_trend', 'large_observed_decline', 'model_high_priority']"
680,content_760586482668,0.5689684473444694,High,refresh_review,"['observed_declining_trend', 'large_observed_decline', 'model_high_priority']"
681,content_c00a56f387ba,0.5688871340733334,High,refresh_review,"['observed_declining_trend', 'large_observed_decline', 'model_high_priority']"
682,content_b9ed6b3964b5,0.5687977164101358,High,refresh_review,['model_high_priority']
683,content_d96b7987b7c0,0.5685582387539333,High,refresh_review,"['observed_declining_trend', 'large_observed_decline', 'model_high_priority']"
684,content_e6708d168e20,0.5685572895965539,High,refresh_review,"['observed_declining_trend', 'large_observed_decline', 'model_high_priority']"
685,content_4fdcfe417b36,0.5682763701212032,High,refresh_review,"['observed_declining_trend', 'large_observed_decline', 'model_high_priority']"
686,content_f14c84eb5c5e,0.5682403601751915,High,refresh_review,"['observed_declining_trend', 'large_observed_decline', 'model_high_priority']"
687,content_c3ddd2a3a284,0.5681052683092407,High,refresh_review,['model_high_priority']
688,content_3bceba725206,0.5679586014262722,High,refresh_review,['model_high_priority']
689,content_0996869c2c54,0.5676173778472627,High,refresh_review,"['observed_declining_trend', 'large_observed_decline', 'model_high_priority']"
690,content_fd3592295ab3,0.5676118539753635,High,refresh_review,['model_high_priority']
691,content_39b1e305e92b,0.5675315579541967,High,refresh_review,['model_high_priority']
692,content_42452f42c008,0.5675311321478709,High,refresh_review,"['observed_declining_trend', 'large_observed_decline', 'model_high_priority']"
693,content_ee3cfc4bb633,0.5673718578529062,High,refresh_review,"['observed_declining_trend', 'large_observed_decline', 'model_high_priority']"
694,content_9a2747af2adb,0.5673441993240128,High,refresh_review,['model_high_priority']
695,content_e26d24aad104,0.5671453727591809,High,refresh_review,"['observed_declining_trend', 'large_observed_decline', 'model_high_priority']"
696,content_d937c87e41e7,0.5669360911882092,High,refresh_review,['model_high_priority']
697,content_793b7376a0e5,0.5665138560886938,High,refresh_review,"['observed_declining_trend', 'large_observed_decline', 'model_high_priority']"
698,content_f91f3b36edee,0.5664994436514006,High,refresh_review,['model_high_priority']
699,content_142a53c529dc,0.5664938147903676,High,refresh_review,"['observed_declining_trend', 'large_observed_decline', 'model_high_priority']"
700,content_1f3f98790021,0.5664898388375996,High,refresh_review,['model_high_priority']
701,content_8b1bb60cf9a5,0.5663944260199837,High,refresh_review,"['observed_declining_trend', 'large_observed_decline', 'model_high_priority']"
702,content_24aafbba8fd5,0.5662581490925825,High,refresh_review,"['observed_declining_trend', 'large_observed_decline', 'model_high_priority']"
703,content_4bc9157109f4,0.5661063240436184,High,refresh_review,['model_high_priority']
704,content_89b746cd8933,0.5660205244506258,High,refresh_review,"['observed_declining_trend', 'large_observed_decline', 'model_high_priority']"
705,content_287466584c52,0.5658056897333664,High,refresh_review,"['observed_declining_trend', 'large_observed_decline', 'model_high_priority']"
706,content_96dba8ca02c1,0.5657449570755304,High,refresh_review,"['observed_declining_trend', 'large_observed_decline', 'model_high_priority']"
707,content_bf69fff510ad,0.5656314536008195,High,refresh_review,['model_high_priority']
708,content_bc09827ad055,0.5655791487432961,High,refresh_review,"['observed_declining_trend', 'large_observed_decline', 'model_high_priority']"
709,content_58f7da7d57fa,0.5652013918496729,High,refresh_review,"['observed_declining_trend', 'large_observed_decline', 'model_high_priority']"
710,content_b3a1d8ac4964,0.5649405319868087,High,refresh_review,"['observed_declining_trend', 'large_observed_decline', 'model_high_priority']"
711,content_a0744f34c5d8,0.5648170302307045,High,refresh_review,"['observed_declining_trend', 'large_observed_decline', 'model_high_priority']"
712,content_d73c27ee5e68,0.564656299238173,High,refresh_review,['model_high_priority']
713,content_a9ca62a8a9eb,0.5645068327877344,High,refresh_review,"['observed_declining_trend', 'large_observed_decline', 'model_high_priority']"
714,content_f7875bf9d834,0.5644987333906638,High,refresh_review,"['observed_declining_trend', 'large_observed_decline', 'model_high_priority']"
715,content_2332fa52beae,0.5644685652089743,High,refresh_review,"['observed_declining_trend', 'large_observed_decline', 'model_high_priority']"
716,content_88dbd5690758,0.5644231116535184,High,refresh_review,"['observed_declining_trend', 'large_observed_decline', 'model_high_priority']"
717,content_78b1c955565a,0.5641741160044228,High,refresh_review,"['observed_declining_trend', 'large_observed_decline', 'model_high_priority']"
718,content_a68032fd9bf5,0.5641302906437519,High,refresh_review,"['observed_declining_trend', 'large_observed_decline', 'model_high_priority']"
719,content_fefb4fa311f8,0.5639262653358769,High,refresh_review,"['observed_declining_trend', 'large_observed_decline', 'model_high_priority']"
720,content_8064be6aca7b,0.5638887539986807,High,refresh_review,"['observed_declining_trend', 'large_observed_decline', 'model_high_priority']"
721,content_6a933d70a7f6,0.563679632830707,High,refresh_review,"['observed_declining_trend', 'large_observed_decline', 'model_high_priority']"
722,content_12878065f88e,0.563628846656884,High,refresh_review,"['observed_declining_trend', 'large_observed_decline', 'model_high_priority']"
723,content_5dffb6753f7d,0.5636032423279365,High,refresh_review,"['observed_declining_trend', 'large_observed_decline', 'model_high_priority']"
724,content_76aa050d1556,0.5631012016031766,High,refresh_review,"['observed_declining_trend', 'large_observed_decline', 'model_high_priority']"
725,content_3bed5e7f1d0f,0.5630504747767977,High,refresh_review,"['observed_declining_trend', 'large_observed_decline', 'model_high_priority']"
726,content_fd290bdd9c91,0.562957213727554,High,refresh_review,['model_high_priority']
727,content_1725b2b2e126,0.5625507000191786,High,refresh_review,['model_high_priority']
728,content_65d2cecfb022,0.5624333441814974,High,refresh_review,"['observed_declining_trend', 'large_observed_decline', 'model_high_priority']"
729,content_e1f84315336e,0.5622639792087024,High,refresh_review,"['observed_declining_trend', 'large_observed_decline', 'model_high_priority']"
730,content_3751d616fe31,0.5618122566511505,High,refresh_review,"['observed_declining_trend', 'large_observed_decline', 'model_high_priority']"
731,content_e65dfd783f8d,0.5617200356150588,High,refresh_review,['model_high_priority']
732,content_e3de4ddde194,0.5616008075853666,High,refresh_review,['model_high_priority']
733,content_0d64fda4cab6,0.5611400607375222,High,refresh_review,['model_high_priority']
734,content_a8993d400016,0.5611001277116826,High,refresh_review,['model_high_priority']
735,content_38c564400f65,0.5609788145356442,High,refresh_review,"['observed_declining_trend', 'large_observed_decline', 'model_high_priority']"
736,content_c30c8488c0d1,0.5607201821143195,High,refresh_review,['model_high_priority']
737,content_dac6074ec8c1,0.560537197077629,High,refresh_review,"['observed_declining_trend', 'large_observed_decline', 'model_high_priority']"
738,content_751b59f45bdc,0.5605288746609325,High,refresh_review,"['observed_declining_trend', 'large_observed_decline', 'model_high_priority']"
739,content_6fafe30f1c8c,0.5604951115076489,High,refresh_review,"['observed_declining_trend', 'large_observed_decline', 'model_high_priority']"
740,content_0d469af9a59a,0.5600916083153721,High,refresh_review,"['observed_declining_trend', 'large_observed_decline', 'model_high_priority']"
741,content_6a5c64af1faa,0.5598590442695606,High,refresh_review,"['observed_declining_trend', 'large_observed_decline', 'model_high_priority']"
742,content_352186220c07,0.5597894358960641,High,refresh_review,"['observed_declining_trend', 'large_observed_decline', 'model_high_priority']"
743,content_6ee43d307ca9,0.5594073460098633,High,refresh_review,"['observed_declining_trend', 'large_observed_decline', 'model_high_priority']"
744,content_6bada6a81afb,0.5591247267414892,High,refresh_review,"['observed_declining_trend', 'large_observed_decline', 'model_high_priority']"
745,content_6dfc96ae463c,0.5590983086250867,High,refresh_review,"['observed_declining_trend', 'large_observed_decline', 'model_high_priority']"
746,content_bc3b1ade373b,0.5587527019459582,High,refresh_review,"['observed_declining_trend', 'large_observed_decline', 'model_high_priority']"
747,content_17ef23a45359,0.5583269458621776,High,refresh_review,"['observed_declining_trend', 'large_observed_decline', 'model_high_priority']"
748,content_184d181a6127,0.558281220538032,High,refresh_review,['model_high_priority']
749,content_41a872450dc5,0.5582795407106841,High,refresh_review,['model_high_priority']
750,content_0ea80678706d,0.5580495875790338,High,refresh_review,['model_high_priority']
751,content_31c056ce910d,0.5579415232942062,High,refresh_review,['model_high_priority']
752,content_3e95d15844b7,0.5578707051496159,High,refresh_review,"['observed_declining_trend', 'large_observed_decline', 'model_high_priority']"
753,content_abe942de6952,0.5578363452478065,High,refresh_review,"['observed_declining_trend', 'large_observed_decline', 'model_high_priority']"
754,content_b7ad90f97e21,0.5574428086901255,High,refresh_review,['model_high_priority']
755,content_72c5c2d73e5a,0.5571729144108217,High,refresh_review,['model_high_priority']
756,content_d1c9dabdb14b,0.5570421353455648,High,refresh_review,"['observed_declining_trend', 'large_observed_decline', 'model_high_priority']"
757,content_538fbe0b5c19,0.5568333949905231,High,refresh_review,"['observed_declining_trend', 'large_observed_decline', 'model_high_priority']"
758,content_f45787e64ac2,0.5567983918567726,High,refresh_review,['model_high_priority']
759,content_7422ecda04a6,0.556701185482086,High,refresh_review,['model_high_priority']
760,content_0797b2065787,0.5564926174439396,High,refresh_review,"['observed_declining_trend', 'large_observed_decline', 'model_high_priority']"
761,content_f91ec1c7af3d,0.5563994105920522,High,refresh_review,"['observed_declining_trend', 'large_observed_decline', 'model_high_priority']"
762,content_91938c472d20,0.5561136839174126,High,refresh_review,"['observed_declining_trend', 'large_observed_decline', 'model_high_priority']"
763,content_480c6aa4bf00,0.5560657691724413,High,refresh_review,"['observed_declining_trend', 'large_observed_decline', 'model_high_priority']"
764,content_98c954aa0d49,0.5560392840111672,High,refresh_review,['model_high_priority']
765,content_cfc68620808e,0.5558298699187151,High,refresh_review,"['observed_declining_trend', 'large_observed_decline', 'model_high_priority']"
766,content_ed831c57a3e8,0.5556489154664009,High,refresh_review,"['observed_declining_trend', 'large_observed_decline', 'model_high_priority']"
767,content_76c0dda8c65f,0.5555076777229242,High,refresh_review,['model_high_priority']
768,content_8528e47028ed,0.5554505253562361,High,refresh_review,['model_high_priority']
769,content_8059c0222f8d,0.5554052290923485,High,refresh_review,['model_high_priority']
770,content_f8b232498008,0.555131630672887,High,refresh_review,"['observed_declining_trend', 'large_observed_decline', 'model_high_priority']"
771,content_515f11d36816,0.5547582113036605,High,refresh_review,"['observed_declining_trend', 'large_observed_decline', 'model_high_priority']"
772,content_e7dc05ae7ea0,0.5547101260551248,High,refresh_review,"['observed_declining_trend', 'large_observed_decline', 'model_high_priority']"
773,content_65eed1d86876,0.5544351323307527,High,refresh_review,['model_high_priority']
774,content_67095eb7f5de,0.5542640803553163,High,refresh_review,"['observed_declining_trend', 'large_observed_decline', 'model_high_priority']"
775,content_5996be77a50e,0.5540736187492907,High,refresh_review,"['observed_declining_trend', 'large_observed_decline', 'model_high_priority']"
776,content_3538e71354dc,0.5537489138814579,High,refresh_review,['model_high_priority']
777,content_a2fcd01d1de8,0.5536913231852942,High,refresh_review,"['observed_declining_trend', 'large_observed_decline', 'model_high_priority']"
778,content_793c1449c556,0.5534218527083985,High,refresh_review,['model_high_priority']
779,content_3574a4e2ec88,0.5530883648612449,High,refresh_review,"['observed_declining_trend', 'large_observed_decline', 'model_high_priority']"
780,content_2b12869733c9,0.5530862593778912,High,refresh_review,"['observed_declining_trend', 'large_observed_decline', 'model_high_priority']"
781,content_a58930bfa3d3,0.5529247347340814,High,refresh_review,['model_high_priority']
782,content_705eaf24be22,0.5527089509062005,High,refresh_review,['model_high_priority']
783,content_ecef382bc4ff,0.5525881270147811,High,refresh_review,"['observed_declining_trend', 'large_observed_decline', 'model_high_priority']"
784,content_bf212b1edf1a,0.5525280712950892,High,refresh_review,"['observed_declining_trend', 'large_observed_decline', 'model_high_priority']"
785,content_438be6c5d53e,0.5524609040271234,High,refresh_review,"['observed_declining_trend', 'large_observed_decline', 'model_high_priority']"
786,content_a6a2cf0626ad,0.5519306842889736,High,refresh_review,"['observed_declining_trend', 'large_observed_decline', 'model_high_priority']"
787,content_847c0e9b2eb6,0.5515006702364195,High,refresh_review,"['observed_declining_trend', 'large_observed_decline', 'model_high_priority']"
788,content_dcebfd222b10,0.5514302416667328,High,refresh_review,['model_high_priority']
789,content_1fa3af7deff2,0.5504642065780607,High,refresh_review,"['observed_declining_trend', 'large_observed_decline', 'model_high_priority']"
790,content_2709d0b946d4,0.5503051216072137,High,refresh_review,['model_high_priority']
791,content_bbfde34e9284,0.5498171332578693,High,refresh_review,['model_high_priority']
792,content_e5bcdfaadccd,0.549632321159347,High,refresh_review,"['observed_declining_trend', 'large_observed_decline', 'model_high_priority']"
793,content_6c61a9a0c897,0.5495962873986302,High,refresh_review,"['large_observed_decline', 'model_high_priority']"
794,content_2bc3b7c8b3d9,0.5495007903433481,High,refresh_review,"['observed_declining_trend', 'large_observed_decline', 'model_high_priority']"
795,content_0422992eb963,0.5494495974796237,High,refresh_review,"['observed_declining_trend', 'large_observed_decline', 'model_high_priority']"
796,content_aec533ecc99f,0.5494069493668875,High,refresh_review,['model_high_priority']
797,content_d0c0549597ab,0.5492058931158798,High,refresh_review,"['observed_declining_trend', 'large_observed_decline', 'model_high_priority']"
798,content_84bc4706ba53,0.5490976679513561,High,refresh_review,"['observed_declining_trend', 'large_observed_decline', 'model_high_priority']"
799,content_9bf359248199,0.5490499897621867,High,refresh_review,"['observed_declining_trend', 'large_observed_decline', 'model_high_priority']"
800,content_5ed756f018b6,0.548990131614233,High,refresh_review,"['observed_declining_trend', 'large_observed_decline', 'model_high_priority']"
801,content_537f0ba225a5,0.5487589588902507,High,refresh_review,"['observed_declining_trend', 'large_observed_decline', 'model_high_priority']"
802,content_d872af5e4d49,0.548703176414743,High,refresh_review,"['observed_declining_trend', 'large_observed_decline', 'model_high_priority']"
803,content_3c95b60d73c0,0.5484695229253836,High,refresh_review,['model_high_priority']
804,content_47a93213b130,0.5481754112734185,High,refresh_review,"['observed_declining_trend', 'large_observed_decline', 'model_high_priority']"
805,content_6cc7bf7f6721,0.5480035264488188,High,refresh_review,"['observed_declining_trend', 'large_observed_decline', 'model_high_priority']"
806,content_2b0cee6eec3e,0.5479648196714563,High,refresh_review,"['observed_declining_trend', 'large_observed_decline', 'model_high_priority']"
807,content_f6bf66378677,0.5479637646518365,High,refresh_review,"['observed_declining_trend', 'large_observed_decline', 'model_high_priority']"
808,content_c7bfb3fb5e53,0.5479635690800981,High,refresh_review,"['observed_declining_trend', 'large_observed_decline', 'model_high_priority']"
809,content_8ebd59b1bdd6,0.5479268957891109,High,refresh_review,"['observed_declining_trend', 'large_observed_decline', 'model_high_priority']"
810,content_5a288ec6e8c2,0.5477990981669885,High,refresh_review,"['observed_declining_trend', 'large_observed_decline', 'model_high_priority']"
811,content_9a814077e7b7,0.5476200355923566,High,refresh_review,"['observed_declining_trend', 'large_observed_decline', 'model_high_priority']"
812,content_b8a7d1626856,0.5474346432866148,High,refresh_review,"['observed_declining_trend', 'large_observed_decline', 'model_high_priority']"
813,content_9501202d135f,0.5472090587097526,High,refresh_review,['model_high_priority']
814,content_b02bb8123605,0.5471164051312696,High,refresh_review,"['observed_declining_trend', 'large_observed_decline', 'model_high_priority']"
815,content_d10f9ce1e0cd,0.5470089334192196,High,refresh_review,['model_high_priority']
816,content_10a54e15750b,0.5468911273379282,High,refresh_review,"['observed_declining_trend', 'large_observed_decline', 'model_high_priority']"
817,content_164f5bc59472,0.5468442055024318,High,refresh_review,['model_high_priority']
818,content_204b729683f6,0.5466736663780802,High,refresh_review,['model_high_priority']
819,content_527d09d905c6,0.5463992750164505,High,refresh_review,['model_high_priority']
820,content_9bdcd789c811,0.546385317517684,High,refresh_review,"['observed_declining_trend', 'large_observed_decline', 'model_high_priority']"
821,content_b9cad3fb2eb1,0.5461767453351751,High,refresh_review,['model_high_priority']
822,content_1485c93358b3,0.5459544170814448,High,refresh_review,"['observed_declining_trend', 'large_observed_decline', 'model_high_priority']"
823,content_0103f50ac92e,0.5459344005876474,High,refresh_review,"['observed_declining_trend', 'large_observed_decline', 'model_high_priority']"
824,content_5f2ad4dd4806,0.5457633133453292,High,refresh_review,['model_high_priority']
825,content_ac490f7df9fb,0.5456541335045629,High,refresh_review,"['observed_declining_trend', 'large_observed_decline', 'model_high_priority']"
826,content_966912f7c190,0.5455463721579933,High,refresh_review,"['observed_declining_trend', 'large_observed_decline', 'model_high_priority']"
827,content_23b6f939d30b,0.5454823333308845,High,refresh_review,['model_high_priority']
828,content_2958879823a8,0.5453212164919667,High,refresh_review,"['observed_declining_trend', 'large_observed_decline', 'model_high_priority']"
829,content_f1923a73b444,0.5452662397838706,High,refresh_review,"['observed_declining_trend', 'large_observed_decline', 'model_high_priority']"
830,content_3f70f3b5b744,0.545248766985459,High,refresh_review,"['observed_declining_trend', 'large_observed_decline', 'model_high_priority']"
831,content_f0fe0faf8d39,0.5451729421181178,High,refresh_review,"['observed_declining_trend', 'large_observed_decline', 'model_high_priority']"
832,content_eda627386bb8,0.5449181046187536,High,refresh_review,"['observed_declining_trend', 'large_observed_decline', 'model_high_priority']"
833,content_722d8cd002d3,0.5448727794275576,High,refresh_review,['model_high_priority']
834,content_589eb131fcb7,0.5448288962501163,High,refresh_review,['model_high_priority']
835,content_9ef5d2b775b8,0.5447487576683161,High,refresh_review,['model_high_priority']
836,content_85925d6c92b8,0.5446859676402597,High,refresh_review,"['observed_declining_trend', 'large_observed_decline', 'model_high_priority']"
837,content_ce619d00628d,0.5445338075403588,High,refresh_review,"['observed_declining_trend', 'large_observed_decline', 'model_high_priority']"
838,content_c4c8842a0986,0.5444127429086467,High,refresh_review,['model_high_priority']
839,content_3b8aad044ee2,0.5443444567627117,High,refresh_review,['model_high_priority']
840,content_2bff67d1e32c,0.5440078552088206,High,refresh_review,"['observed_declining_trend', 'large_observed_decline', 'model_high_priority']"
841,content_1a6cb171bbc4,0.5437654054049363,High,refresh_review,"['observed_declining_trend', 'large_observed_decline', 'model_high_priority']"
842,content_7e7f437c608b,0.5437016151367492,High,refresh_review,['model_high_priority']
843,content_3fb46bec4413,0.543442589542791,High,refresh_review,"['observed_declining_trend', 'large_observed_decline', 'model_high_priority']"
844,content_3a4099af9765,0.5433403285908317,High,refresh_review,"['observed_declining_trend', 'large_observed_decline', 'model_high_priority']"
845,content_be26cd27c4fd,0.5433153330811651,High,refresh_review,"['observed_declining_trend', 'large_observed_decline', 'model_high_priority']"
846,content_a0e5608803b6,0.543235814660496,High,refresh_review,"['observed_declining_trend', 'large_observed_decline', 'model_high_priority']"
847,content_0d634dfc7731,0.5432203901115956,High,refresh_review,['model_high_priority']
848,content_e2cee4291bee,0.5430101871925206,High,refresh_review,"['observed_declining_trend', 'large_observed_decline', 'model_high_priority']"
849,content_6fb7e84bfcbb,0.5429621496605038,High,refresh_review,['model_high_priority']
850,content_cd050ee10f95,0.5427421929767077,High,refresh_review,"['observed_declining_trend', 'large_observed_decline', 'model_high_priority']"
851,content_d2bec770d875,0.5426133168307242,High,refresh_review,"['observed_declining_trend', 'large_observed_decline', 'model_high_priority']"
852,content_b3bb1add4be2,0.5424150533008012,High,refresh_review,['model_high_priority']
853,content_928c8c749d39,0.5423574705372851,High,refresh_review,['model_high_priority']
854,content_19d8ec05394d,0.541615008532104,High,refresh_review,['model_high_priority']
855,content_ba43e8a32bb4,0.5415877913853792,High,refresh_review,"['observed_declining_trend', 'large_observed_decline', 'model_high_priority']"
856,content_03bcb8092a4e,0.5412887391264037,High,refresh_review,"['observed_declining_trend', 'large_observed_decline', 'model_high_priority']"
857,content_1956a8699d64,0.5411563777399531,High,refresh_review,['model_high_priority']
858,content_f33bb11b4c2d,0.5411081477559241,High,refresh_review,"['observed_declining_trend', 'large_observed_decline', 'model_high_priority']"
859,content_a786b53fda3f,0.5409216016101965,High,refresh_review,"['observed_declining_trend', 'large_observed_decline', 'model_high_priority']"
860,content_b51781c1c8a1,0.5407311295845635,High,refresh_review,"['observed_declining_trend', 'large_observed_decline', 'model_high_priority']"
861,content_76f2da3eff85,0.5407079428711341,High,refresh_review,['model_high_priority']
862,content_4ef69f179958,0.5406372111443257,High,refresh_review,['model_high_priority']
863,content_57efee64224c,0.5399815945308871,High,refresh_review,['model_high_priority']
864,content_405cbd1b3550,0.5399407512726928,High,refresh_review,"['observed_declining_trend', 'large_observed_decline', 'model_high_priority']"
865,content_e2e11ebffe0b,0.5398446207452268,High,refresh_review,"['observed_declining_trend', 'large_observed_decline', 'model_high_priority']"
866,content_395a2f455ee2,0.5398010302265187,High,refresh_review,"['observed_declining_trend', 'large_observed_decline', 'model_high_priority']"
867,content_6a56ebe835eb,0.5397761091975508,High,refresh_review,['model_high_priority']
868,content_9741e2f85933,0.5397569705155292,High,refresh_review,"['observed_declining_trend', 'large_observed_decline', 'model_high_priority']"
869,content_5015acf50293,0.5395859964110654,High,refresh_review,"['observed_declining_trend', 'large_observed_decline', 'model_high_priority']"
870,content_df1e8cee858c,0.5394244208788186,High,refresh_review,"['observed_declining_trend', 'large_observed_decline', 'model_high_priority']"
871,content_954cc45bd437,0.5393539213085723,High,refresh_review,"['observed_declining_trend', 'large_observed_decline', 'model_high_priority']"
872,content_9d46a6de5e42,0.5391720382094763,High,refresh_review,"['observed_declining_trend', 'large_observed_decline', 'model_high_priority']"
873,content_fc7b2c7c7bb7,0.5391143256270705,High,refresh_review,"['observed_declining_trend', 'large_observed_decline', 'model_high_priority']"
874,content_c87919f2b762,0.5389144116641146,High,refresh_review,"['observed_declining_trend', 'large_observed_decline', 'model_high_priority']"
875,content_ca17a024f90c,0.5382949793962296,High,refresh_review,"['observed_declining_trend', 'large_observed_decline', 'model_high_priority']"
876,content_e90aee89497a,0.5379074654658852,High,refresh_review,"['observed_declining_trend', 'large_observed_decline', 'model_high_priority']"
877,content_d190176a9a74,0.537667463232534,High,refresh_review,"['observed_declining_trend', 'large_observed_decline', 'model_high_priority']"
878,content_8dc1021270bf,0.5375629385110255,High,refresh_review,"['observed_declining_trend', 'large_observed_decline', 'model_high_priority']"
879,content_9b28cf5ae4f3,0.5374506562072394,High,refresh_review,"['observed_declining_trend', 'large_observed_decline', 'model_high_priority']"
880,content_f126b11258e3,0.5374151190505697,High,refresh_review,"['observed_declining_trend', 'large_observed_decline', 'model_high_priority']"
881,content_6f46e07fe3d9,0.5374103115744039,High,refresh_review,"['observed_declining_trend', 'large_observed_decline', 'model_high_priority']"
882,content_725525d8378b,0.5371901781933159,High,refresh_review,"['observed_declining_trend', 'large_observed_decline', 'model_high_priority']"
883,content_4a77f09bb322,0.5370870889558808,High,refresh_review,"['observed_declining_trend', 'large_observed_decline', 'model_high_priority']"
884,content_9e8671965fff,0.5369135430340288,High,refresh_review,"['observed_declining_trend', 'large_observed_decline', 'model_high_priority']"
885,content_b64cc2aeb71b,0.5368517296601794,High,refresh_review,"['observed_declining_trend', 'large_observed_decline', 'model_high_priority']"
886,content_ee31908da7e5,0.5368001358585575,High,refresh_review,"['observed_declining_trend', 'large_observed_decline', 'model_high_priority']"
887,content_a4fd2c3517e7,0.5367084007896659,High,refresh_review,"['observed_declining_trend', 'large_observed_decline', 'model_high_priority']"
888,content_9de8749fb755,0.5364359137743755,High,refresh_review,"['observed_declining_trend', 'large_observed_decline', 'model_high_priority']"
889,content_81f55b12ea51,0.5364097728120244,High,refresh_review,['model_high_priority']
890,content_33adb9b7c91d,0.536378863091212,High,refresh_review,"['observed_declining_trend', 'large_observed_decline', 'model_high_priority']"
891,content_c64d980fa748,0.536303388168814,High,refresh_review,"['observed_declining_trend', 'large_observed_decline', 'model_high_priority']"
892,content_8173b7415aff,0.5358882052535052,High,refresh_review,"['observed_declining_trend', 'large_observed_decline', 'model_high_priority']"
893,content_0c7ff518816e,0.5357235448939144,High,refresh_review,"['observed_declining_trend', 'large_observed_decline', 'model_high_priority']"
894,content_8c5405b0ce59,0.5357026011927608,High,refresh_review,"['observed_declining_trend', 'large_observed_decline', 'model_high_priority']"
895,content_d8e1b5fb9606,0.535663903466989,High,refresh_review,['model_high_priority']
896,content_c3e11dbcf1ad,0.5353022293839279,High,refresh_review,"['observed_declining_trend', 'large_observed_decline', 'model_high_priority']"
897,content_9e59c3c921cd,0.5352915473546536,High,refresh_review,['model_high_priority']
898,content_b99f3def9646,0.5351075439889624,High,refresh_review,['model_high_priority']
899,content_3a9fa1b4e069,0.535062280324036,High,refresh_review,"['observed_declining_trend', 'large_observed_decline', 'model_high_priority']"
900,content_35cfc6ab36a0,0.5350130207852005,High,refresh_review,"['observed_declining_trend', 'large_observed_decline', 'model_high_priority']"
901,content_b3f2ac089cc6,0.5348832458373083,High,refresh_review,"['observed_declining_trend', 'large_observed_decline', 'model_high_priority']"
902,content_5607fec5d7db,0.5348773312501646,High,refresh_review,"['observed_declining_trend', 'large_observed_decline', 'model_high_priority']"
903,content_98b2e844bc71,0.534867259034766,High,refresh_review,['model_high_priority']
904,content_5a310d0bb418,0.5347449581715835,High,refresh_review,['model_high_priority']
905,content_8e1e06655e78,0.5345133070145426,High,refresh_review,"['observed_declining_trend', 'large_observed_decline', 'model_high_priority']"
906,content_5c7d7a6b3ba0,0.5343473061318352,High,refresh_review,['model_high_priority']
907,content_89de5e45f7aa,0.5341741543898842,High,refresh_review,"['observed_declining_trend', 'large_observed_decline', 'model_high_priority']"
908,content_1aae7c2983fc,0.5338970558533512,High,refresh_review,"['observed_declining_trend', 'large_observed_decline', 'model_high_priority']"
909,content_20f30ca9c2b1,0.5338864950827895,High,refresh_review,"['observed_declining_trend', 'large_observed_decline', 'model_high_priority']"
910,content_e26959d7dd4b,0.5336327195840652,High,refresh_review,"['observed_declining_trend', 'large_observed_decline', 'model_high_priority']"
911,content_ec2de6e5b2c9,0.5332292983025465,High,refresh_review,"['observed_declining_trend', 'large_observed_decline', 'model_high_priority']"
912,content_769a421d4a73,0.5330704700954616,High,refresh_review,['model_high_priority']
913,content_9fef01942ba9,0.5329057177346167,High,refresh_review,['model_high_priority']
914,content_4c787e21d590,0.5328176556413932,High,refresh_review,"['observed_declining_trend', 'large_observed_decline', 'model_high_priority']"
915,content_7908b381c1e8,0.5326557013450617,High,refresh_review,"['observed_declining_trend', 'large_observed_decline', 'model_high_priority']"
916,content_d5886dec9032,0.5325378634276036,High,refresh_review,"['observed_declining_trend', 'large_observed_decline', 'model_high_priority']"
917,content_c94a53e3bfb8,0.5321677698543282,High,refresh_review,['model_high_priority']
918,content_8ac7c6a503d5,0.5314483832682695,High,refresh_review,"['observed_declining_trend', 'large_observed_decline', 'model_high_priority']"
919,content_1b259c0f9659,0.5313339592046967,High,refresh_review,"['observed_declining_trend', 'large_observed_decline', 'model_high_priority']"
920,content_4949d6107538,0.531089203575388,High,refresh_review,"['observed_declining_trend', 'large_observed_decline', 'model_high_priority']"
921,content_a988a5fb75c0,0.5310830092691862,High,refresh_review,"['observed_declining_trend', 'large_observed_decline', 'model_high_priority']"
922,content_f1c00fa6fa67,0.5309216166139779,High,refresh_review,"['observed_declining_trend', 'large_observed_decline', 'model_high_priority']"
923,content_603c3519a065,0.530750088160509,High,refresh_review,"['observed_declining_trend', 'large_observed_decline', 'model_high_priority']"
924,content_60f028266daa,0.5306970252921823,High,refresh_review,['model_high_priority']
925,content_f6e0aa532239,0.5306795381555534,High,refresh_review,"['observed_declining_trend', 'large_observed_decline', 'model_high_priority']"
926,content_8d7c1d704b43,0.5305358212870773,High,refresh_review,"['observed_declining_trend', 'large_observed_decline', 'model_high_priority']"
927,content_783e06a43f8c,0.5304302041579133,High,refresh_review,"['observed_declining_trend', 'large_observed_decline', 'model_high_priority']"
928,content_983bb4d02103,0.5302247825486662,High,refresh_review,"['observed_declining_trend', 'large_observed_decline', 'model_high_priority']"
929,content_728e37c5c417,0.5300755715341454,High,refresh_review,['model_high_priority']
930,content_68fb5ccdc5a2,0.5300419313420494,High,refresh_review,['model_high_priority']
931,content_d9786af0ac7b,0.5300339101244905,High,refresh_review,['model_high_priority']
932,content_ada5a4ef9650,0.5300214675260122,High,refresh_review,"['observed_declining_trend', 'large_observed_decline', 'model_high_priority']"
933,content_c773390751fd,0.52962422796248,High,refresh_review,['model_high_priority']
934,content_bb98921063e3,0.5293735570732723,High,refresh_review,['model_high_priority']
935,content_33ddda1a8c7a,0.5291041705949912,High,refresh_review,"['observed_declining_trend', 'large_observed_decline', 'model_high_priority']"
936,content_cfef59c5d8c2,0.5290446587261406,High,refresh_review,['model_high_priority']
937,content_f85630630136,0.5290174512528039,High,refresh_review,"['observed_declining_trend', 'large_observed_decline', 'model_high_priority']"
938,content_78555c97f084,0.5288768761336997,High,refresh_review,"['observed_declining_trend', 'large_observed_decline', 'model_high_priority']"
939,content_db5a1e827e8b,0.5288314704309427,High,refresh_review,"['observed_declining_trend', 'large_observed_decline', 'model_high_priority']"
940,content_60fc8f959d20,0.5280114383290273,High,refresh_review,"['observed_declining_trend', 'large_observed_decline', 'model_high_priority']"
941,content_def60a67e307,0.5278963770255497,High,refresh_review,['model_high_priority']
942,content_961dd6582177,0.527884359590094,High,refresh_review,"['observed_declining_trend', 'large_observed_decline', 'model_high_priority']"
943,content_aa512432a9b2,0.5278268438121991,High,refresh_review,['model_high_priority']
944,content_ddf7d7516f0f,0.5277013286548274,High,refresh_review,"['observed_declining_trend', 'large_observed_decline', 'model_high_priority']"
945,content_41f4a056d61c,0.5276678551945894,High,refresh_review,"['observed_declining_trend', 'large_observed_decline', 'model_high_priority']"
946,content_04a7a1b7b5ec,0.527496791230463,High,refresh_review,['model_high_priority']
947,content_a52671f20358,0.5273878895978934,High,refresh_review,"['observed_declining_trend', 'large_observed_decline', 'model_high_priority']"
948,content_4224b96648d2,0.5273142107887636,High,refresh_review,['model_high_priority']
949,content_d75f26099a8e,0.5272995271695886,High,refresh_review,['model_high_priority']
950,content_530cf22df65f,0.5272098243119105,High,refresh_review,"['observed_declining_trend', 'large_observed_decline', 'model_high_priority']"
951,content_4e1fb41126d0,0.5271802641507851,High,refresh_review,['model_high_priority']
952,content_9234f5075e7a,0.5270914596175217,High,refresh_review,"['observed_declining_trend', 'large_observed_decline', 'model_high_priority']"
953,content_b0b137336740,0.5270479793650235,High,refresh_review,"['observed_declining_trend', 'large_observed_decline', 'model_high_priority']"
954,content_b1f52d762c14,0.5270305341731277,High,refresh_review,"['observed_declining_trend', 'large_observed_decline', 'model_high_priority']"
955,content_c858cef28937,0.5270229972213776,High,refresh_review,"['observed_declining_trend', 'large_observed_decline', 'model_high_priority']"
956,content_7acdba4f134c,0.5269608177160509,High,refresh_review,"['observed_declining_trend', 'large_observed_decline', 'model_high_priority']"
957,content_24305e647310,0.5267829843969859,High,refresh_review,['model_high_priority']
958,content_823ea9b9b355,0.5266950228140176,High,refresh_review,"['observed_declining_trend', 'large_observed_decline', 'model_high_priority']"
959,content_557976e65608,0.5265888115922457,High,refresh_review,"['observed_declining_trend', 'large_observed_decline', 'model_high_priority']"
960,content_4a87ae4135a9,0.5265297412671613,High,refresh_review,"['observed_declining_trend', 'large_observed_decline', 'model_high_priority']"
961,content_fd416252ca35,0.5264688034857727,High,refresh_review,['model_high_priority']
962,content_fa539334ab0e,0.5261002175905592,High,refresh_review,['model_high_priority']
963,content_a1dfb0636e9c,0.5260917035221219,High,refresh_review,"['observed_declining_trend', 'large_observed_decline', 'model_high_priority']"
964,content_fb872a887c75,0.5259954288502627,High,refresh_review,"['observed_declining_trend', 'large_observed_decline', 'model_high_priority']"
965,content_3d758391f2d4,0.5258473907673114,High,refresh_review,['model_high_priority']
966,content_c9a8f7f9d050,0.5257669216883026,High,refresh_review,['model_high_priority']
967,content_702689a73287,0.5256107725328607,High,refresh_review,"['observed_declining_trend', 'large_observed_decline', 'model_high_priority']"
968,content_5ece87ba64ec,0.5253943417742954,High,refresh_review,"['observed_declining_trend', 'large_observed_decline', 'model_high_priority']"
969,content_2fafb87fe632,0.5253815375199727,High,refresh_review,"['observed_declining_trend', 'large_observed_decline', 'model_high_priority']"
970,content_99e377add3ab,0.5253296572475371,High,refresh_review,['model_high_priority']
971,content_21014db56b5a,0.5252359056264109,High,refresh_review,"['observed_declining_trend', 'large_observed_decline', 'model_high_priority']"
972,content_11e1b56eb703,0.5252307499442613,High,refresh_review,['model_high_priority']
973,content_9d4c813069a1,0.5251132309109691,High,refresh_review,['model_high_priority']
974,content_55d1162a1baf,0.5251124775404038,High,refresh_review,"['observed_declining_trend', 'large_observed_decline', 'model_high_priority']"
975,content_f94c8457d590,0.5251109821075466,High,refresh_review,['model_high_priority']
976,content_56645f60b0d7,0.5250983713687116,High,refresh_review,['model_high_priority']
977,content_57cbd255c670,0.5250702135504671,High,refresh_review,['model_high_priority']
978,content_90a2b42a44c7,0.5250169066492741,High,refresh_review,"['observed_declining_trend', 'large_observed_decline', 'model_high_priority']"
979,content_23ecaf05bdf0,0.5250002099786996,High,refresh_review,['model_high_priority']
980,content_db9707562907,0.5247474480662462,High,refresh_review,"['observed_declining_trend', 'large_observed_decline', 'model_high_priority']"
981,content_52aac7617054,0.5247113612445287,High,refresh_review,"['observed_declining_trend', 'large_observed_decline', 'model_high_priority']"
982,content_6e890a4cc9f9,0.5246402445183538,High,refresh_review,"['observed_declining_trend', 'large_observed_decline', 'model_high_priority']"
983,content_85888f01be00,0.5246126121822338,High,refresh_review,"['observed_declining_trend', 'large_observed_decline', 'model_high_priority']"
984,content_cb99813a2f8e,0.5245381208344718,High,refresh_review,"['observed_declining_trend', 'large_observed_decline', 'model_high_priority']"
985,content_586775f69b06,0.5245064019651615,High,refresh_review,['model_high_priority']
986,content_484c921cf398,0.5244814060290378,High,refresh_review,['model_high_priority']
987,content_53a79adb64de,0.5244520548447634,High,refresh_review,"['observed_declining_trend', 'large_observed_decline', 'model_high_priority']"
988,content_474b92beda6f,0.5243738288582432,High,refresh_review,['model_high_priority']
989,content_2665bb7de609,0.5241834613090738,High,refresh_review,['model_high_priority']
990,content_a640f4c92b1a,0.5241824078013974,High,refresh_review,"['observed_declining_trend', 'large_observed_decline', 'model_high_priority']"
991,content_6c2b2766da47,0.5240024053079332,High,refresh_review,"['observed_declining_trend', 'large_observed_decline', 'model_high_priority']"
992,content_b4a958cbe9eb,0.5239350458204427,High,refresh_review,['model_high_priority']
993,content_cc52287cb9c2,0.5239270679465531,High,refresh_review,"['observed_declining_trend', 'large_observed_decline', 'model_high_priority']"
994,content_e61f3ae17a12,0.5238870069370614,High,refresh_review,"['observed_declining_trend', 'large_observed_decline', 'model_high_priority']"
995,content_145e3598d8fe,0.5238341499015777,High,refresh_review,['model_high_priority']
996,content_3023680512a5,0.5236659760689002,High,refresh_review,"['observed_declining_trend', 'large_observed_decline', 'model_high_priority']"
997,content_b2d55d6a2b8b,0.5235717416178742,High,refresh_review,"['observed_declining_trend', 'large_observed_decline', 'model_high_priority']"
998,content_2de2912ce657,0.5235613055459741,High,refresh_review,"['observed_declining_trend', 'large_observed_decline', 'model_high_priority']"
999,content_d70867535282,0.5235575188886744,High,refresh_review,"['observed_declining_trend', 'large_observed_decline', 'model_high_priority']"
1000,content_aefd4fae2c86,0.5234245293574717,High,refresh_review,"['observed_declining_trend', 'large_observed_decline', 'model_high_priority']"
1001,content_6a552ab4e642,0.5233534762860738,High,refresh_review,"['observed_declining_trend', 'large_observed_decline', 'model_high_priority']"
1002,content_73138e49f25d,0.5232342811426208,High,refresh_review,"['observed_declining_trend', 'large_observed_decline', 'model_high_priority']"
1003,content_5c8556c69135,0.5232209639016119,High,refresh_review,['model_high_priority']
1004,content_1ba13a48ba44,0.5232072401532453,High,refresh_review,"['observed_declining_trend', 'large_observed_decline', 'model_high_priority']"
1005,content_ecff98594133,0.5231429682404459,High,refresh_review,"['observed_declining_trend', 'large_observed_decline', 'model_high_priority']"
1006,content_9db40e41d57d,0.5231138559055346,High,refresh_review,"['observed_declining_trend', 'large_observed_decline', 'model_high_priority']"
1007,content_a86137c029a4,0.5230554163325638,High,refresh_review,"['observed_declining_trend', 'large_observed_decline', 'model_high_priority']"
1008,content_5c4c5c953552,0.5230387285945416,High,refresh_review,['model_high_priority']
1009,content_eafa38d2fa4c,0.5230363719093483,High,refresh_review,"['observed_declining_trend', 'large_observed_decline', 'model_high_priority']"
1010,content_9903cd8c08ee,0.5228611113302452,High,refresh_review,"['observed_declining_trend', 'large_observed_decline', 'model_high_priority']"
1011,content_24dc00e22625,0.5227513046362879,High,refresh_review,['model_high_priority']
1012,content_df307009311e,0.5227170983792012,High,refresh_review,['model_high_priority']
1013,content_b774a3d92c71,0.5224523249756614,High,refresh_review,"['observed_declining_trend', 'large_observed_decline', 'model_high_priority']"
1014,content_fb5828d5d62f,0.5224378063771072,High,refresh_review,"['observed_declining_trend', 'large_observed_decline', 'model_high_priority']"
1015,content_189586cf1186,0.5224062391585067,High,refresh_review,"['observed_declining_trend', 'large_observed_decline', 'model_high_priority']"
1016,content_25061c922b54,0.522328473870913,High,refresh_review,['model_high_priority']
1017,content_e5fd30b6e33b,0.522204456455669,High,refresh_review,"['observed_declining_trend', 'large_observed_decline', 'model_high_priority']"
1018,content_20ee9a01718a,0.5221365602993817,High,refresh_review,"['observed_declining_trend', 'large_observed_decline', 'model_high_priority']"
1019,content_ce9d0e4e4dd2,0.5220857938876144,High,refresh_review,['model_high_priority']
1020,content_dd4364510947,0.5220142417944802,High,refresh_review,"['observed_declining_trend', 'large_observed_decline', 'model_high_priority']"
1021,content_d206246bc207,0.5219632837908375,High,refresh_review,"['observed_declining_trend', 'large_observed_decline', 'model_high_priority']"
1022,content_0fa0a2c60cf9,0.5218698154227166,High,refresh_review,"['observed_declining_trend', 'large_observed_decline', 'model_high_priority']"
1023,content_e2a8dcfda805,0.5217975536163254,High,refresh_review,"['observed_declining_trend', 'large_observed_decline', 'model_high_priority']"
1024,content_1a93903d60fb,0.5216299251660996,High,refresh_review,['model_high_priority']
1025,content_fe4e78e9e73f,0.5215809952337739,High,refresh_review,"['observed_declining_trend', 'large_observed_decline', 'model_high_priority']"
1026,content_07f7cbf34eef,0.5215341432651487,High,refresh_review,"['observed_declining_trend', 'large_observed_decline', 'model_high_priority']"
1027,content_5cb45407a375,0.5214974915597719,High,refresh_review,"['observed_declining_trend', 'large_observed_decline', 'model_high_priority']"
1028,content_f26254fad8aa,0.5214538157523241,High,refresh_review,['model_high_priority']
1029,content_b63ea08e8bc1,0.521431431239755,High,refresh_review,"['observed_declining_trend', 'large_observed_decline', 'model_high_priority']"
1030,content_9da46b4fea6e,0.521384887324556,High,refresh_review,['model_high_priority']
1031,content_16faf1fd0e10,0.5211820201016184,High,refresh_review,['model_high_priority']
1032,content_a2bcb8df0fc3,0.5211578972885623,High,refresh_review,"['observed_declining_trend', 'large_observed_decline', 'model_high_priority']"
1033,content_c6d0e031b456,0.5210724158136738,High,refresh_review,"['observed_declining_trend', 'large_observed_decline', 'model_high_priority']"
1034,content_c53fd87a2fa6,0.5208989742317603,High,refresh_review,"['observed_declining_trend', 'large_observed_decline', 'model_high_priority']"
1035,content_684a74eddb5a,0.5208385320895691,High,refresh_review,"['observed_declining_trend', 'large_observed_decline', 'model_high_priority']"
1036,content_4d39953789dd,0.5207721401528899,High,refresh_review,['model_high_priority']
1037,content_f20bd6333741,0.5206509775156833,High,refresh_review,"['observed_declining_trend', 'large_observed_decline', 'model_high_priority']"
1038,content_80c661c29540,0.5205719888426559,High,refresh_review,['model_high_priority']
1039,content_ba6b0284b1e0,0.5204990015638356,High,refresh_review,"['observed_declining_trend', 'large_observed_decline', 'model_high_priority']"
1040,content_f430b0144820,0.5204473574030025,High,refresh_review,"['observed_declining_trend', 'large_observed_decline', 'model_high_priority']"
1041,content_a5b1a25f5b80,0.5204358107340118,High,refresh_review,['model_high_priority']
1042,content_c24ba93e466a,0.5204026760417139,High,refresh_review,"['observed_declining_trend', 'large_observed_decline', 'model_high_priority']"
1043,content_3918aaea55e2,0.5202072491264161,High,refresh_review,['model_high_priority']
1044,content_20ab9bcd058f,0.5201006380116977,High,refresh_review,['model_high_priority']
1045,content_f4189b5da579,0.5198890367715138,High,refresh_review,"['observed_declining_trend', 'large_observed_decline', 'model_high_priority']"
1046,content_5d77d3077984,0.5198596625890024,High,refresh_review,"['observed_declining_trend', 'large_observed_decline', 'model_high_priority']"
1047,content_412f4cf7d443,0.5197542050741019,High,refresh_review,['model_high_priority']
1048,content_3884c87c8828,0.5196583397066922,High,refresh_review,"['observed_declining_trend', 'large_observed_decline', 'model_high_priority']"
1049,content_31c4d526956d,0.5196513679782936,High,refresh_review,"['observed_declining_trend', 'large_observed_decline', 'model_high_priority']"
1050,content_4ccd43ea28b9,0.5195693939056422,High,refresh_review,"['observed_declining_trend', 'large_observed_decline', 'model_high_priority']"
1051,content_dda15944f84f,0.5194234511379122,High,refresh_review,['model_high_priority']
1052,content_ef81d5fcdf1d,0.5194041978863625,High,refresh_review,"['observed_declining_trend', 'large_observed_decline', 'model_high_priority']"
1053,content_99832ecb371f,0.5190855531622465,High,refresh_review,"['observed_declining_trend', 'large_observed_decline', 'model_high_priority']"
1054,content_8f6b2d2420ed,0.519066426517955,High,refresh_review,['model_high_priority']
1055,content_e5cbbc8ed6b2,0.5187695816689682,High,refresh_review,['model_high_priority']
1056,content_bd99587cb8a8,0.5187663373989828,High,refresh_review,"['observed_declining_trend', 'large_observed_decline', 'model_high_priority']"
1057,content_653b3dae2667,0.5186498532321115,High,refresh_review,"['observed_declining_trend', 'large_observed_decline', 'model_high_priority']"
1058,content_630136406522,0.5186165521689933,High,refresh_review,"['observed_declining_trend', 'large_observed_decline', 'model_high_priority']"
1059,content_8ed8dc20f1a3,0.5185752945327052,High,refresh_review,"['observed_declining_trend', 'large_observed_decline', 'model_high_priority']"
1060,content_d266e425a2f3,0.5185663919862764,High,refresh_review,"['observed_declining_trend', 'large_observed_decline', 'model_high_priority']"
1061,content_cbea784c5084,0.5185172027848598,High,refresh_review,"['observed_declining_trend', 'large_observed_decline', 'model_high_priority']"
1062,content_35972508aa52,0.5184506883386177,High,refresh_review,['model_high_priority']
1063,content_386add72654e,0.5183557088239106,High,refresh_review,"['observed_declining_trend', 'large_observed_decline', 'model_high_priority']"
1064,content_d635a5c1b4a6,0.5182718198510929,High,refresh_review,"['observed_declining_trend', 'large_observed_decline', 'model_high_priority']"
1065,content_d7a422362fe5,0.5182655742808049,High,refresh_review,['model_high_priority']
1066,content_abe37bcc8db9,0.5181820436853232,High,refresh_review,"['observed_declining_trend', 'large_observed_decline', 'model_high_priority']"
1067,content_b82fe005f96d,0.5180959589590656,High,refresh_review,"['observed_declining_trend', 'large_observed_decline', 'model_high_priority']"
1068,content_53a867205de3,0.5180751072016305,High,refresh_review,"['observed_declining_trend', 'large_observed_decline', 'model_high_priority']"
1069,content_111c744b39f7,0.5179294317822417,High,refresh_review,['model_high_priority']
1070,content_35cc533f1bcb,0.5178600524344055,High,refresh_review,"['observed_declining_trend', 'large_observed_decline', 'model_high_priority']"
1071,content_a7a65d30b371,0.5176053923973819,High,refresh_review,"['observed_declining_trend', 'large_observed_decline', 'model_high_priority']"
1072,content_38502cdbf89d,0.5175791257613528,High,refresh_review,"['observed_declining_trend', 'large_observed_decline', 'model_high_priority']"
1073,content_d2401f998575,0.5173722278927735,High,refresh_review,"['observed_declining_trend', 'large_observed_decline', 'model_high_priority']"
1074,content_a3faadb47222,0.517333387415437,High,refresh_review,['model_high_priority']
1075,content_ab87b527fbea,0.5172063979834736,High,refresh_review,"['observed_declining_trend', 'large_observed_decline', 'model_high_priority']"
1076,content_ef634bab0226,0.517124704769736,High,refresh_review,"['observed_declining_trend', 'large_observed_decline', 'model_high_priority']"
1077,content_9d511fbc89e3,0.5171168738466627,High,refresh_review,"['observed_declining_trend', 'large_observed_decline', 'model_high_priority']"
1078,content_4a9b9ed29b10,0.5169160418327269,High,refresh_review,"['observed_declining_trend', 'large_observed_decline', 'model_high_priority']"
1079,content_2cf2b6554ad0,0.5168560616331305,High,refresh_review,"['observed_declining_trend', 'large_observed_decline', 'model_high_priority']"
1080,content_f6b05f1a673a,0.5168312335374392,High,refresh_review,"['observed_declining_trend', 'large_observed_decline', 'model_high_priority']"
1081,content_243eb4a5388e,0.5168043943110687,High,refresh_review,['model_high_priority']
1082,content_76c727fa77d3,0.5168006488984683,High,refresh_review,['model_high_priority']
1083,content_380fcdf9e1a8,0.5167457858385159,High,refresh_review,['model_high_priority']
1084,content_6ce22054b9ee,0.5167054050245503,High,refresh_review,['model_high_priority']
1085,content_d5e5a318ca7c,0.5166525454816328,High,refresh_review,['model_high_priority']
1086,content_e9ad1e9dfbb3,0.5164701091652143,High,refresh_review,"['observed_declining_trend', 'large_observed_decline', 'model_high_priority']"
1087,content_5473f08b2acf,0.516429710014071,High,refresh_review,"['observed_declining_trend', 'large_observed_decline', 'model_high_priority']"
1088,content_0a954f7270fd,0.5164267211159086,High,refresh_review,['model_high_priority']
1089,content_fb788de26cae,0.5163964143964025,High,refresh_review,['model_high_priority']
1090,content_5ef76f383560,0.5162685782201135,High,refresh_review,"['observed_declining_trend', 'large_observed_decline', 'model_high_priority']"
1091,content_cb385644ae55,0.5162571205882975,High,refresh_review,"['observed_declining_trend', 'large_observed_decline', 'model_high_priority']"
1092,content_94d56e0730af,0.5162382403401239,High,refresh_review,"['observed_declining_trend', 'large_observed_decline', 'model_high_priority']"
1093,content_c22f0bebb1d1,0.5162193741464575,High,refresh_review,['model_high_priority']
1094,content_a6280c3cc1ab,0.5159906272473773,High,refresh_review,"['observed_declining_trend', 'large_observed_decline', 'model_high_priority']"
1095,content_1d2233dc3323,0.5157942817012777,High,refresh_review,['model_high_priority']
1096,content_2323ea95789a,0.5157867173039075,High,refresh_review,"['observed_declining_trend', 'large_observed_decline', 'model_high_priority']"
1097,content_ef324be709a5,0.5156343327557079,High,refresh_review,['model_high_priority']
1098,content_cd9dbb3c3105,0.5155697611899062,High,refresh_review,['model_high_priority']
1099,content_e5b7ee456c43,0.5154474474824741,High,refresh_review,"['observed_declining_trend', 'large_observed_decline', 'model_high_priority']"
1100,content_3b25b95df47a,0.5153985040496623,High,refresh_review,['model_high_priority']
1101,content_a64878c7d468,0.5153927105150216,High,refresh_review,"['observed_declining_trend', 'large_observed_decline', 'model_high_priority']"
1102,content_4dc2c9e3f748,0.5153402847432522,High,refresh_review,"['observed_declining_trend', 'large_observed_decline', 'model_high_priority']"
1103,content_f155a0aa9e9e,0.515315224469958,High,refresh_review,"['observed_declining_trend', 'large_observed_decline', 'model_high_priority']"
1104,content_576d85a2a756,0.5152887908881195,High,refresh_review,"['observed_declining_trend', 'large_observed_decline', 'model_high_priority']"
1105,content_225dfb507f6c,0.5151742278339129,High,refresh_review,"['observed_declining_trend', 'large_observed_decline', 'model_high_priority']"
1106,content_d1567742f222,0.515143906422056,High,refresh_review,"['observed_declining_trend', 'large_observed_decline', 'model_high_priority']"
1107,content_ea2dcd45a28c,0.5151131017824775,High,refresh_review,"['observed_declining_trend', 'large_observed_decline', 'model_high_priority']"
1108,content_b84a5df88090,0.5149699446089572,High,refresh_review,['model_high_priority']
1109,content_6d6fd94f1cac,0.514839251957181,High,refresh_review,['model_high_priority']
1110,content_298265fe153d,0.5145485310009733,High,refresh_review,"['observed_declining_trend', 'large_observed_decline', 'model_high_priority']"
1111,content_0bcd69f8f068,0.5144990655252051,High,refresh_review,['model_high_priority']
1112,content_d07b48eddaf5,0.5144901640748258,High,refresh_review,['model_high_priority']
1113,content_092df0c6afc7,0.5144802337469248,High,refresh_review,"['observed_declining_trend', 'large_observed_decline', 'model_high_priority']"
1114,content_9090bbd63680,0.5144563771688762,High,refresh_review,"['observed_declining_trend', 'large_observed_decline', 'model_high_priority']"
1115,content_9a5be97ce13c,0.5144169601423101,High,refresh_review,"['observed_declining_trend', 'large_observed_decline', 'model_high_priority']"
1116,content_eda0e20d4956,0.5144128019621247,High,refresh_review,['model_high_priority']
1117,content_82546ff63ded,0.5142980837813131,High,refresh_review,"['observed_declining_trend', 'large_observed_decline', 'model_high_priority']"
1118,content_3ee3ec52299c,0.514292431376741,High,refresh_review,['model_high_priority']
1119,content_0c0d41e86269,0.5141225364999727,High,refresh_review,"['observed_declining_trend', 'large_observed_decline', 'model_high_priority']"
1120,content_41eb625c4aca,0.5140736437933107,High,refresh_review,"['observed_declining_trend', 'large_observed_decline', 'model_high_priority']"
1121,content_8287d0133a5d,0.5139812730076003,High,refresh_review,"['observed_declining_trend', 'large_observed_decline', 'model_high_priority']"
1122,content_cde9fc17927f,0.513908782680335,High,refresh_review,['model_high_priority']
1123,content_96edab39e5fb,0.5135021686856659,High,refresh_review,"['observed_declining_trend', 'large_observed_decline', 'model_high_priority']"
1124,content_809b527bca22,0.513441812425511,High,refresh_review,['model_high_priority']
1125,content_7d81d9f7d639,0.5133621281460223,High,refresh_review,['model_high_priority']
1126,content_f8e170580eab,0.5131297299550432,High,refresh_review,"['observed_declining_trend', 'large_observed_decline', 'model_high_priority']"
1127,content_a4e7c491c25f,0.5128134250767172,High,refresh_review,['model_high_priority']
1128,content_77254cb8bf3f,0.5127509271681012,High,refresh_review,"['observed_declining_trend', 'large_observed_decline', 'model_high_priority']"
1129,content_2387677713c3,0.5127073927567765,High,refresh_review,"['observed_declining_trend', 'large_observed_decline', 'model_high_priority']"
1130,content_8c05feed3339,0.5125785773982491,High,refresh_review,['model_high_priority']
1131,content_7be5f150dc65,0.512531309093802,High,refresh_review,['model_high_priority']
1132,content_4045ddbabca1,0.5125309434924348,High,refresh_review,"['observed_declining_trend', 'large_observed_decline', 'model_high_priority']"
1133,content_3b53d042f230,0.5124768878073447,High,refresh_review,"['observed_declining_trend', 'large_observed_decline', 'model_high_priority']"
1134,content_76d1deafc71b,0.5124294900676609,High,refresh_review,"['observed_declining_trend', 'large_observed_decline', 'model_high_priority']"
1135,content_005d94fedb88,0.512330587919619,High,refresh_review,"['observed_declining_trend', 'large_observed_decline', 'model_high_priority']"
1136,content_6ab1ba993c43,0.5123301185705933,High,refresh_review,"['observed_declining_trend', 'large_observed_decline', 'model_high_priority']"
1137,content_b925c292d21b,0.5122895060242905,High,refresh_review,"['observed_declining_trend', 'large_observed_decline', 'model_high_priority']"
1138,content_0ab852b18db8,0.5122517977880496,High,refresh_review,"['observed_declining_trend', 'large_observed_decline', 'model_high_priority']"
1139,content_9abd76d902c3,0.5121553744209042,High,refresh_review,['model_high_priority']
1140,content_d56f7f74c15c,0.5121494562082044,High,refresh_review,"['observed_declining_trend', 'large_observed_decline', 'model_high_priority']"
1141,content_1162806e4b35,0.5121416777843757,High,refresh_review,"['observed_declining_trend', 'large_observed_decline', 'model_high_priority']"
1142,content_df80aa140eed,0.512133836438941,High,refresh_review,['model_high_priority']
1143,content_609bdf9d98cd,0.5120382774703855,High,refresh_review,"['observed_declining_trend', 'large_observed_decline', 'model_high_priority']"
1144,content_96df9eee1651,0.512000248467965,High,refresh_review,['model_high_priority']
1145,content_4086da47e0d7,0.5119198239463835,High,refresh_review,"['observed_declining_trend', 'large_observed_decline', 'model_high_priority']"
1146,content_13ca6c99ef66,0.5118502320252264,High,refresh_review,"['observed_declining_trend', 'large_observed_decline', 'model_high_priority']"
1147,content_830c8c9a640b,0.5116686875260947,High,refresh_review,['model_high_priority']
1148,content_e073b1683880,0.5116438641973184,High,refresh_review,"['observed_declining_trend', 'large_observed_decline', 'model_high_priority']"
1149,content_d83aae71922d,0.5115794720546707,High,refresh_review,['model_high_priority']
1150,content_d6dd255e10bc,0.5114093347019748,High,refresh_review,"['observed_declining_trend', 'large_observed_decline', 'model_high_priority']"
1151,content_38f7cf7073f0,0.5113337531352902,High,refresh_review,['model_high_priority']
1152,content_d028d97a0f72,0.5110252869594294,High,refresh_review,"['observed_declining_trend', 'large_observed_decline', 'model_high_priority']"
1153,content_554675403de2,0.5109198926903585,High,refresh_review,"['observed_declining_trend', 'large_observed_decline', 'model_high_priority']"
1154,content_08680a075d9f,0.5108065989914101,High,refresh_review,"['observed_declining_trend', 'large_observed_decline', 'model_high_priority']"
1155,content_be497fa14ced,0.5107655292124963,High,refresh_review,['model_high_priority']
1156,content_b055f5b25c28,0.5106685759709655,High,refresh_review,"['observed_declining_trend', 'large_observed_decline', 'model_high_priority']"
1157,content_1b5b75de0be4,0.5105464605515463,High,refresh_review,"['observed_declining_trend', 'large_observed_decline', 'model_high_priority']"
1158,content_d6aed460eac6,0.5104765372489942,High,refresh_review,"['observed_declining_trend', 'large_observed_decline', 'model_high_priority']"
1159,content_7270758c1e78,0.5104390347169946,High,refresh_review,['model_high_priority']
1160,content_c9765c8fedea,0.5104224673551566,High,refresh_review,"['observed_declining_trend', 'large_observed_decline', 'model_high_priority']"
1161,content_bbb71bc9d167,0.5102428850537118,High,refresh_review,"['observed_declining_trend', 'large_observed_decline', 'model_high_priority']"
1162,content_1423cc413c6a,0.5102157225761684,High,refresh_review,"['observed_declining_trend', 'large_observed_decline', 'model_high_priority']"
1163,content_d0eff497e4ea,0.510186056419833,High,refresh_review,['model_high_priority']
1164,content_b20d97950e9d,0.5101483456606785,High,refresh_review,['model_high_priority']
1165,content_56b41848af2d,0.5100135821057059,High,refresh_review,"['observed_declining_trend', 'large_observed_decline', 'model_high_priority']"
1166,content_1c2a062b2721,0.5099739258713268,High,refresh_review,['model_high_priority']
1167,content_b40c643dc40b,0.5098673663352583,High,refresh_review,['model_high_priority']
1168,content_939cc377166b,0.5098350193990798,High,refresh_review,"['observed_declining_trend', 'large_observed_decline', 'model_high_priority']"
1169,content_02ab208bfb70,0.5096770216265928,High,refresh_review,"['observed_declining_trend', 'large_observed_decline', 'model_high_priority']"
1170,content_aeac86cce60d,0.5096197037259177,High,refresh_review,['model_high_priority']
1171,content_424a5517925c,0.5095206935263136,High,refresh_review,"['observed_declining_trend', 'large_observed_decline', 'model_high_priority']"
1172,content_53a574b8a7da,0.509498431936183,High,refresh_review,['model_high_priority']
1173,content_f1f8a2a1c483,0.5094682881760491,High,refresh_review,"['observed_declining_trend', 'large_observed_decline', 'model_high_priority']"
1174,content_e1c02e161be4,0.509428832558282,High,refresh_review,"['observed_declining_trend', 'large_observed_decline', 'model_high_priority']"
1175,content_d660fc1fba2c,0.5094038784504695,High,refresh_review,"['observed_declining_trend', 'large_observed_decline', 'model_high_priority']"
1176,content_b50209ec3c8f,0.5093891662476967,High,refresh_review,['model_high_priority']
1177,content_d10d476fbfa5,0.5093467048795854,High,refresh_review,"['observed_declining_trend', 'large_observed_decline', 'model_high_priority']"
1178,content_d97106195640,0.5092360991307437,High,refresh_review,['model_high_priority']
1179,content_aec39ca4baa1,0.5092297102879506,High,refresh_review,['model_high_priority']
1180,content_a6b8c4fb779b,0.5091650196472354,High,refresh_review,"['observed_declining_trend', 'large_observed_decline', 'model_high_priority']"
1181,content_6b1f3081da7c,0.5090309682221092,High,refresh_review,"['observed_declining_trend', 'large_observed_decline', 'model_high_priority']"
1182,content_1fc08ac27f1a,0.5089855775189803,High,refresh_review,"['observed_declining_trend', 'large_observed_decline', 'model_high_priority']"
1183,content_70e80d66f0b0,0.5089716391803185,High,refresh_review,"['observed_declining_trend', 'large_observed_decline', 'model_high_priority']"
1184,content_b872486bfd10,0.5089468657898814,High,refresh_review,"['observed_declining_trend', 'large_observed_decline', 'model_high_priority']"
1185,content_0c65039d6b86,0.5088569608563981,High,refresh_review,"['observed_declining_trend', 'large_observed_decline', 'model_high_priority']"
1186,content_42329a1ee0c7,0.5087091872331991,High,refresh_review,"['observed_declining_trend', 'large_observed_decline', 'model_high_priority']"
1187,content_d116df9a2fe0,0.5086633678300287,High,refresh_review,"['observed_declining_trend', 'large_observed_decline', 'model_high_priority']"
1188,content_6e1632efb058,0.5086569370166533,High,refresh_review,"['observed_declining_trend', 'large_observed_decline', 'model_high_priority']"
1189,content_6975e4ac086e,0.5084974886985433,High,refresh_review,['model_high_priority']
1190,content_9f891a53f544,0.5083954747257816,High,refresh_review,"['observed_declining_trend', 'large_observed_decline', 'model_high_priority']"
1191,content_f924f7e00676,0.5083201380082678,High,refresh_review,['model_high_priority']
1192,content_2b074219d79d,0.5082835280123162,High,refresh_review,"['observed_declining_trend', 'large_observed_decline', 'model_high_priority']"
1193,content_039787762f67,0.5082658491172475,High,refresh_review,"['observed_declining_trend', 'large_observed_decline', 'model_high_priority']"
1194,content_89f943df59f1,0.5082039010740131,High,refresh_review,"['observed_declining_trend', 'large_observed_decline', 'model_high_priority']"
1195,content_32f3f365f9d5,0.5081292661597244,High,refresh_review,['model_high_priority']
1196,content_1607b5b7c909,0.5080730822409514,High,refresh_review,"['observed_declining_trend', 'large_observed_decline', 'model_high_priority']"
1197,content_807836f893a5,0.5080025089536393,High,refresh_review,"['observed_declining_trend', 'large_observed_decline', 'model_high_priority']"
1198,content_dbaec841d4cf,0.507890142749027,High,refresh_review,['model_high_priority']
1199,content_9ec4229181f6,0.5078857170744645,High,refresh_review,['model_high_priority']
1200,content_efa9008475e6,0.5078602437733857,High,refresh_review,"['observed_declining_trend', 'large_observed_decline', 'model_high_priority']"
1201,content_e02294474a4c,0.5078273849082668,High,refresh_review,"['observed_declining_trend', 'large_observed_decline', 'model_high_priority']"
1202,content_85cef3cd023b,0.5078076201615328,High,refresh_review,"['observed_declining_trend', 'large_observed_decline', 'model_high_priority']"
1203,content_c01a89e1130c,0.5078037993007705,High,refresh_review,['model_high_priority']
1204,content_9b31b56f48b6,0.5077673151868014,High,refresh_review,['model_high_priority']
1205,content_124103b6a88e,0.5076650327038027,High,refresh_review,['model_high_priority']
1206,content_97f118816812,0.5075061194599855,High,refresh_review,"['observed_declining_trend', 'large_observed_decline', 'model_high_priority']"
1207,content_2f4d5fa274a0,0.5074955894880052,High,refresh_review,"['observed_declining_trend', 'large_observed_decline', 'model_high_priority']"
1208,content_c73439529814,0.5073769429570341,High,refresh_review,['model_high_priority']
1209,content_f6ae0f36d70d,0.50730757894433,High,refresh_review,['model_high_priority']
1210,content_f69e3936c5ca,0.5072959528295704,High,refresh_review,"['observed_declining_trend', 'large_observed_decline', 'model_high_priority']"
1211,content_bcaa614da3ad,0.5072491592249796,High,refresh_review,"['observed_declining_trend', 'large_observed_decline', 'model_high_priority']"
1212,content_ba327fc280e4,0.5071315519385464,High,refresh_review,"['observed_declining_trend', 'large_observed_decline', 'model_high_priority']"
1213,content_685de0e3b7cb,0.5070657890903382,High,refresh_review,['model_high_priority']
1214,content_70df0e029635,0.5070581258711699,High,refresh_review,"['observed_declining_trend', 'large_observed_decline', 'model_high_priority']"
1215,content_cfc48d50b238,0.507033329579308,High,refresh_review,['model_high_priority']
1216,content_e9e8c1c0840d,0.5070169653260503,High,refresh_review,['model_high_priority']
1217,content_fdc4d9b36547,0.5070165389112099,High,refresh_review,"['observed_declining_trend', 'large_observed_decline', 'model_high_priority']"
1218,content_7fafa0ffde60,0.5068891800808297,High,refresh_review,['model_high_priority']
1219,content_8573adbc32cc,0.5068640123138826,High,refresh_review,['model_high_priority']
1220,content_a1a827133643,0.5067979123890883,High,refresh_review,"['observed_declining_trend', 'large_observed_decline', 'model_high_priority']"
1221,content_42b72b0d61f0,0.5065983999086229,High,refresh_review,['model_high_priority']
1222,content_47808e2c16d4,0.5065780240743897,High,refresh_review,"['observed_declining_trend', 'large_observed_decline', 'model_high_priority']"
1223,content_0d0dd7fb1b11,0.506495526906996,High,refresh_review,"['observed_declining_trend', 'large_observed_decline', 'model_high_priority']"
1224,content_34b33e6b67e1,0.5064577842033987,High,refresh_review,['model_high_priority']
1225,content_62010e71e9dc,0.5062397248502237,High,refresh_review,"['observed_declining_trend', 'large_observed_decline', 'model_high_priority']"
1226,content_c282b558a116,0.5062349549602335,High,refresh_review,"['observed_declining_trend', 'large_observed_decline', 'model_high_priority']"
1227,content_def571363dbc,0.5062064298520672,High,refresh_review,"['observed_declining_trend', 'large_observed_decline', 'model_high_priority']"
1228,content_4daed47d4c91,0.5061596940558469,High,refresh_review,"['observed_declining_trend', 'large_observed_decline', 'model_high_priority']"
1229,content_d73b842a64e6,0.5060665210848498,High,refresh_review,"['observed_declining_trend', 'large_observed_decline', 'model_high_priority']"
1230,content_11a4f985f14d,0.5059285738259344,High,refresh_review,"['observed_declining_trend', 'large_observed_decline', 'model_high_priority']"
1231,content_04fd376dbfa3,0.5059018960653916,High,refresh_review,"['observed_declining_trend', 'large_observed_decline', 'model_high_priority']"
1232,content_b4d966e03d6b,0.5058340017422719,High,refresh_review,['model_high_priority']
1233,content_cdec88cffa93,0.5058333826099065,High,refresh_review,"['observed_declining_trend', 'large_observed_decline', 'model_high_priority']"
1234,content_123755578af6,0.5057737902268051,High,refresh_review,['model_high_priority']
1235,content_3d0c269c0e8e,0.5056681033169043,High,refresh_review,"['observed_declining_trend', 'large_observed_decline', 'model_high_priority']"
1236,content_24706e54a64c,0.5056615991413449,High,refresh_review,"['observed_declining_trend', 'large_observed_decline', 'model_high_priority']"
1237,content_69b845b4ecce,0.5056131092931011,High,refresh_review,"['observed_declining_trend', 'large_observed_decline', 'model_high_priority']"
1238,content_f3cf1549338d,0.5055944063294436,High,refresh_review,"['observed_declining_trend', 'large_observed_decline', 'model_high_priority']"
1239,content_afc42ff6c1f7,0.5055628217685398,High,refresh_review,"['observed_declining_trend', 'large_observed_decline', 'model_high_priority']"
1240,content_c6bb205d5263,0.5055212649795436,High,refresh_review,"['observed_declining_trend', 'large_observed_decline', 'model_high_priority']"
1241,content_4457e91aa4ef,0.5054607724914131,High,refresh_review,"['observed_declining_trend', 'large_observed_decline', 'model_high_priority']"
1242,content_5e5271003234,0.5054078178647706,High,refresh_review,"['observed_declining_trend', 'large_observed_decline', 'model_high_priority']"
1243,content_5e2d7ea6844d,0.5053846253637253,High,refresh_review,"['observed_declining_trend', 'large_observed_decline', 'model_high_priority']"
1244,content_aea979e1b10c,0.5052496930181547,High,refresh_review,['model_high_priority']
1245,content_cf1423480af0,0.5052441779273804,High,refresh_review,"['observed_declining_trend', 'large_observed_decline', 'model_high_priority']"
1246,content_56afb8453fdd,0.505243940505692,High,refresh_review,"['observed_declining_trend', 'large_observed_decline', 'model_high_priority']"
1247,content_0cb3ff1535cc,0.5051253424538571,High,refresh_review,['model_high_priority']
1248,content_2ea7554a4b89,0.5049535472011584,High,refresh_review,"['observed_declining_trend', 'large_observed_decline', 'model_high_priority']"
1249,content_97b7779b8c3c,0.5049015811632751,High,refresh_review,['model_high_priority']
1250,content_3b26815717ae,0.5048093573144827,High,refresh_review,['model_high_priority']
1251,content_e4986c40c63f,0.5047775681608152,High,refresh_review,"['observed_declining_trend', 'large_observed_decline', 'model_high_priority']"
1252,content_edae52c77f71,0.504682673385418,High,refresh_review,"['observed_declining_trend', 'large_observed_decline', 'model_high_priority']"
1253,content_7947d714b3b3,0.5046739140791324,High,refresh_review,"['observed_declining_trend', 'large_observed_decline', 'model_high_priority']"
1254,content_b2db3553a878,0.5044178276333552,High,refresh_review,"['observed_declining_trend', 'large_observed_decline', 'model_high_priority']"
1255,content_79d569cb12af,0.504356412409662,High,refresh_review,['model_high_priority']
1256,content_d2436405f394,0.5042345720739182,High,refresh_review,"['observed_declining_trend', 'large_observed_decline', 'model_high_priority']"
1257,content_c82bc0c24241,0.504196472346387,High,refresh_review,"['observed_declining_trend', 'large_observed_decline', 'model_high_priority']"
1258,content_a652438565aa,0.5040752493582075,High,refresh_review,"['observed_declining_trend', 'large_observed_decline', 'model_high_priority']"
1259,content_c13bfe497aeb,0.5040728568182808,High,refresh_review,"['observed_declining_trend', 'large_observed_decline', 'model_high_priority']"
1260,content_2f51445dae6e,0.5038630267688711,High,refresh_review,"['observed_declining_trend', 'large_observed_decline', 'model_high_priority']"
1261,content_224c277bdea9,0.5037958735617745,High,refresh_review,"['observed_declining_trend', 'large_observed_decline', 'model_high_priority']"
1262,content_b004b6b25a63,0.5037835166579048,High,refresh_review,['model_high_priority']
1263,content_001707c6d170,0.503743626320352,High,refresh_review,"['observed_declining_trend', 'large_observed_decline', 'model_high_priority']"
1264,content_dc742294bac0,0.5036222255736282,High,refresh_review,"['observed_declining_trend', 'large_observed_decline', 'model_high_priority']"
1265,content_31083b832aa0,0.5035689305987795,High,refresh_review,"['observed_declining_trend', 'large_observed_decline', 'model_high_priority']"
1266,content_07f0d247ca66,0.503453748758888,High,refresh_review,"['observed_declining_trend', 'large_observed_decline', 'model_high_priority']"
1267,content_a61f639a5927,0.5034483768079226,High,refresh_review,"['observed_declining_trend', 'large_observed_decline', 'model_high_priority']"
1268,content_b683aad86df3,0.5032953483794991,High,refresh_review,"['observed_declining_trend', 'large_observed_decline', 'model_high_priority']"
1269,content_5c603e31aa18,0.503247099676165,High,refresh_review,['model_high_priority']
1270,content_292059c0400f,0.5032010694159192,High,refresh_review,"['observed_declining_trend', 'large_observed_decline', 'model_high_priority']"
1271,content_037e2942d68b,0.5031389418978144,High,refresh_review,"['observed_declining_trend', 'large_observed_decline', 'model_high_priority']"
1272,content_92ad918a6cc5,0.5031008665958514,High,refresh_review,['model_high_priority']
1273,content_5773c94c67f5,0.5030744684601912,High,refresh_review,"['observed_declining_trend', 'large_observed_decline', 'model_high_priority']"
1274,content_76189a98416b,0.5030617219628778,High,refresh_review,"['observed_declining_trend', 'large_observed_decline', 'model_high_priority']"
1275,content_d7717da18304,0.5030511244029018,High,refresh_review,['model_high_priority']
1276,content_69bc7f1d3570,0.5029328854914137,High,refresh_review,['model_high_priority']
1277,content_b32d3698d69c,0.502928870955449,High,refresh_review,"['observed_declining_trend', 'large_observed_decline', 'model_high_priority']"
1278,content_a5f41d4af8c3,0.5028160986841431,High,refresh_review,['model_high_priority']
1279,content_ba663b76c64b,0.5028133187487256,High,refresh_review,"['observed_declining_trend', 'large_observed_decline', 'model_high_priority']"
1280,content_31d09b61ad7f,0.5027895228950394,High,refresh_review,"['observed_declining_trend', 'large_observed_decline', 'model_high_priority']"
1281,content_d248f78edf97,0.5027179805176768,High,refresh_review,"['observed_declining_trend', 'large_observed_decline', 'model_high_priority']"
1282,content_80c75b9d8e8d,0.5026994485920627,High,refresh_review,"['observed_declining_trend', 'large_observed_decline', 'model_high_priority']"
1283,content_1d8f7c4c3e3c,0.5026823009367292,High,refresh_review,"['observed_declining_trend', 'large_observed_decline', 'model_high_priority']"
1284,content_ffe8ee872237,0.5025983588762203,High,refresh_review,['model_high_priority']
1285,content_3aec04992cd8,0.5024889004531452,High,refresh_review,"['observed_declining_trend', 'large_observed_decline', 'model_high_priority']"
1286,content_5551a4c5ed02,0.5024830747310283,High,refresh_review,"['observed_declining_trend', 'large_observed_decline', 'model_high_priority']"
1287,content_45d3aa65f4df,0.5024304112904289,High,refresh_review,"['observed_declining_trend', 'large_observed_decline', 'model_high_priority']"
1288,content_25f3df513e2e,0.5024214916318116,High,refresh_review,"['observed_declining_trend', 'large_observed_decline', 'model_high_priority']"
1289,content_6e42f39e35ac,0.5023373006699117,High,refresh_review,['model_high_priority']
1290,content_c63e0af4b14a,0.5022795076207136,High,refresh_review,"['observed_declining_trend', 'large_observed_decline', 'model_high_priority']"
1291,content_03d074e8f486,0.5021318859882477,High,refresh_review,"['observed_declining_trend', 'large_observed_decline', 'model_high_priority']"
1292,content_9eb3f1242600,0.502099761981719,High,refresh_review,['model_high_priority']
1293,content_81302b9ba806,0.5020759420822577,High,refresh_review,"['observed_declining_trend', 'large_observed_decline', 'model_high_priority']"
1294,content_4616b55fe88b,0.5020352109295968,High,refresh_review,['model_high_priority']
1295,content_e781d4b27fe0,0.5018849385143599,High,refresh_review,['model_high_priority']
1296,content_b15fab8b1b86,0.5018505294533716,High,refresh_review,"['observed_declining_trend', 'large_observed_decline', 'model_high_priority']"
1297,content_41444315ad9d,0.5017244497360996,High,refresh_review,"['observed_declining_trend', 'large_observed_decline', 'model_high_priority']"
1298,content_a1d554f4c406,0.5017023426097188,High,refresh_review,['model_high_priority']
1299,content_0a94e9f318d6,0.501687477515108,High,refresh_review,"['observed_declining_trend', 'large_observed_decline', 'model_high_priority']"
1300,content_0be51c9e6cbd,0.5016251189935862,High,refresh_review,"['observed_declining_trend', 'large_observed_decline', 'model_high_priority']"
1301,content_93cf86dd5856,0.5016137906518611,High,refresh_review,['model_high_priority']
1302,content_9a5b8476eb7b,0.5015841532044346,High,refresh_review,"['observed_declining_trend', 'large_observed_decline', 'model_high_priority']"
1303,content_6b09c696507d,0.5015299506749181,High,refresh_review,"['observed_declining_trend', 'large_observed_decline', 'model_high_priority']"
1304,content_b5e9f5138959,0.5012553627184461,High,refresh_review,"['observed_declining_trend', 'large_observed_decline', 'model_high_priority']"
1305,content_b1012a045720,0.5012415571439093,High,refresh_review,"['observed_declining_trend', 'large_observed_decline', 'model_high_priority']"
1306,content_8094eccaeb0a,0.5012030473975005,High,refresh_review,"['observed_declining_trend', 'large_observed_decline', 'model_high_priority']"
1307,content_f11ab248c753,0.501107836816603,High,refresh_review,"['observed_declining_trend', 'large_observed_decline', 'model_high_priority']"
1308,content_fd93c477fff0,0.5011074342576841,High,refresh_review,['model_high_priority']
1309,content_17a540c99ba9,0.5010967124614332,High,refresh_review,"['observed_declining_trend', 'large_observed_decline', 'model_high_priority']"
1310,content_711c23a1d649,0.5010519261741961,High,refresh_review,['model_high_priority']
1311,content_93736f8ade40,0.5010333168661074,High,refresh_review,"['observed_declining_trend', 'large_observed_decline', 'model_high_priority']"
1312,content_fd619c9a6c43,0.5010282379865552,High,refresh_review,['model_high_priority']
1313,content_312067cebcd8,0.5010186185765414,High,refresh_review,['model_high_priority']
1314,content_8b2001e96132,0.5009496815971478,High,refresh_review,"['observed_declining_trend', 'large_observed_decline', 'model_high_priority']"
1315,content_7c8916bd0e47,0.5009067192489365,High,refresh_review,"['observed_declining_trend', 'large_observed_decline', 'model_high_priority']"
1316,content_a9179e974712,0.5008997222231486,High,refresh_review,"['observed_declining_trend', 'large_observed_decline', 'model_high_priority']"
1317,content_676074f0d01d,0.5008968830602311,High,refresh_review,['model_high_priority']
1318,content_1b4f5103df87,0.5008464790649145,High,refresh_review,"['observed_declining_trend', 'large_observed_decline', 'model_high_priority']"
1319,content_437d6e67bfe2,0.5008092838769665,High,refresh_review,"['observed_declining_trend', 'large_observed_decline', 'model_high_priority']"
1320,content_17976e270c5a,0.5003833618862743,High,refresh_review,"['observed_declining_trend', 'large_observed_decline', 'model_high_priority']"
1321,content_f6037d96b81a,0.500308175514715,High,refresh_review,"['observed_declining_trend', 'large_observed_decline', 'model_high_priority']"
1322,content_e8be9cd2e1fe,0.5003073584643918,High,refresh_review,"['observed_declining_trend', 'large_observed_decline', 'model_high_priority']"
1323,content_99d0844356a5,0.5001422905412741,High,refresh_review,"['observed_declining_trend', 'large_observed_decline', 'model_high_priority']"
1324,content_1cae0767ba64,0.500021339054082,High,refresh_review,"['observed_declining_trend', 'large_observed_decline', 'model_high_priority']"
1325,content_bc09378360ac,0.4999738547280061,High,refresh_review,"['observed_declining_trend', 'large_observed_decline', 'model_high_priority']"
1326,content_f55c4e2464ad,0.49995479363180967,High,refresh_review,['model_high_priority']
1327,content_1664ee5ccac8,0.4999434280789898,High,refresh_review,['model_high_priority']
1328,content_c5ac46558df3,0.4998626146474596,High,refresh_review,"['observed_declining_trend', 'large_observed_decline', 'model_high_priority']"
1329,content_6ac3ab740bbf,0.4997056388815239,High,refresh_review,"['observed_declining_trend', 'large_observed_decline', 'model_high_priority']"
1330,content_b5716f2631dc,0.49967192346239303,High,refresh_review,"['observed_declining_trend', 'large_observed_decline', 'model_high_priority']"
1331,content_5d6c8d441274,0.499646990085472,High,refresh_review,"['observed_declining_trend', 'large_observed_decline', 'model_high_priority']"
1332,content_5a8842185314,0.49961275978632896,High,refresh_review,"['observed_declining_trend', 'large_observed_decline', 'model_high_priority']"
1333,content_191ccacae9fa,0.49957355239423473,High,refresh_review,['model_high_priority']
1334,content_2692ad4b0ec3,0.4994533858422294,High,refresh_review,"['observed_declining_trend', 'large_observed_decline', 'model_high_priority']"
1335,content_314822ae53de,0.4994258828526033,High,refresh_review,"['observed_declining_trend', 'large_observed_decline', 'model_high_priority']"
1336,content_8598c37f3792,0.4993997280056169,High,refresh_review,"['observed_declining_trend', 'large_observed_decline', 'model_high_priority']"
1337,content_aec0a7f1c9f0,0.4993098766830057,High,refresh_review,['model_high_priority']
1338,content_204a8a98fd4f,0.4992844078484858,High,refresh_review,"['observed_declining_trend', 'large_observed_decline', 'model_high_priority']"
1339,content_82107ddb4e14,0.4992245264693787,High,refresh_review,['model_high_priority']
1340,content_e68936f45a7a,0.499141458750886,High,refresh_review,['model_high_priority']
1341,content_865fd632a1f3,0.4991135184765117,High,refresh_review,"['observed_declining_trend', 'large_observed_decline', 'model_high_priority']"
1342,content_0ae004d4a60f,0.49887357888151257,High,refresh_review,['model_high_priority']
1343,content_054dada48c93,0.49887084260671877,High,refresh_review,"['observed_declining_trend', 'large_observed_decline', 'model_high_priority']"
1344,content_c60b0a4ba18f,0.49884745656649937,High,refresh_review,['model_high_priority']
1345,content_9bffe222a0f6,0.4988284782436535,High,refresh_review,"['observed_declining_trend', 'large_observed_decline', 'model_high_priority']"
1346,content_c66f2e695f40,0.498780489871157,High,refresh_review,['model_high_priority']
1347,content_0d1bee747e48,0.49868950601231055,High,refresh_review,"['observed_declining_trend', 'large_observed_decline', 'model_high_priority']"
1348,content_5ed1aa17875a,0.4986543249178889,High,refresh_review,['model_high_priority']
1349,content_98104c021ff2,0.498429180951242,High,refresh_review,['model_high_priority']
1350,content_700061cecdf3,0.4983339294531199,High,refresh_review,"['observed_declining_trend', 'large_observed_decline', 'model_high_priority']"
1351,content_99af6f9fbda3,0.49833362272558684,High,refresh_review,"['observed_declining_trend', 'large_observed_decline', 'model_high_priority']"
1352,content_50644c465743,0.49824087244081433,High,refresh_review,"['observed_declining_trend', 'large_observed_decline', 'model_high_priority']"
1353,content_a0777b0fd936,0.49821848521241097,High,refresh_review,['model_high_priority']
1354,content_6b91347ea965,0.4981956072904228,High,refresh_review,"['observed_declining_trend', 'large_observed_decline', 'model_high_priority']"
1355,content_72a51b4538b7,0.4980601525424359,High,refresh_review,['model_high_priority']
1356,content_70410e39532b,0.4979614680029354,High,refresh_review,"['observed_declining_trend', 'large_observed_decline', 'model_high_priority']"
1357,content_3587f30c8750,0.49788069319072464,High,refresh_review,"['observed_declining_trend', 'large_observed_decline', 'model_high_priority']"
1358,content_ffc464755d07,0.49782867533078284,High,refresh_review,['model_high_priority']
1359,content_cc16fcbe3c00,0.49782044704733786,High,refresh_review,"['observed_declining_trend', 'large_observed_decline', 'model_high_priority']"
1360,content_51c40ca43b1b,0.4978096135263034,High,refresh_review,['model_high_priority']
1361,content_f68fc903dd4f,0.49778709847133634,High,refresh_review,"['observed_declining_trend', 'large_observed_decline', 'model_high_priority']"
1362,content_36ae8f8944d6,0.4977168097450582,High,refresh_review,"['observed_declining_trend', 'large_observed_decline', 'model_high_priority']"
1363,content_6ce5384eec9b,0.4977118396941743,High,refresh_review,['model_high_priority']
1364,content_04f99090dc2c,0.4976828691769571,High,refresh_review,"['observed_declining_trend', 'large_observed_decline', 'model_high_priority']"
1365,content_21372059d29f,0.4976708762990625,High,refresh_review,"['observed_declining_trend', 'large_observed_decline', 'model_high_priority']"
1366,content_f698f57c8375,0.4976607184340877,High,refresh_review,"['observed_declining_trend', 'large_observed_decline', 'model_high_priority']"
1367,content_7f6b72253c41,0.49763930506910126,High,refresh_review,"['observed_declining_trend', 'large_observed_decline', 'model_high_priority']"
1368,content_9be18970d557,0.4975919376359396,High,refresh_review,['model_high_priority']
1369,content_edf5b03b36aa,0.49757805714084147,High,refresh_review,"['observed_declining_trend', 'large_observed_decline', 'model_high_priority']"
1370,content_8d3d36fb50bb,0.4975086680136196,High,refresh_review,"['observed_declining_trend', 'large_observed_decline', 'model_high_priority']"
1371,content_7ad5e4fd6c85,0.49740029333308255,High,refresh_review,"['observed_declining_trend', 'large_observed_decline', 'model_high_priority']"
1372,content_27a9abf3684f,0.497310699726353,High,refresh_review,"['observed_declining_trend', 'large_observed_decline', 'model_high_priority']"
1373,content_8958ba0e63fc,0.4973087084851257,High,refresh_review,"['observed_declining_trend', 'large_observed_decline', 'model_high_priority']"
1374,content_2c397ee9fc2b,0.4972760047567263,High,refresh_review,['model_high_priority']
1375,content_cf01d88fa7e3,0.49695019830815484,High,refresh_review,"['observed_declining_trend', 'large_observed_decline', 'model_high_priority']"
1376,content_f852ec837892,0.496824079208984,High,refresh_review,"['observed_declining_trend', 'large_observed_decline', 'model_high_priority']"
1377,content_0ef518e44e5c,0.49663170952633406,High,refresh_review,"['observed_declining_trend', 'large_observed_decline', 'model_high_priority']"
1378,content_2c5074e067a5,0.49660629144558877,High,refresh_review,"['observed_declining_trend', 'large_observed_decline', 'model_high_priority']"
1379,content_33ff51dd343d,0.4964981612212901,High,refresh_review,"['observed_declining_trend', 'large_observed_decline', 'model_high_priority']"
1380,content_d80c2f4f82da,0.49642276309932015,High,refresh_review,"['observed_declining_trend', 'large_observed_decline', 'model_high_priority']"
1381,content_d0b3aef66944,0.49637124043506636,High,refresh_review,"['observed_declining_trend', 'large_observed_decline', 'model_high_priority']"
1382,content_a0ccf4e371fd,0.4963543417355182,High,refresh_review,['model_high_priority']
1383,content_2388ea11be57,0.49633194164206385,High,refresh_review,['model_high_priority']
1384,content_ec8c9af6479a,0.49626110192682876,High,refresh_review,['model_high_priority']
1385,content_ff7519d55881,0.496183027585798,High,refresh_review,"['observed_declining_trend', 'large_observed_decline', 'model_high_priority']"
1386,content_a3a47d734b8a,0.4961662374298886,High,refresh_review,['model_high_priority']
1387,content_eedc16a08bf7,0.49616139999006575,High,refresh_review,"['observed_declining_trend', 'large_observed_decline', 'model_high_priority']"
1388,content_d4d0b65e5582,0.4961460280833817,High,refresh_review,"['observed_declining_trend', 'large_observed_decline', 'model_high_priority']"
1389,content_1bc2a01f84df,0.49609128353473714,High,refresh_review,['model_high_priority']
1390,content_5e0686a500c2,0.4960001981549764,High,refresh_review,"['observed_declining_trend', 'large_observed_decline', 'model_high_priority']"
1391,content_0a47ded24495,0.4958168971990178,High,refresh_review,['model_high_priority']
1392,content_b003870be70a,0.4956896562559901,High,refresh_review,"['observed_declining_trend', 'large_observed_decline', 'model_high_priority']"
1393,content_b77fa82a63b8,0.49556410600897977,High,refresh_review,"['observed_declining_trend', 'large_observed_decline', 'model_high_priority']"
1394,content_1ec9f9f698a6,0.4955275334788712,High,refresh_review,"['observed_declining_trend', 'large_observed_decline', 'model_high_priority']"
1395,content_61ec52007f84,0.49543826764621346,High,refresh_review,"['observed_declining_trend', 'large_observed_decline', 'model_high_priority']"
1396,content_5f2bd2ed76fd,0.4953371292088767,High,refresh_review,['model_high_priority']
1397,content_4dd569ee33c9,0.49532828654644373,High,refresh_review,"['large_observed_decline', 'model_high_priority']"
1398,content_4554da2c961a,0.4952680788419276,High,refresh_review,"['observed_declining_trend', 'large_observed_decline', 'model_high_priority']"
1399,content_dc936e2a4bed,0.4951868907845783,High,refresh_review,"['observed_declining_trend', 'large_observed_decline', 'model_high_priority']"
1400,content_f3a4a0cd98cc,0.4951755407724351,High,refresh_review,"['observed_declining_trend', 'large_observed_decline', 'model_high_priority']"
1401,content_9b24023c059f,0.49514173090471464,High,refresh_review,['model_high_priority']
1402,content_36ded68e6bf1,0.49505107086927913,High,refresh_review,"['observed_declining_trend', 'large_observed_decline', 'model_high_priority']"
1403,content_b9104a222d01,0.4950204364084749,High,refresh_review,"['observed_declining_trend', 'large_observed_decline', 'model_high_priority']"
1404,content_9b0075a45056,0.4949319196122109,High,refresh_review,['model_high_priority']
1405,content_fe95a108e96a,0.4948409453497923,High,refresh_review,"['observed_declining_trend', 'large_observed_decline', 'model_high_priority']"
1406,content_f239c6b2fceb,0.4948109217143833,High,refresh_review,"['observed_declining_trend', 'large_observed_decline', 'model_high_priority']"
1407,content_be4d32ea6848,0.49477487120220576,High,refresh_review,"['observed_declining_trend', 'large_observed_decline', 'model_high_priority']"
1408,content_d8b9e818c1b9,0.4947745734042755,High,refresh_review,"['observed_declining_trend', 'large_observed_decline', 'model_high_priority']"
1409,content_7c3eb1c41f29,0.4947684279722995,High,refresh_review,['model_high_priority']
1410,content_9c897334f26f,0.494706968158609,High,refresh_review,"['observed_declining_trend', 'large_observed_decline', 'model_high_priority']"
1411,content_128de35a7595,0.494640098644144,High,refresh_review,"['observed_declining_trend', 'large_observed_decline', 'model_high_priority']"
1412,content_15573a52b6e7,0.49445367878166424,High,refresh_review,"['observed_declining_trend', 'large_observed_decline', 'model_high_priority']"
1413,content_f1fa2456380b,0.49439248741380176,High,refresh_review,"['observed_declining_trend', 'large_observed_decline', 'model_high_priority']"
1414,content_a7371a4c1b1e,0.4943224673185354,High,refresh_review,['model_high_priority']
1415,content_0fe2b5eda5c5,0.4943132475986888,High,refresh_review,"['observed_declining_trend', 'large_observed_decline', 'model_high_priority']"
1416,content_10c16c9b435a,0.49415915097402774,High,refresh_review,['model_high_priority']
1417,content_178bd4fd50c3,0.4941422313933781,High,refresh_review,"['observed_declining_trend', 'large_observed_decline', 'model_high_priority']"
1418,content_f2508318df4b,0.49389385642118866,High,refresh_review,"['observed_declining_trend', 'large_observed_decline', 'model_high_priority']"
1419,content_8025e3894512,0.49389194330984365,High,refresh_review,"['observed_declining_trend', 'large_observed_decline', 'model_high_priority']"
1420,content_2e6dcf759a44,0.49383172964033745,High,refresh_review,"['observed_declining_trend', 'large_observed_decline', 'model_high_priority']"
1421,content_4b7a721bc15c,0.49382460064141714,High,refresh_review,"['observed_declining_trend', 'large_observed_decline', 'model_high_priority']"
1422,content_9fc41e4ea334,0.4938198849552332,High,refresh_review,"['observed_declining_trend', 'large_observed_decline', 'model_high_priority']"
1423,content_d066bbc6e0c2,0.4937567939589489,High,refresh_review,"['observed_declining_trend', 'large_observed_decline', 'model_high_priority']"
1424,content_ddb55d79736a,0.49371463437418023,High,refresh_review,['model_high_priority']
1425,content_a88e345b9f1a,0.4936959875286753,High,refresh_review,"['observed_declining_trend', 'large_observed_decline', 'model_high_priority']"
1426,content_34cf15fab5ce,0.49365574321446265,High,refresh_review,"['large_observed_decline', 'model_high_priority']"
1427,content_41fff7a1aa8c,0.49357704030173577,High,refresh_review,"['observed_declining_trend', 'large_observed_decline', 'model_high_priority']"
1428,content_13cfec0b5b2f,0.4935576569486275,High,refresh_review,"['observed_declining_trend', 'large_observed_decline', 'model_high_priority']"
1429,content_cbb90faac06c,0.49354812317728364,High,refresh_review,['model_high_priority']
1430,content_e1cd979ce9e6,0.49353916806288767,High,refresh_review,['model_high_priority']
1431,content_a461c32f5504,0.4935248139283818,High,refresh_review,"['observed_declining_trend', 'large_observed_decline', 'model_high_priority']"
1432,content_5e03e22bdd98,0.493423677854402,High,refresh_review,"['observed_declining_trend', 'large_observed_decline', 'model_high_priority']"
1433,content_17dde6e2a013,0.4934024382576293,High,refresh_review,['model_high_priority']
1434,content_f5330c56f1ca,0.4933771686050598,High,refresh_review,"['observed_declining_trend', 'large_observed_decline', 'model_high_priority']"
1435,content_681a43300b4f,0.4932147891207736,High,refresh_review,"['observed_declining_trend', 'large_observed_decline', 'model_high_priority']"
1436,content_982cccc7ce1d,0.49290384695928424,High,refresh_review,"['observed_declining_trend', 'large_observed_decline', 'model_high_priority']"
1437,content_5be3b96151e5,0.4928819840407049,High,refresh_review,['model_high_priority']
1438,content_fad84659065c,0.49278708058345083,High,refresh_review,"['observed_declining_trend', 'large_observed_decline', 'model_high_priority']"
1439,content_39fdb8374b46,0.49273811462651895,High,refresh_review,"['observed_declining_trend', 'large_observed_decline', 'model_high_priority']"
1440,content_98873bc7ee8f,0.49266161853416407,High,refresh_review,"['observed_declining_trend', 'large_observed_decline', 'model_high_priority']"
1441,content_d4fb9c8391a0,0.4926100606858304,High,refresh_review,"['observed_declining_trend', 'large_observed_decline', 'model_high_priority']"
1442,content_e05eae1d648a,0.4925985920808924,High,refresh_review,"['observed_declining_trend', 'large_observed_decline', 'model_high_priority']"
1443,content_34ad541ab004,0.4925129563144425,High,refresh_review,"['observed_declining_trend', 'large_observed_decline', 'model_high_priority']"
1444,content_42cb3441f18d,0.4924571742966429,High,refresh_review,"['observed_declining_trend', 'large_observed_decline', 'model_high_priority']"
1445,content_f8b8f0d7e315,0.4924324032074374,High,refresh_review,['model_high_priority']
1446,content_3f8c2b409817,0.4923294324557543,High,refresh_review,['model_high_priority']
1447,content_e1c9c3cb2e16,0.49230701934874543,High,refresh_review,"['observed_declining_trend', 'large_observed_decline', 'model_high_priority']"
1448,content_e2a573f2180b,0.4922842733209935,High,refresh_review,['model_high_priority']
1449,content_a7c9a38eb5f2,0.4922780699621824,High,refresh_review,"['observed_declining_trend', 'large_observed_decline', 'model_high_priority']"
1450,content_c2d93e0c1e52,0.49215424938246133,High,refresh_review,['model_high_priority']
1451,content_62653d10cc38,0.4921078370579551,High,refresh_review,"['observed_declining_trend', 'large_observed_decline', 'model_high_priority']"
1452,content_1ac5bfdf2cda,0.4919831983855872,High,refresh_review,['model_high_priority']
1453,content_594b6127b732,0.4919556991676051,High,refresh_review,"['observed_declining_trend', 'large_observed_decline', 'model_high_priority']"
1454,content_e54f6d06e493,0.49192125418421134,High,refresh_review,"['observed_declining_trend', 'large_observed_decline', 'model_high_priority']"
1455,content_5734a4695671,0.49189739022336776,High,refresh_review,['model_high_priority']
1456,content_fdb0d6122e7f,0.4917335318988205,High,refresh_review,['model_high_priority']
1457,content_5eabfc22996f,0.4916719138184885,High,refresh_review,"['observed_declining_trend', 'large_observed_decline', 'model_high_priority']"
1458,content_8883df6fc98b,0.4916148144919948,High,refresh_review,['model_high_priority']
1459,content_fad0a4a335ba,0.49149968981451553,High,refresh_review,['model_high_priority']
1460,content_ce58f03a98f8,0.49147406226705953,High,refresh_review,"['observed_declining_trend', 'large_observed_decline', 'model_high_priority']"
1461,content_93172cd5b05f,0.49142735047309555,High,refresh_review,"['observed_declining_trend', 'large_observed_decline', 'model_high_priority']"
1462,content_1e4706619c44,0.491379898410328,High,refresh_review,['model_high_priority']
1463,content_c0eabdedc403,0.49127781963252526,High,refresh_review,['model_high_priority']
1464,content_475cb3299049,0.49115024192558726,High,refresh_review,"['observed_declining_trend', 'large_observed_decline', 'model_high_priority']"
1465,content_49f3c8563f5e,0.49102508329623135,High,refresh_review,"['observed_declining_trend', 'large_observed_decline', 'model_high_priority']"
1466,content_5ebe639dafce,0.4909850473199294,High,refresh_review,['model_high_priority']
1467,content_c6254a2cbb2d,0.490971456684585,High,refresh_review,"['observed_declining_trend', 'large_observed_decline', 'model_high_priority']"
1468,content_c149dfab5d24,0.49090995758432615,High,refresh_review,['model_high_priority']
1469,content_16757dfdbd5d,0.49083456414199467,High,refresh_review,['model_high_priority']
1470,content_529a78e263c8,0.49072317909461155,High,refresh_review,['model_high_priority']
1471,content_c053690e7e3a,0.4906660421246854,High,refresh_review,"['observed_declining_trend', 'large_observed_decline', 'model_high_priority']"
1472,content_760b931d5f22,0.4904774177011469,High,refresh_review,['model_high_priority']
1473,content_75bbe9161b5d,0.4904738059544918,High,refresh_review,"['observed_declining_trend', 'large_observed_decline', 'model_high_priority']"
1474,content_37767b424074,0.4904011499447436,High,refresh_review,"['observed_declining_trend', 'large_observed_decline', 'model_high_priority']"
1475,content_4002e38e9d64,0.49027173871562685,High,refresh_review,"['observed_declining_trend', 'large_observed_decline', 'model_high_priority']"
1476,content_fb79d33c4d8a,0.4902473605538377,High,refresh_review,['model_high_priority']
1477,content_94bfb13f7c09,0.4902014828050565,High,refresh_review,['model_high_priority']
1478,content_5b427a81c0b2,0.4901605857955178,High,refresh_review,"['observed_declining_trend', 'large_observed_decline', 'model_high_priority']"
1479,content_fd80316eb144,0.4900753617339146,High,refresh_review,"['observed_declining_trend', 'large_observed_decline', 'model_high_priority']"
1480,content_f831e08634d5,0.48998322528256305,High,refresh_review,"['observed_declining_trend', 'large_observed_decline', 'model_high_priority']"
1481,content_9cbc771ec4d9,0.4899263651792262,High,refresh_review,"['observed_declining_trend', 'large_observed_decline', 'model_high_priority']"
1482,content_9f3be5690b53,0.4899253724343483,High,refresh_review,"['observed_declining_trend', 'large_observed_decline', 'model_high_priority']"
1483,content_b03ea7190aea,0.4898945862028217,High,refresh_review,"['observed_declining_trend', 'large_observed_decline', 'model_high_priority']"
1484,content_c40391b61a4e,0.4898454714671033,High,refresh_review,"['observed_declining_trend', 'large_observed_decline', 'model_high_priority']"
1485,content_93e1ebff27b8,0.48982010530400877,High,refresh_review,['model_high_priority']
1486,content_8c16f25e81ce,0.489787132070448,High,refresh_review,['model_high_priority']
1487,content_9fb4690a909c,0.4897034347130139,High,refresh_review,"['observed_declining_trend', 'large_observed_decline', 'model_high_priority']"
1488,content_73ee00dad7f8,0.48965015572343656,High,refresh_review,['model_high_priority']
1489,content_f71b51242c56,0.48964626190768884,High,refresh_review,"['observed_declining_trend', 'large_observed_decline', 'model_high_priority']"
1490,content_ec6fce716c78,0.48962953858188646,High,refresh_review,['model_high_priority']
1491,content_5755ad09b9d2,0.4895325074552817,High,refresh_review,['model_high_priority']
1492,content_83ed44baec0f,0.4894066636354028,High,refresh_review,['model_high_priority']
1493,content_6917e99ae191,0.48939307277587696,High,refresh_review,['model_high_priority']
1494,content_cce5e5d3683e,0.4893431361876016,High,refresh_review,"['observed_declining_trend', 'large_observed_decline', 'model_high_priority']"
1495,content_ad92ece81563,0.4893077747988186,High,refresh_review,['model_high_priority']
1496,content_cd44b873369f,0.4892006600528768,High,refresh_review,"['observed_declining_trend', 'large_observed_decline', 'model_high_priority']"
1497,content_837c4ebfd762,0.48918060839732563,High,refresh_review,"['observed_declining_trend', 'large_observed_decline', 'model_high_priority']"
1498,content_c98a488df236,0.4891607759618707,High,refresh_review,"['observed_declining_trend', 'large_observed_decline', 'model_high_priority']"
1499,content_5bfda3888862,0.4890761668136803,High,refresh_review,"['observed_declining_trend', 'large_observed_decline', 'model_high_priority']"
1500,content_6ab05b9d2cd8,0.4890287970472492,High,refresh_review,['model_high_priority']
1501,content_326a540b3a6e,0.48896566236680505,High,refresh_review,"['observed_declining_trend', 'large_observed_decline', 'model_high_priority']"
1502,content_07b0988606b3,0.4889435778018795,High,refresh_review,"['observed_declining_trend', 'large_observed_decline', 'model_high_priority']"
1503,content_ef98eb44616e,0.48886546808326625,High,refresh_review,"['observed_declining_trend', 'large_observed_decline', 'model_high_priority']"
1504,content_c473347996ee,0.48886105872880004,High,refresh_review,"['observed_declining_trend', 'large_observed_decline', 'model_high_priority']"
1505,content_cbb55a6e67e4,0.488755009094088,High,refresh_review,"['observed_declining_trend', 'large_observed_decline', 'model_high_priority']"
1506,content_50b70a86730c,0.48873489842056045,High,refresh_review,['model_high_priority']
1507,content_1b920d0039ba,0.4887133941503667,High,refresh_review,"['observed_declining_trend', 'large_observed_decline', 'model_high_priority']"
1508,content_671937fac53d,0.48869654811310087,High,refresh_review,['model_high_priority']
1509,content_f562786a3f25,0.488673647618495,High,refresh_review,"['observed_declining_trend', 'large_observed_decline', 'model_high_priority']"
1510,content_5fc851327097,0.4886041991352252,High,refresh_review,['model_high_priority']
1511,content_2976424d2242,0.48854268213138263,High,refresh_review,['model_high_priority']
1512,content_e1e60f196c3f,0.4884657865908258,High,refresh_review,"['observed_declining_trend', 'large_observed_decline', 'model_high_priority']"
1513,content_53d6fdc534bc,0.4884587695188363,High,refresh_review,['model_high_priority']
1514,content_0193115aa8e6,0.48842372901135633,High,refresh_review,['model_high_priority']
1515,content_b2402d83386a,0.4882521270054898,High,refresh_review,"['observed_declining_trend', 'large_observed_decline', 'model_high_priority']"
1516,content_2dd441ededdf,0.4882517835190998,High,refresh_review,"['observed_declining_trend', 'large_observed_decline', 'model_high_priority']"
1517,content_e66dd89749be,0.4881733735805046,High,refresh_review,"['observed_declining_trend', 'large_observed_decline', 'model_high_priority']"
1518,content_3efd1f7a5dde,0.48804798547241235,High,refresh_review,['model_high_priority']
1519,content_48cc6894c726,0.4880177748791281,High,refresh_review,"['observed_declining_trend', 'large_observed_decline', 'model_high_priority']"
1520,content_dd4ac84ca18a,0.4879138348819107,High,refresh_review,['model_high_priority']
1521,content_b662dbf2fbf3,0.4879012595526179,High,refresh_review,"['observed_declining_trend', 'large_observed_decline', 'model_high_priority']"
1522,content_07d062db2b51,0.4878600344087763,High,refresh_review,['model_high_priority']
1523,content_c26a63209e39,0.48780162248407627,High,refresh_review,"['observed_declining_trend', 'large_observed_decline', 'model_high_priority']"
1524,content_32a36b37175a,0.48776600705153983,High,refresh_review,"['observed_declining_trend', 'large_observed_decline', 'model_high_priority']"
1525,content_d7e2cf6d586d,0.48774469470037096,High,refresh_review,"['observed_declining_trend', 'large_observed_decline', 'model_high_priority']"
1526,content_1d3f05ee1ded,0.48774250863218743,High,refresh_review,"['observed_declining_trend', 'large_observed_decline', 'model_high_priority']"
1527,content_b9628815a443,0.48771969811299554,High,refresh_review,"['observed_declining_trend', 'large_observed_decline', 'model_high_priority']"
1528,content_4af6d609067b,0.48769057466352983,High,refresh_review,['model_high_priority']
1529,content_52cf99c131bc,0.4876179919171501,High,refresh_review,"['observed_declining_trend', 'large_observed_decline', 'model_high_priority']"
1530,content_d4d880bb41f3,0.48751976396516983,High,refresh_review,"['observed_declining_trend', 'large_observed_decline', 'model_high_priority']"
1531,content_dcc72a7f01f3,0.48750720152347604,High,refresh_review,"['observed_declining_trend', 'large_observed_decline', 'model_high_priority']"
1532,content_4ea3bf51de39,0.4874156638672965,High,refresh_review,['model_high_priority']
1533,content_7954b7f440ce,0.48739858352002924,High,refresh_review,"['observed_declining_trend', 'large_observed_decline', 'model_high_priority']"
1534,content_9e67fb86d1a0,0.4871936775906768,High,refresh_review,['model_high_priority']
1535,content_e1e94a14bf22,0.48718377920428985,High,refresh_review,"['observed_declining_trend', 'large_observed_decline', 'model_high_priority']"
1536,content_e8389526d549,0.4870757138670946,High,refresh_review,"['observed_declining_trend', 'large_observed_decline', 'model_high_priority']"
1537,content_c6c89218b516,0.48704452110140406,High,refresh_review,"['observed_declining_trend', 'large_observed_decline', 'model_high_priority']"
1538,content_ada7dbd198ce,0.4869856159397233,High,refresh_review,"['observed_declining_trend', 'large_observed_decline', 'model_high_priority']"
1539,content_e2d9f7cf4cc9,0.4869851550567388,High,refresh_review,"['observed_declining_trend', 'large_observed_decline', 'model_high_priority']"
1540,content_7f145740b240,0.4869487754984766,High,refresh_review,"['observed_declining_trend', 'large_observed_decline', 'model_high_priority']"
1541,content_7a6cb4857fe6,0.48691916928635026,High,refresh_review,"['observed_declining_trend', 'large_observed_decline', 'model_high_priority']"
1542,content_5252d63d75fc,0.4869039266086284,High,refresh_review,"['observed_declining_trend', 'large_observed_decline', 'model_high_priority']"
1543,content_baf492bc46f7,0.4867847703835161,High,refresh_review,"['observed_declining_trend', 'large_observed_decline', 'model_high_priority']"
1544,content_ed698cff1b49,0.4867204241771384,High,refresh_review,"['observed_declining_trend', 'large_observed_decline', 'model_high_priority']"
1545,content_fadc1b872839,0.4866406916850448,High,refresh_review,"['observed_declining_trend', 'large_observed_decline', 'model_high_priority']"
1546,content_0d84c40b49c3,0.4866365344863647,High,refresh_review,"['observed_declining_trend', 'large_observed_decline', 'model_high_priority']"
1547,content_6674ae339044,0.4865609833111962,High,refresh_review,"['observed_declining_trend', 'large_observed_decline', 'model_high_priority']"
1548,content_96f71db7aa78,0.4865388116482102,High,refresh_review,"['observed_declining_trend', 'large_observed_decline', 'model_high_priority']"
1549,content_7763d04703d0,0.48650065636607487,High,refresh_review,['model_high_priority']
1550,content_499076ef81ae,0.4864968231227878,High,refresh_review,"['observed_declining_trend', 'large_observed_decline', 'model_high_priority']"
1551,content_3cf1dc2271b5,0.4863051520496032,High,refresh_review,['model_high_priority']
1552,content_36ddf695beb7,0.4862209385304363,High,refresh_review,['model_high_priority']
1553,content_6264e171fb5f,0.4861176793754255,High,refresh_review,"['observed_declining_trend', 'large_observed_decline', 'model_high_priority']"
1554,content_f3f6bdc23b51,0.4861055920659856,High,refresh_review,['model_high_priority']
1555,content_d72d7c2f021d,0.4861034011801727,High,refresh_review,"['observed_declining_trend', 'large_observed_decline', 'model_high_priority']"
1556,content_ccaf3a0a98f0,0.4860877749336216,High,refresh_review,"['observed_declining_trend', 'large_observed_decline', 'model_high_priority']"
1557,content_78ecdde1a864,0.4860877749336216,High,refresh_review,"['observed_declining_trend', 'large_observed_decline', 'model_high_priority']"
1558,content_9ae5157e9941,0.48608706938075535,High,refresh_review,"['observed_declining_trend', 'large_observed_decline', 'model_high_priority']"
1559,content_b275238955fe,0.48602540573927344,High,refresh_review,"['observed_declining_trend', 'large_observed_decline', 'model_high_priority']"
1560,content_7dfafed821a2,0.4860130451965334,High,refresh_review,"['observed_declining_trend', 'large_observed_decline', 'model_high_priority']"
1561,content_cb5e5923a5aa,0.48597780637288035,High,refresh_review,"['observed_declining_trend', 'large_observed_decline', 'model_high_priority']"
1562,content_8c9b4df92b7b,0.48591299923667747,High,refresh_review,"['observed_declining_trend', 'large_observed_decline', 'model_high_priority']"
1563,content_43756d6227dd,0.48589164532824847,High,refresh_review,"['observed_declining_trend', 'large_observed_decline', 'model_high_priority']"
1564,content_49077ded3aed,0.4858859166601708,High,refresh_review,"['observed_declining_trend', 'large_observed_decline', 'model_high_priority']"
1565,content_613cb54ed11e,0.4858703307898936,High,refresh_review,['model_high_priority']
1566,content_dd3e4df749a3,0.48578620678222384,High,refresh_review,"['observed_declining_trend', 'large_observed_decline', 'model_high_priority']"
1567,content_99aeeed59c45,0.48565065375346533,High,refresh_review,['model_high_priority']
1568,content_86ed40f760d2,0.48564110032105084,High,refresh_review,"['observed_declining_trend', 'large_observed_decline', 'model_high_priority']"
1569,content_514a8f69a70e,0.4855153882549325,High,refresh_review,"['observed_declining_trend', 'large_observed_decline', 'model_high_priority']"
1570,content_97f8471b8879,0.4855040814075193,High,refresh_review,"['observed_declining_trend', 'large_observed_decline', 'model_high_priority']"
1571,content_c7db49821748,0.48549979104469365,High,refresh_review,"['observed_declining_trend', 'large_observed_decline', 'model_high_priority']"
1572,content_f0c9af435cc7,0.4854970491649876,High,refresh_review,"['observed_declining_trend', 'large_observed_decline', 'model_high_priority']"
1573,content_3f5848968591,0.48536189588802925,High,refresh_review,['model_high_priority']
1574,content_634a50fa7fad,0.48528076800381514,High,refresh_review,['model_high_priority']
1575,content_962360eab780,0.4852496814189874,High,refresh_review,['model_high_priority']
1576,content_df90bf6b7d9c,0.48524763231174206,High,refresh_review,"['observed_declining_trend', 'large_observed_decline', 'model_high_priority']"
1577,content_79c69e2acb33,0.4851986849107321,High,refresh_review,"['observed_declining_trend', 'large_observed_decline', 'model_high_priority']"
1578,content_e34f363dbf39,0.4851916367897245,High,refresh_review,"['observed_declining_trend', 'large_observed_decline', 'model_high_priority']"
1579,content_147608c766c3,0.48514573399458316,High,refresh_review,"['observed_declining_trend', 'large_observed_decline', 'model_high_priority']"
1580,content_91c02d2830b8,0.4850257577808097,High,refresh_review,['model_high_priority']
1581,content_5af98c4db3f6,0.48500114385938314,High,refresh_review,['model_high_priority']
1582,content_1949eb8a9d1e,0.48491263823030795,High,refresh_review,['model_high_priority']
1583,content_02e42982f154,0.48490857233638746,High,refresh_review,['model_high_priority']
1584,content_76a83cc7b31b,0.48483653704178625,High,refresh_review,['model_high_priority']
1585,content_e8f2b01c3603,0.4848292110105829,High,refresh_review,['model_high_priority']
1586,content_05029401b9b1,0.4847305559979737,High,refresh_review,['model_high_priority']
1587,content_587fdf6f18f8,0.4846920456573423,High,refresh_review,"['observed_declining_trend', 'large_observed_decline', 'model_high_priority']"
1588,content_effca28a4e4f,0.48468202581280007,High,refresh_review,"['observed_declining_trend', 'large_observed_decline', 'model_high_priority']"
1589,content_c24d2ebc3816,0.48465721353215807,High,refresh_review,['model_high_priority']
1590,content_7bc32bc1df59,0.48460239612327255,High,refresh_review,"['observed_declining_trend', 'large_observed_decline', 'model_high_priority']"
1591,content_de0154a19027,0.48457887738430455,High,refresh_review,"['observed_declining_trend', 'large_observed_decline', 'model_high_priority']"
1592,content_e915016ee808,0.4845286765000715,High,refresh_review,['model_high_priority']
1593,content_6fffcdfb9fbb,0.4845160074141754,High,refresh_review,"['observed_declining_trend', 'large_observed_decline', 'model_high_priority']"
1594,content_c14777a03767,0.48445683475937756,High,refresh_review,['model_high_priority']
1595,content_ced8288da781,0.48443030623440025,High,refresh_review,"['observed_declining_trend', 'large_observed_decline', 'model_high_priority']"
1596,content_c82a63988e25,0.4843944612391997,High,refresh_review,"['observed_declining_trend', 'large_observed_decline', 'model_high_priority']"
1597,content_14adfd402445,0.48435618120679486,High,refresh_review,['model_high_priority']
1598,content_ccbfd2913c5b,0.4842590987666736,High,refresh_review,"['observed_declining_trend', 'large_observed_decline', 'model_high_priority']"
1599,content_bd2d3b02b1cc,0.4842128788369189,High,refresh_review,['model_high_priority']
1600,content_e4135f4031ea,0.4841859499317192,High,refresh_review,"['observed_declining_trend', 'large_observed_decline', 'model_high_priority']"
1601,content_8f16a5524eee,0.4841527791982804,High,refresh_review,"['observed_declining_trend', 'large_observed_decline', 'model_high_priority']"
1602,content_5888602cf5d2,0.4839490972293692,High,refresh_review,"['observed_declining_trend', 'large_observed_decline', 'model_high_priority']"
1603,content_9c1862fddbbb,0.4838484999046304,High,refresh_review,"['observed_declining_trend', 'large_observed_decline', 'model_high_priority']"
1604,content_aff115c49a86,0.48383213047377543,High,refresh_review,['model_high_priority']
1605,content_b05bf72d3ece,0.48382606271403505,High,refresh_review,"['observed_declining_trend', 'large_observed_decline', 'model_high_priority']"
1606,content_f40ee3f7157f,0.4838034002599635,High,refresh_review,['model_high_priority']
1607,content_a18a8aaed4a6,0.48377486888253374,High,refresh_review,"['observed_declining_trend', 'large_observed_decline', 'model_high_priority']"
1608,content_dea0d86223f3,0.4837671223177171,High,refresh_review,['model_high_priority']
1609,content_837b79ca14f9,0.48371739052226437,High,refresh_review,['model_high_priority']
1610,content_6cc2663a00ec,0.4836028334726821,High,refresh_review,"['observed_declining_trend', 'large_observed_decline', 'model_high_priority']"
1611,content_cff6fa6c172f,0.48351767931339507,High,refresh_review,"['observed_declining_trend', 'large_observed_decline', 'model_high_priority']"
1612,content_92c6a58824ed,0.48350795818983544,High,refresh_review,['model_high_priority']
1613,content_205796bdf030,0.483500896446126,High,refresh_review,"['observed_declining_trend', 'large_observed_decline', 'model_high_priority']"
1614,content_fd1a1fa2723e,0.4834708275771294,High,refresh_review,"['observed_declining_trend', 'large_observed_decline', 'model_high_priority']"
1615,content_d7270f426bd5,0.4834373913114402,High,refresh_review,['model_high_priority']
1616,content_0e00cf2d7787,0.4834330443645374,High,refresh_review,['model_high_priority']
1617,content_679828cc0bfe,0.4833886428159399,High,refresh_review,"['observed_declining_trend', 'large_observed_decline', 'model_high_priority']"
1618,content_d65a65136d15,0.48332928359550986,High,refresh_review,"['observed_declining_trend', 'large_observed_decline', 'model_high_priority']"
1619,content_27a2fd237adb,0.48328432339547145,High,refresh_review,"['observed_declining_trend', 'large_observed_decline', 'model_high_priority']"
1620,content_6bb324a4b763,0.4831458148465384,High,refresh_review,"['observed_declining_trend', 'large_observed_decline', 'model_high_priority']"
1621,content_81f853902b31,0.48298783962952235,High,refresh_review,['model_high_priority']
1622,content_db3fd75bd4fe,0.4829713098155723,High,refresh_review,"['observed_declining_trend', 'large_observed_decline', 'model_high_priority']"
1623,content_8b6986ed5411,0.4829436830501492,High,refresh_review,['model_high_priority']
1624,content_962972165d6a,0.4828873422573376,High,refresh_review,"['observed_declining_trend', 'large_observed_decline', 'model_high_priority']"
1625,content_182d82aeca03,0.4828865258906472,High,refresh_review,"['observed_declining_trend', 'large_observed_decline', 'model_high_priority']"
1626,content_d272557fb582,0.4828746049748838,High,refresh_review,"['observed_declining_trend', 'large_observed_decline', 'model_high_priority']"
1627,content_df32c8c5c2ce,0.48287120132076894,High,refresh_review,"['observed_declining_trend', 'large_observed_decline', 'model_high_priority']"
1628,content_7b7226ed26a3,0.48285198110625194,High,refresh_review,"['observed_declining_trend', 'large_observed_decline', 'model_high_priority']"
1629,content_7c750052e015,0.4826853387084711,High,refresh_review,"['observed_declining_trend', 'large_observed_decline', 'model_high_priority']"
1630,content_971fb2a30c56,0.48261864328455817,High,refresh_review,"['observed_declining_trend', 'large_observed_decline', 'model_high_priority']"
1631,content_f643d52fa2c8,0.4825898733469085,High,refresh_review,"['observed_declining_trend', 'large_observed_decline', 'model_high_priority']"
1632,content_fc34f96731ff,0.48256495034319385,High,refresh_review,['model_high_priority']
1633,content_da55530ba08e,0.48245349965251666,High,refresh_review,"['observed_declining_trend', 'large_observed_decline', 'model_high_priority']"
1634,content_696f7cd298e3,0.482290875552776,High,refresh_review,"['observed_declining_trend', 'large_observed_decline', 'model_high_priority']"
1635,content_cf5a10fe2674,0.48228560967242873,High,refresh_review,"['observed_declining_trend', 'large_observed_decline', 'model_high_priority']"
1636,content_66a116641435,0.48227944024000163,High,refresh_review,['model_high_priority']
1637,content_f9c40e2ab163,0.482226941872853,High,refresh_review,['model_high_priority']
1638,content_1e9bca8d5b0a,0.4821534729557478,High,refresh_review,['model_high_priority']
1639,content_34f7369c0fe6,0.48213507669569944,High,refresh_review,"['observed_declining_trend', 'large_observed_decline', 'model_high_priority']"
1640,content_4221cd0e0176,0.4820880419180938,High,refresh_review,['model_high_priority']
1641,content_97ac3ef99651,0.48207725585434075,High,refresh_review,['model_high_priority']
1642,content_080edd3dfdf9,0.4820726568650619,High,refresh_review,"['observed_declining_trend', 'large_observed_decline', 'model_high_priority']"
1643,content_0b0e3eb23ba7,0.4820630311888731,High,refresh_review,"['observed_declining_trend', 'large_observed_decline', 'model_high_priority']"
1644,content_43d0fe93a4a3,0.48201593532307657,High,refresh_review,"['observed_declining_trend', 'large_observed_decline', 'model_high_priority']"
1645,content_d00de9241a00,0.4820085802076403,High,refresh_review,"['observed_declining_trend', 'large_observed_decline', 'model_high_priority']"
1646,content_3d2aceccb708,0.4818488947284637,High,refresh_review,['model_high_priority']
1647,content_871212880c20,0.4818390170727405,High,refresh_review,"['observed_declining_trend', 'large_observed_decline', 'model_high_priority']"
1648,content_a698e76903a3,0.48160811854268815,High,refresh_review,['model_high_priority']
1649,content_68c60a712a93,0.4814773660052353,High,refresh_review,['model_high_priority']
1650,content_45250b3944bc,0.4814233057892083,High,refresh_review,['model_high_priority']
1651,content_7c0142ac3194,0.48129547772756004,High,refresh_review,"['observed_declining_trend', 'large_observed_decline', 'model_high_priority']"
1652,content_33715a7a40dd,0.48127327936576375,High,refresh_review,['model_high_priority']
1653,content_85b8d9480084,0.48127251757045886,High,refresh_review,['model_high_priority']
1654,content_6b725466b374,0.48118637463351027,High,refresh_review,['model_high_priority']
1655,content_cd5b1dd872c6,0.48117698966472017,High,refresh_review,"['observed_declining_trend', 'large_observed_decline', 'model_high_priority']"
1656,content_f41eae0e83eb,0.4811433615667325,High,refresh_review,"['observed_declining_trend', 'large_observed_decline', 'model_high_priority']"
1657,content_09f7b75a09a5,0.48110598066079396,High,refresh_review,"['observed_declining_trend', 'large_observed_decline', 'model_high_priority']"
1658,content_a1c230882d7a,0.48105334561179386,High,refresh_review,['model_high_priority']
1659,content_c4e5f95e129e,0.48101354160107995,High,refresh_review,"['observed_declining_trend', 'large_observed_decline', 'model_high_priority']"
1660,content_fdde7746e070,0.481009821590883,High,refresh_review,['model_high_priority']
1661,content_57807d56e39d,0.48096523053550233,High,refresh_review,['model_high_priority']
1662,content_8107a77b97f7,0.4809465859309245,High,refresh_review,"['observed_declining_trend', 'large_observed_decline', 'model_high_priority']"
1663,content_43a9ee4391e5,0.4809043985257958,High,refresh_review,"['observed_declining_trend', 'large_observed_decline', 'model_high_priority']"
1664,content_79ea779b5fcc,0.4806162706200313,High,refresh_review,['model_high_priority']
1665,content_4d6c160998d8,0.4804288092036701,High,refresh_review,"['observed_declining_trend', 'large_observed_decline', 'model_high_priority']"
1666,content_4998a1c76243,0.4802501466901911,High,refresh_review,['model_high_priority']
1667,content_1044412fa6de,0.4800729468696853,High,refresh_review,['model_high_priority']
1668,content_d274ac4158ef,0.4800460514156044,High,refresh_review,['model_high_priority']
1669,content_349a310f6db7,0.4800415445074595,High,refresh_review,"['observed_declining_trend', 'large_observed_decline', 'model_high_priority']"
1670,content_efbb569e748d,0.4800046176131509,High,refresh_review,"['observed_declining_trend', 'large_observed_decline', 'model_high_priority']"
1671,content_afa45e360781,0.47998888122637606,High,refresh_review,"['observed_declining_trend', 'large_observed_decline', 'model_high_priority']"
1672,content_d001e0b9733e,0.479968300573751,High,refresh_review,"['observed_declining_trend', 'large_observed_decline', 'model_high_priority']"
1673,content_65e4c2bf0531,0.479965494960049,High,refresh_review,['model_high_priority']
1674,content_837ee719f74b,0.4799338123686695,High,refresh_review,"['observed_declining_trend', 'large_observed_decline', 'model_high_priority']"
1675,content_0d748c484ab1,0.47987925231315254,High,refresh_review,"['observed_declining_trend', 'large_observed_decline', 'model_high_priority']"
1676,content_1054588132f7,0.4798765742373059,High,refresh_review,['model_high_priority']
1677,content_fd93be360517,0.479788479382177,High,refresh_review,"['observed_declining_trend', 'large_observed_decline', 'model_high_priority']"
1678,content_76058040d76a,0.47974249615889636,High,refresh_review,['model_high_priority']
1679,content_4e6d453b3583,0.4797340288787572,High,refresh_review,"['observed_declining_trend', 'large_observed_decline', 'model_high_priority']"
1680,content_916773a56f03,0.47965525161782274,High,refresh_review,"['observed_declining_trend', 'large_observed_decline', 'model_high_priority']"
1681,content_93ebdcd73dd9,0.4796481577512583,High,refresh_review,"['observed_declining_trend', 'large_observed_decline', 'model_high_priority']"
1682,content_1cbf234b0599,0.479518445287209,High,refresh_review,"['observed_declining_trend', 'large_observed_decline', 'model_high_priority']"
1683,content_4f8c16bcf0cd,0.4794264245820628,High,refresh_review,"['observed_declining_trend', 'large_observed_decline', 'model_high_priority']"
1684,content_94aa12419622,0.47941767296442267,High,refresh_review,['model_high_priority']
1685,content_16fbae3f28dd,0.47936717238408166,High,refresh_review,"['observed_declining_trend', 'large_observed_decline', 'model_high_priority']"
1686,content_a9a4194566d0,0.4792822000137401,High,refresh_review,['model_high_priority']
1687,content_0a429dd0c126,0.47926204486780205,High,refresh_review,"['observed_declining_trend', 'large_observed_decline', 'model_high_priority']"
1688,content_c9fc2aac0673,0.47925594657396403,High,refresh_review,"['observed_declining_trend', 'large_observed_decline', 'model_high_priority']"
1689,content_3a4141cd3e0f,0.4792494591969318,High,refresh_review,"['observed_declining_trend', 'large_observed_decline', 'model_high_priority']"
1690,content_48646ae101fe,0.4792004788539319,High,refresh_review,"['observed_declining_trend', 'large_observed_decline', 'model_high_priority']"
1691,content_59d8f372c6f6,0.47917297063685227,High,refresh_review,"['observed_declining_trend', 'large_observed_decline', 'model_high_priority']"
1692,content_b5c4feda7c40,0.47903591556919667,High,refresh_review,"['observed_declining_trend', 'large_observed_decline', 'model_high_priority']"
1693,content_4d4aec31d213,0.4790354379478238,High,refresh_review,['model_high_priority']
1694,content_e91e792ca8b0,0.4789328460286756,High,refresh_review,"['observed_declining_trend', 'large_observed_decline', 'model_high_priority']"
1695,content_8a1c4eac8445,0.47886791119936123,High,refresh_review,['model_high_priority']
1696,content_1b27d2642fda,0.4788389088205439,High,refresh_review,['model_high_priority']
1697,content_2b7bc8755e21,0.47883442580448615,High,refresh_review,['model_high_priority']
1698,content_ab6b07a70c51,0.47880640417624365,High,refresh_review,"['observed_declining_trend', 'large_observed_decline', 'model_high_priority']"
1699,content_f13ff1dd6aa4,0.478795826554983,High,refresh_review,"['observed_declining_trend', 'large_observed_decline', 'model_high_priority']"
1700,content_4dd642996c10,0.47871541878748153,High,refresh_review,['model_high_priority']
1701,content_66a9e17988f9,0.4786772583417927,High,refresh_review,"['observed_declining_trend', 'large_observed_decline', 'model_high_priority']"
1702,content_2ff48634c590,0.47865652583268486,High,refresh_review,"['observed_declining_trend', 'large_observed_decline', 'model_high_priority']"
1703,content_c96be0d60f4d,0.4786352689318675,High,refresh_review,['model_high_priority']
1704,content_451ec9fc7e27,0.4786049022761226,High,refresh_review,['model_high_priority']
1705,content_769c5991e2f6,0.4785536862487845,High,refresh_review,"['observed_declining_trend', 'large_observed_decline', 'model_high_priority']"
1706,content_c26f81d804cc,0.47849998133099186,High,refresh_review,['model_high_priority']
1707,content_ab5e9e3a0a8f,0.4784242942031734,High,refresh_review,['model_high_priority']
1708,content_b3e1de4781f5,0.47841318059620874,High,refresh_review,['model_high_priority']
1709,content_c9718c5004f1,0.4783944355138001,High,refresh_review,"['observed_declining_trend', 'large_observed_decline', 'model_high_priority']"
1710,content_67565df5500c,0.4779246285113648,High,refresh_review,"['observed_declining_trend', 'large_observed_decline', 'model_high_priority']"
1711,content_8bd4d2afaee3,0.4778049235634727,High,refresh_review,['model_high_priority']
1712,content_b51992d6cbc2,0.47777061519850084,High,refresh_review,"['observed_declining_trend', 'large_observed_decline', 'model_high_priority']"
1713,content_56549ff59b51,0.47768298739112824,High,refresh_review,"['observed_declining_trend', 'large_observed_decline', 'model_high_priority']"
1714,content_4ab1528abdbd,0.47765803354873865,High,refresh_review,"['observed_declining_trend', 'large_observed_decline', 'model_high_priority']"
1715,content_6e169e224b2e,0.4776541660590673,High,refresh_review,"['observed_declining_trend', 'large_observed_decline', 'model_high_priority']"
1716,content_12f4c646de31,0.4776403011390744,High,refresh_review,"['observed_declining_trend', 'large_observed_decline', 'model_high_priority']"
1717,content_ee6818d43583,0.4776335198231884,High,refresh_review,['model_high_priority']
1718,content_bd56e6b4d707,0.4776332486644939,High,refresh_review,['model_high_priority']
1719,content_1a94ef5145c2,0.47760744609150085,High,refresh_review,"['observed_declining_trend', 'large_observed_decline', 'model_high_priority']"
1720,content_dabc9953dae7,0.47756480928226436,High,refresh_review,"['observed_declining_trend', 'large_observed_decline', 'model_high_priority']"
1721,content_59eaebe35b9c,0.477520876731338,High,refresh_review,"['observed_declining_trend', 'large_observed_decline', 'model_high_priority']"
1722,content_4c186d55fb14,0.4775200883055715,High,refresh_review,"['observed_declining_trend', 'large_observed_decline', 'model_high_priority']"
1723,content_dfb4af26b57b,0.4774421346758891,High,refresh_review,"['observed_declining_trend', 'large_observed_decline', 'model_high_priority']"
1724,content_d92fe3883103,0.47733711139066487,High,refresh_review,['model_high_priority']
1725,content_62e37736c612,0.47717267308378514,High,refresh_review,['model_high_priority']
1726,content_d225ec9f3d46,0.47714425156142576,High,refresh_review,"['observed_declining_trend', 'large_observed_decline', 'model_high_priority']"
1727,content_28dc7ce0cfbb,0.477138503810691,High,refresh_review,['model_high_priority']
1728,content_647f7e8b6a61,0.47705930711298083,High,refresh_review,['model_high_priority']
1729,content_a4f8849b6605,0.4770339247438697,High,refresh_review,['model_high_priority']
1730,content_453722754fea,0.47700399303909014,High,refresh_review,"['observed_declining_trend', 'large_observed_decline', 'model_high_priority']"
1731,content_809b50c43cad,0.4769230592079225,High,refresh_review,['model_high_priority']
1732,content_86e1ddabc10a,0.47689350907716876,High,refresh_review,['model_high_priority']
1733,content_3cdb898f8e47,0.47679782021463346,High,refresh_review,"['observed_declining_trend', 'large_observed_decline', 'model_high_priority']"
1734,content_8ede62882d0b,0.4767939138818838,High,refresh_review,"['observed_declining_trend', 'large_observed_decline', 'model_high_priority']"
1735,content_bdeb3f3d22b5,0.47675393473697747,High,refresh_review,['model_high_priority']
1736,content_0d78cba0b985,0.4767501175799873,High,refresh_review,"['observed_declining_trend', 'large_observed_decline', 'model_high_priority']"
1737,content_ea717c5db1ba,0.4766999016645564,High,refresh_review,"['observed_declining_trend', 'large_observed_decline', 'model_high_priority']"
1738,content_049ed55f04f1,0.4766259787347289,High,refresh_review,"['observed_declining_trend', 'large_observed_decline', 'model_high_priority']"
1739,content_2af097f4fae4,0.4765544322500717,High,refresh_review,"['observed_declining_trend', 'large_observed_decline', 'model_high_priority']"
1740,content_2a04fe3892bc,0.47651806771455785,High,refresh_review,['model_high_priority']
1741,content_41b9387cdf24,0.4764185756233161,High,refresh_review,['model_high_priority']
1742,content_d7038fa9919c,0.4764170427157656,High,refresh_review,"['observed_declining_trend', 'large_observed_decline', 'model_high_priority']"
1743,content_500d7264d930,0.47640065257417263,High,refresh_review,"['observed_declining_trend', 'large_observed_decline', 'model_high_priority']"
1744,content_dbc9c60adb87,0.4763773826653095,High,refresh_review,"['observed_declining_trend', 'large_observed_decline', 'model_high_priority']"
1745,content_d389b3cd65c2,0.47633109456045647,High,refresh_review,['model_high_priority']
1746,content_0c8cb6bad4a7,0.4762623634661937,High,refresh_review,"['observed_declining_trend', 'large_observed_decline', 'model_high_priority']"
1747,content_2c3fb52e5e58,0.4762496897721804,High,refresh_review,"['observed_declining_trend', 'large_observed_decline', 'model_high_priority']"
1748,content_d3b39602b416,0.4762227935521353,High,refresh_review,"['observed_declining_trend', 'large_observed_decline', 'model_high_priority']"
1749,content_712f068958da,0.47619226009688487,High,refresh_review,"['observed_declining_trend', 'large_observed_decline', 'model_high_priority']"
1750,content_6d0fa302a283,0.4760589476220079,High,refresh_review,['model_high_priority']
1751,content_f4c08de09860,0.47604965893751655,High,refresh_review,"['observed_declining_trend', 'large_observed_decline', 'model_high_priority']"
1752,content_e724dc58db30,0.47604663357950067,High,refresh_review,"['observed_declining_trend', 'large_observed_decline', 'model_high_priority']"
1753,content_9740b2c319a7,0.47604523322945047,High,refresh_review,['model_high_priority']
1754,content_98c2d37fbc35,0.47603815794785365,High,refresh_review,['model_high_priority']
1755,content_f61eed3c939b,0.4758365508744533,High,refresh_review,['model_high_priority']
1756,content_ce388e027e1f,0.4757192695077255,High,refresh_review,"['observed_declining_trend', 'large_observed_decline', 'model_high_priority']"
1757,content_c1c66337d0ba,0.4757101156140403,High,refresh_review,"['observed_declining_trend', 'large_observed_decline', 'model_high_priority']"
1758,content_fcde068b12d7,0.475604124623436,High,refresh_review,['model_high_priority']
1759,content_03ed3e554fc4,0.47560097038310517,High,refresh_review,"['observed_declining_trend', 'large_observed_decline', 'model_high_priority']"
1760,content_ab4f555bd77b,0.4755706168792803,High,refresh_review,"['observed_declining_trend', 'large_observed_decline', 'model_high_priority']"
1761,content_3ac4ee4605dc,0.4754420290166066,High,refresh_review,"['observed_declining_trend', 'large_observed_decline', 'model_high_priority']"
1762,content_306914716904,0.47539076347660864,High,refresh_review,['model_high_priority']
1763,content_663485f2517d,0.47537646007573925,High,refresh_review,"['observed_declining_trend', 'large_observed_decline', 'model_high_priority']"
1764,content_2d52b9444c90,0.47532271288758904,High,refresh_review,"['observed_declining_trend', 'large_observed_decline', 'model_high_priority']"
1765,content_d012390a3973,0.47526969379387435,High,refresh_review,['model_high_priority']
1766,content_30b6db592819,0.475198235387878,High,refresh_review,"['observed_declining_trend', 'large_observed_decline', 'model_high_priority']"
1767,content_03da7338b27f,0.4751821492494263,High,refresh_review,"['observed_declining_trend', 'large_observed_decline', 'model_high_priority']"
1768,content_6fa19b4611d7,0.47515198166679457,High,refresh_review,"['observed_declining_trend', 'large_observed_decline', 'model_high_priority']"
1769,content_afa114dc512c,0.47506146628237217,High,refresh_review,"['observed_declining_trend', 'large_observed_decline', 'model_high_priority']"
1770,content_a08589de571d,0.47505796329535493,High,refresh_review,"['observed_declining_trend', 'large_observed_decline', 'model_high_priority']"
1771,content_e76451da9b59,0.47484417603215356,High,refresh_review,"['observed_declining_trend', 'large_observed_decline', 'model_high_priority']"
1772,content_0bcdcaf990cd,0.4747989996353725,High,refresh_review,"['observed_declining_trend', 'large_observed_decline', 'model_high_priority']"
1773,content_1da5699a918e,0.47476356670682035,High,refresh_review,"['observed_declining_trend', 'large_observed_decline', 'model_high_priority']"
1774,content_de050828e96a,0.47471764665822547,High,refresh_review,"['observed_declining_trend', 'large_observed_decline', 'model_high_priority']"
1775,content_c4d96fe72d8f,0.47470282950450987,High,refresh_review,"['observed_declining_trend', 'large_observed_decline', 'model_high_priority']"
1776,content_a5ee91129637,0.4746074355572557,High,refresh_review,['model_high_priority']
1777,content_17e6df28a5d5,0.47454200606733876,High,refresh_review,"['observed_declining_trend', 'large_observed_decline', 'model_high_priority']"
1778,content_15e0e6081fe9,0.4744146484269437,High,refresh_review,['model_high_priority']
1779,content_87fa79bb8ec0,0.47433406058898714,High,refresh_review,['model_high_priority']
1780,content_a50e3e16761d,0.4743083006371243,High,refresh_review,"['observed_declining_trend', 'large_observed_decline', 'model_high_priority']"
1781,content_25f7bcf2a206,0.47427809040669683,High,refresh_review,"['observed_declining_trend', 'large_observed_decline', 'model_high_priority']"
1782,content_1a0678c7d3e6,0.47414869406047205,High,refresh_review,['model_high_priority']
1783,content_864a2769ac81,0.47411356999673576,High,refresh_review,['model_high_priority']
1784,content_7a6746b30eee,0.47410697137625346,High,refresh_review,['model_high_priority']
1785,content_2beb015efc3b,0.4740569249152192,High,refresh_review,"['observed_declining_trend', 'large_observed_decline', 'model_high_priority']"
1786,content_ced89f55ca12,0.47401961584096036,High,refresh_review,"['observed_declining_trend', 'large_observed_decline', 'model_high_priority']"
1787,content_8bccdf8eab1a,0.4738345139801866,High,refresh_review,['model_high_priority']
1788,content_a351be29f266,0.4737992356897441,High,refresh_review,"['observed_declining_trend', 'large_observed_decline', 'model_high_priority']"
1789,content_c2b6d4935838,0.4737801311989617,High,refresh_review,"['observed_declining_trend', 'large_observed_decline', 'model_high_priority']"
1790,content_362b4a231f6a,0.4735912189640846,High,refresh_review,['model_high_priority']
1791,content_eb394c77c762,0.47358834132164807,High,refresh_review,['model_high_priority']
1792,content_47d1c96b333f,0.47344412703503347,High,refresh_review,"['observed_declining_trend', 'large_observed_decline', 'model_high_priority']"
1793,content_6363a3126c33,0.4734342088967129,High,refresh_review,['model_high_priority']
1794,content_f3464a853034,0.4734150543112088,High,refresh_review,"['observed_declining_trend', 'large_observed_decline', 'model_high_priority']"
1795,content_cdd4dfeea367,0.47331228802162734,High,refresh_review,"['observed_declining_trend', 'large_observed_decline', 'model_high_priority']"
1796,content_c18c914ed20c,0.47329373198838076,High,refresh_review,['model_high_priority']
1797,content_79523354f68c,0.4732487108333609,High,refresh_review,"['observed_declining_trend', 'large_observed_decline', 'model_high_priority']"
1798,content_f74702d8986f,0.47319827408878895,High,refresh_review,"['observed_declining_trend', 'large_observed_decline', 'model_high_priority']"
1799,content_5723e05acdc6,0.4731021500805786,High,refresh_review,"['observed_declining_trend', 'large_observed_decline', 'model_high_priority']"
1800,content_179caec11499,0.4730789777055071,High,refresh_review,"['observed_declining_trend', 'large_observed_decline', 'model_high_priority']"
1801,content_e1aacafc8b8c,0.4729321382509724,High,refresh_review,['model_high_priority']
1802,content_78226cac83fd,0.472747249061198,High,refresh_review,['model_high_priority']
1803,content_35aeed8caca0,0.4727468780705268,High,refresh_review,"['observed_declining_trend', 'large_observed_decline', 'model_high_priority']"
1804,content_b3064bf4f105,0.47269459722831497,High,refresh_review,['model_high_priority']
1805,content_192b55a4ffa6,0.47267077288966364,High,refresh_review,['model_high_priority']
1806,content_72d7cb87d6e0,0.4726626043369756,High,refresh_review,"['observed_declining_trend', 'large_observed_decline', 'model_high_priority']"
1807,content_77d69642e2cb,0.4725890966164427,High,refresh_review,"['observed_declining_trend', 'large_observed_decline', 'model_high_priority']"
1808,content_ed65b2e130c6,0.4725847231306719,High,refresh_review,"['observed_declining_trend', 'large_observed_decline', 'model_high_priority']"
1809,content_85d021f0a213,0.47255708619580494,High,refresh_review,"['observed_declining_trend', 'large_observed_decline', 'model_high_priority']"
1810,content_9179ef0f9ba0,0.4725188452055994,High,refresh_review,['model_high_priority']
1811,content_fbad54d7a5dc,0.4724970197290409,High,refresh_review,"['observed_declining_trend', 'large_observed_decline', 'model_high_priority']"
1812,content_c50a1209df88,0.4724438573156231,High,refresh_review,"['observed_declining_trend', 'large_observed_decline', 'model_high_priority']"
1813,content_25d914894523,0.4723637567781135,High,refresh_review,['model_high_priority']
1814,content_27ed481de5d1,0.47226928871614937,High,refresh_review,"['observed_declining_trend', 'large_observed_decline', 'model_high_priority']"
1815,content_ab5c69d8b3b1,0.4722440184112751,High,refresh_review,"['observed_declining_trend', 'large_observed_decline', 'model_high_priority']"
1816,content_c0ae32ed1997,0.47218739572914437,High,refresh_review,"['observed_declining_trend', 'large_observed_decline', 'model_high_priority']"
1817,content_b9b869d9cb84,0.47212926586392845,High,refresh_review,"['observed_declining_trend', 'large_observed_decline', 'model_high_priority']"
1818,content_9b3d7bfa7e2f,0.47211604155847,High,refresh_review,"['observed_declining_trend', 'large_observed_decline', 'model_high_priority']"
1819,content_d6ce4e17f464,0.4719920465051221,High,refresh_review,['model_high_priority']
1820,content_202424f97d35,0.47198439434404077,High,refresh_review,['model_high_priority']
1821,content_d55b83aff7c7,0.4719049715614209,High,refresh_review,"['observed_declining_trend', 'large_observed_decline', 'model_high_priority']"
1822,content_0444b03c0142,0.4718874318226907,High,refresh_review,"['observed_declining_trend', 'large_observed_decline', 'model_high_priority']"
1823,content_2f51ca262e66,0.4717778822762859,High,refresh_review,['model_high_priority']
1824,content_0e6db7c58cd2,0.4715611169915322,High,refresh_review,"['observed_declining_trend', 'large_observed_decline', 'model_high_priority']"
1825,content_3348fef1a464,0.4715563928433096,High,refresh_review,"['observed_declining_trend', 'large_observed_decline', 'model_high_priority']"
1826,content_1cafff54ead7,0.471551910575708,High,refresh_review,"['observed_declining_trend', 'large_observed_decline', 'model_high_priority']"
1827,content_3ef6208d0f0e,0.4714772313555695,High,refresh_review,['model_high_priority']
1828,content_e556e69a70e1,0.47145737974530905,High,refresh_review,"['observed_declining_trend', 'large_observed_decline', 'model_high_priority']"
1829,content_9983d31c53cb,0.4714167811413844,High,refresh_review,"['observed_declining_trend', 'large_observed_decline', 'model_high_priority']"
1830,content_054b2d512690,0.47139130692100956,High,refresh_review,"['observed_declining_trend', 'large_observed_decline', 'model_high_priority']"
1831,content_ddb8962b4353,0.4713228180530448,High,refresh_review,"['observed_declining_trend', 'large_observed_decline', 'model_high_priority']"
1832,content_ee405fb5af9b,0.47131974820094646,High,refresh_review,"['observed_declining_trend', 'large_observed_decline', 'model_high_priority']"
1833,content_1e14ade1f5c3,0.4713125792678927,High,refresh_review,"['observed_declining_trend', 'large_observed_decline', 'model_high_priority']"
1834,content_bdedfb3df168,0.4712440270514193,High,refresh_review,['model_high_priority']
1835,content_1c19b0d3f7d0,0.47116898445967487,High,refresh_review,['model_high_priority']
1836,content_c9b099f3ff17,0.47105607360440793,High,refresh_review,"['observed_declining_trend', 'large_observed_decline', 'model_high_priority']"
1837,content_0e3323cce5c4,0.4710099523566343,High,refresh_review,"['observed_declining_trend', 'large_observed_decline', 'model_high_priority']"
1838,content_961ada8ff7ee,0.47095186012229456,High,refresh_review,"['observed_declining_trend', 'large_observed_decline', 'model_high_priority']"
1839,content_66bbdc2e2fca,0.4709204731356912,High,refresh_review,['model_high_priority']
1840,content_216e491cf375,0.47089342264307776,High,refresh_review,"['observed_declining_trend', 'large_observed_decline', 'model_high_priority']"
1841,content_3def2ad70050,0.4708103260374125,High,refresh_review,"['observed_declining_trend', 'large_observed_decline', 'model_high_priority']"
1842,content_5054bb46ebd8,0.4707559212284867,High,refresh_review,"['observed_declining_trend', 'large_observed_decline', 'model_high_priority']"
1843,content_3fbab2102eb5,0.47067691995311817,High,refresh_review,['model_high_priority']
1844,content_50e211c8623a,0.4706656683753647,High,refresh_review,['model_high_priority']
1845,content_d3a29df5b1e4,0.470650104767185,High,refresh_review,"['observed_declining_trend', 'large_observed_decline', 'model_high_priority']"
1846,content_d03a54ef72a8,0.4705573593336592,High,refresh_review,['model_high_priority']
1847,content_c60de3a2cf16,0.4705138938026657,High,refresh_review,"['observed_declining_trend', 'large_observed_decline', 'model_high_priority']"
1848,content_ebb156249110,0.4703458404802121,High,refresh_review,"['observed_declining_trend', 'large_observed_decline', 'model_high_priority']"
1849,content_aec843213e41,0.4703431525985594,High,refresh_review,"['observed_declining_trend', 'large_observed_decline', 'model_high_priority']"
1850,content_f4e4a8ee9d37,0.4703308345934755,High,refresh_review,['model_high_priority']
1851,content_c447b66461f8,0.4703285731447777,High,refresh_review,"['observed_declining_trend', 'large_observed_decline', 'model_high_priority']"
1852,content_a3c2440cef67,0.4701919556169225,High,refresh_review,"['observed_declining_trend', 'large_observed_decline', 'model_high_priority']"
1853,content_13af59e1555a,0.4701106253579811,High,refresh_review,"['observed_declining_trend', 'large_observed_decline', 'model_high_priority']"
1854,content_32b5cefc57a7,0.4700921489980045,High,refresh_review,"['observed_declining_trend', 'large_observed_decline', 'model_high_priority']"
1855,content_0b356863929f,0.4699663843203114,High,refresh_review,"['observed_declining_trend', 'large_observed_decline', 'model_high_priority']"
1856,content_0628102f4044,0.469958038141799,High,refresh_review,"['observed_declining_trend', 'large_observed_decline', 'model_high_priority']"
1857,content_efc38750921d,0.46995468069511515,High,refresh_review,"['observed_declining_trend', 'large_observed_decline', 'model_high_priority']"
1858,content_93fda401256d,0.46988166343374793,High,refresh_review,"['observed_declining_trend', 'large_observed_decline', 'model_high_priority']"
1859,content_07d95a8976de,0.4698358840128369,High,refresh_review,['model_high_priority']
1860,content_8047b55b63bd,0.46975987105435724,High,refresh_review,"['observed_declining_trend', 'large_observed_decline', 'model_high_priority']"
1861,content_304f48230142,0.4697384877191842,High,refresh_review,"['observed_declining_trend', 'large_observed_decline', 'model_high_priority']"
1862,content_bd9e508a940e,0.46969126865578537,High,refresh_review,"['observed_declining_trend', 'large_observed_decline', 'model_high_priority']"
1863,content_58f93a020d56,0.46944046253333294,High,refresh_review,['model_high_priority']
1864,content_2f367b4cf4d1,0.4694326249135919,High,refresh_review,"['observed_declining_trend', 'large_observed_decline', 'model_high_priority']"
1865,content_e614e9244364,0.46939621040325286,High,refresh_review,"['observed_declining_trend', 'large_observed_decline', 'model_high_priority']"
1866,content_06b02c9b01a1,0.46921139100199144,High,refresh_review,"['observed_declining_trend', 'large_observed_decline', 'model_high_priority']"
1867,content_50099eee4104,0.4690814004004114,High,refresh_review,['model_high_priority']
1868,content_7cc7180fe735,0.4690493991715313,High,refresh_review,"['observed_declining_trend', 'large_observed_decline', 'model_high_priority']"
1869,content_95ed71e365b1,0.4689218638215968,High,refresh_review,['model_high_priority']
1870,content_f3209c4105b5,0.4688925364356085,High,refresh_review,"['observed_declining_trend', 'large_observed_decline', 'model_high_priority']"
1871,content_32a5eb93b4bc,0.46883975070614686,High,refresh_review,"['observed_declining_trend', 'large_observed_decline', 'model_high_priority']"
1872,content_258f1280e3fe,0.46874971674330823,High,refresh_review,['model_high_priority']
1873,content_b855d7e44f8e,0.4687339961049879,High,refresh_review,"['observed_declining_trend', 'large_observed_decline', 'model_high_priority']"
1874,content_e29a758c8e12,0.4686678723238729,High,refresh_review,"['observed_declining_trend', 'large_observed_decline', 'model_high_priority']"
1875,content_f9a8592bbb17,0.4685894745727408,High,refresh_review,['model_high_priority']
1876,content_17e8b736fca7,0.468461394831489,High,refresh_review,"['observed_declining_trend', 'large_observed_decline', 'model_high_priority']"
1877,content_1c5b4e73b153,0.46844628997759713,High,refresh_review,"['observed_declining_trend', 'large_observed_decline', 'model_high_priority']"
1878,content_db67d66d6b52,0.46838009917239076,High,refresh_review,"['observed_declining_trend', 'large_observed_decline', 'model_high_priority']"
1879,content_8f71790b7333,0.46825506434419933,High,refresh_review,"['observed_declining_trend', 'large_observed_decline', 'model_high_priority']"
1880,content_156ec98bccba,0.4682173168680857,High,refresh_review,['model_high_priority']
1881,content_e098e0dd0032,0.4681928707464858,High,refresh_review,"['observed_declining_trend', 'large_observed_decline', 'model_high_priority']"
1882,content_8fa3cd5f7191,0.4681431501379861,High,refresh_review,['model_high_priority']
1883,content_e80f8635bb00,0.4681011645128107,High,refresh_review,['model_high_priority']
1884,content_8066a5202ee5,0.46809982969040087,High,refresh_review,"['observed_declining_trend', 'large_observed_decline', 'model_high_priority']"
1885,content_0a161787bb28,0.4679654523716048,High,refresh_review,['model_high_priority']
1886,content_83ba21be7f59,0.46786066737206083,High,refresh_review,"['observed_declining_trend', 'large_observed_decline', 'model_high_priority']"
1887,content_70bd0282ed65,0.46770954326299735,High,refresh_review,"['observed_declining_trend', 'large_observed_decline', 'model_high_priority']"
1888,content_5cb13cf504a2,0.4677000975063394,High,refresh_review,['model_high_priority']
1889,content_46045de7025a,0.4675352210392875,High,refresh_review,['model_high_priority']
1890,content_8a754b38aec3,0.46752283300298186,High,refresh_review,['model_high_priority']
1891,content_4b125df758ad,0.4674993221191,High,refresh_review,"['observed_declining_trend', 'large_observed_decline', 'model_high_priority']"
1892,content_5a431bfcc14f,0.4674224518900945,High,refresh_review,"['observed_declining_trend', 'large_observed_decline', 'model_high_priority']"
1893,content_ffd6816424b1,0.46740320298693794,High,refresh_review,['model_high_priority']
1894,content_271062e724db,0.46737523028771716,High,refresh_review,"['observed_declining_trend', 'large_observed_decline', 'model_high_priority']"
1895,content_374e795aab68,0.46734402895421673,High,refresh_review,['model_high_priority']
1896,content_7bc20bc8263b,0.4672158127396542,High,refresh_review,"['observed_declining_trend', 'large_observed_decline', 'model_high_priority']"
1897,content_a5a5392242a4,0.46711917572351286,High,refresh_review,"['observed_declining_trend', 'large_observed_decline', 'model_high_priority']"
1898,content_ecda3e69d92d,0.46710432865120527,High,refresh_review,['model_high_priority']
1899,content_182836721d18,0.4670459564192556,High,refresh_review,['model_high_priority']
1900,content_bc16ae58b10d,0.46698872132849945,High,refresh_review,['model_high_priority']
1901,content_3e6ad72596c7,0.46697681208699854,High,refresh_review,['model_high_priority']
1902,content_6a06cceeb86d,0.4668985296881631,High,refresh_review,['model_high_priority']
1903,content_70e2f3c3f745,0.46686423190282594,High,refresh_review,"['observed_declining_trend', 'large_observed_decline', 'model_high_priority']"
1904,content_bb55d0dab9d9,0.4668628893161069,High,refresh_review,"['observed_declining_trend', 'large_observed_decline', 'model_high_priority']"
1905,content_560658e4403a,0.4668601468647946,High,refresh_review,"['observed_declining_trend', 'large_observed_decline', 'model_high_priority']"
1906,content_684d7808f894,0.4668470274202779,High,refresh_review,"['observed_declining_trend', 'large_observed_decline', 'model_high_priority']"
1907,content_459756cca996,0.4667402191082072,High,refresh_review,['model_high_priority']
1908,content_1123b27c2c89,0.46664567091226605,High,refresh_review,"['observed_declining_trend', 'large_observed_decline', 'model_high_priority']"
1909,content_b5a67fbd43b7,0.46662976035082787,High,refresh_review,"['observed_declining_trend', 'large_observed_decline', 'model_high_priority']"
1910,content_a0d2632eefb3,0.4666250178557551,High,refresh_review,['model_high_priority']
1911,content_d4084a4bc775,0.46654731779579633,High,refresh_review,"['observed_declining_trend', 'large_observed_decline', 'model_high_priority']"
1912,content_8c6ecdbc57d8,0.46644618557193324,High,refresh_review,"['observed_declining_trend', 'large_observed_decline', 'model_high_priority']"
1913,content_3eb42026ac67,0.4663742636438798,High,refresh_review,"['observed_declining_trend', 'large_observed_decline', 'model_high_priority']"
1914,content_0a9276b27b32,0.4663697980307695,High,refresh_review,"['observed_declining_trend', 'large_observed_decline', 'model_high_priority']"
1915,content_46506cfa1b19,0.46625139616718325,High,refresh_review,"['observed_declining_trend', 'large_observed_decline', 'model_high_priority']"
1916,content_d38581402cd5,0.4661838719666777,High,refresh_review,"['observed_declining_trend', 'large_observed_decline', 'model_high_priority']"
1917,content_e3f7ca1529cf,0.46617973964221204,High,refresh_review,"['observed_declining_trend', 'large_observed_decline', 'model_high_priority']"
1918,content_ab3dcd0f960b,0.46611354563337537,High,refresh_review,"['observed_declining_trend', 'large_observed_decline', 'model_high_priority']"
1919,content_4f4baf5fcb8c,0.4659945675068938,High,refresh_review,['model_high_priority']
1920,content_56554b7e77eb,0.4659166335032281,High,refresh_review,"['observed_declining_trend', 'large_observed_decline', 'model_high_priority']"
1921,content_47abc023a16a,0.4658280816187847,High,refresh_review,['model_high_priority']
1922,content_42bd7e800a38,0.46573157657688097,High,refresh_review,"['observed_declining_trend', 'large_observed_decline', 'model_high_priority']"
1923,content_0eb3dcfb4fce,0.4656943415748514,High,refresh_review,"['observed_declining_trend', 'large_observed_decline', 'model_high_priority']"
1924,content_0afbee882cb3,0.4656895904230653,High,refresh_review,"['observed_declining_trend', 'large_observed_decline', 'model_high_priority']"
1925,content_6b5fb4940974,0.46562092344907263,High,refresh_review,"['observed_declining_trend', 'large_observed_decline', 'model_high_priority']"
1926,content_bb82ff64c917,0.4655902542945713,High,refresh_review,"['observed_declining_trend', 'large_observed_decline', 'model_high_priority']"
1927,content_637107baa450,0.46550013156067793,High,refresh_review,"['observed_declining_trend', 'large_observed_decline', 'model_high_priority']"
1928,content_84de392e7864,0.4654011031720009,High,refresh_review,"['observed_declining_trend', 'large_observed_decline', 'model_high_priority']"
1929,content_ed680797b687,0.46537889408156974,High,refresh_review,"['observed_declining_trend', 'large_observed_decline', 'model_high_priority']"
1930,content_7107cf349e26,0.4653416204944194,High,refresh_review,"['observed_declining_trend', 'large_observed_decline', 'model_high_priority']"
1931,content_0ee62fc45459,0.4651405339389548,High,refresh_review,"['observed_declining_trend', 'large_observed_decline', 'model_high_priority']"
1932,content_bfec24fd6a60,0.4651023546498094,High,refresh_review,"['observed_declining_trend', 'large_observed_decline', 'model_high_priority']"
1933,content_cb2d43abb7f6,0.46496798566420733,High,refresh_review,"['observed_declining_trend', 'large_observed_decline', 'model_high_priority']"
1934,content_85fc64b9979f,0.46492220077790525,High,refresh_review,"['observed_declining_trend', 'large_observed_decline', 'model_high_priority']"
1935,content_8fa784e567ac,0.4648795039304569,High,refresh_review,['model_high_priority']
1936,content_4d6923d17c10,0.46482752853739545,High,refresh_review,"['observed_declining_trend', 'large_observed_decline', 'model_high_priority']"
1937,content_ae7c334247f9,0.4648266101896272,High,refresh_review,['model_high_priority']
1938,content_e2b8e97ea579,0.4648137427111916,High,refresh_review,"['observed_declining_trend', 'large_observed_decline', 'model_high_priority']"
1939,content_ffaa01d849f7,0.46452254762711676,High,refresh_review,"['observed_declining_trend', 'large_observed_decline', 'model_high_priority']"
1940,content_d59fd5fe3b83,0.4644984965211463,High,refresh_review,"['observed_declining_trend', 'large_observed_decline', 'model_high_priority']"
1941,content_2d73ab8136fa,0.4644407525957757,High,refresh_review,"['observed_declining_trend', 'large_observed_decline', 'model_high_priority']"
1942,content_7fca9ecf75c0,0.46442357038931836,High,refresh_review,"['observed_declining_trend', 'large_observed_decline', 'model_high_priority']"
1943,content_90f354aa255e,0.4643921499839766,High,refresh_review,"['observed_declining_trend', 'large_observed_decline', 'model_high_priority']"
1944,content_f532f7dc798c,0.4643846573166007,High,refresh_review,"['observed_declining_trend', 'large_observed_decline', 'model_high_priority']"
1945,content_054ea1b92a9a,0.46437651764589255,High,refresh_review,"['observed_declining_trend', 'large_observed_decline', 'model_high_priority']"
1946,content_236878619647,0.4643498294348216,High,refresh_review,"['observed_declining_trend', 'large_observed_decline', 'model_high_priority']"
1947,content_1f7ef289aa97,0.46426302942874287,High,refresh_review,"['observed_declining_trend', 'large_observed_decline', 'model_high_priority']"
1948,content_515aa177eded,0.4642226643858038,High,refresh_review,['model_high_priority']
1949,content_eb4273bb86f1,0.464110018793714,High,refresh_review,"['observed_declining_trend', 'large_observed_decline', 'model_high_priority']"
1950,content_a4dc39c5f8f9,0.4640855758483168,High,refresh_review,"['observed_declining_trend', 'large_observed_decline', 'model_high_priority']"
1951,content_188060555694,0.4640843468377786,High,refresh_review,['model_high_priority']
1952,content_1e53b2d2300a,0.46400884266737213,High,refresh_review,"['observed_declining_trend', 'large_observed_decline', 'model_high_priority']"
1953,content_b8ee53b39bb1,0.4639980134095362,High,refresh_review,"['observed_declining_trend', 'large_observed_decline', 'model_high_priority']"
1954,content_aa9a5ef1d884,0.4639527998046762,High,refresh_review,"['observed_declining_trend', 'large_observed_decline', 'model_high_priority']"
1955,content_3a510b962660,0.4639387929158892,High,refresh_review,"['observed_declining_trend', 'large_observed_decline', 'model_high_priority']"
1956,content_c6bf8be3e38a,0.4639269449437889,High,refresh_review,"['observed_declining_trend', 'large_observed_decline', 'model_high_priority']"
1957,content_17e92c02c970,0.4638723271531884,High,refresh_review,"['observed_declining_trend', 'large_observed_decline', 'model_high_priority']"
1958,content_0f1abc94c6bc,0.46387058470814074,High,refresh_review,"['observed_declining_trend', 'large_observed_decline', 'model_high_priority']"
1959,content_b5e9e6453511,0.46381147945655254,High,refresh_review,"['observed_declining_trend', 'large_observed_decline', 'model_high_priority']"
1960,content_4734618e1abb,0.4637700663370426,High,refresh_review,['model_high_priority']
1961,content_b2f8a505c3ea,0.46366348101863064,High,refresh_review,"['observed_declining_trend', 'large_observed_decline', 'model_high_priority']"
1962,content_6ca73c6b0d9c,0.4635256598073254,High,refresh_review,['model_high_priority']
1963,content_0c1ddb69fb2e,0.4633060032125268,High,refresh_review,['model_high_priority']
1964,content_fa58e2744bd4,0.463159523984087,High,refresh_review,['model_high_priority']
1965,content_f7dee1b3c0b1,0.463035191874208,High,refresh_review,['model_high_priority']
1966,content_f3b795db44b9,0.46282250751860177,High,refresh_review,"['observed_declining_trend', 'large_observed_decline', 'model_high_priority']"
1967,content_fe38dbdb4508,0.46280867158643324,High,refresh_review,"['observed_declining_trend', 'large_observed_decline', 'model_high_priority']"
1968,content_b27ba7818938,0.4627878227483275,High,refresh_review,"['observed_declining_trend', 'large_observed_decline', 'model_high_priority']"
1969,content_a2ea3d443492,0.46274711636763255,High,refresh_review,"['observed_declining_trend', 'large_observed_decline', 'model_high_priority']"
1970,content_558717798c3b,0.46274303252779836,High,refresh_review,"['observed_declining_trend', 'large_observed_decline', 'model_high_priority']"
1971,content_57e4f4fdb677,0.46273958633929757,High,refresh_review,"['observed_declining_trend', 'large_observed_decline', 'model_high_priority']"
1972,content_ba5aae545945,0.4627014580958869,High,refresh_review,['model_high_priority']
1973,content_038770d29101,0.4626472369116027,High,refresh_review,"['observed_declining_trend', 'large_observed_decline', 'model_high_priority']"
1974,content_08975e718b6d,0.46263518640634715,High,refresh_review,['model_high_priority']
1975,content_63d78f63087f,0.46222708039256094,High,refresh_review,['model_high_priority']
1976,content_b9a3ac610c64,0.4621970826262131,High,refresh_review,"['observed_declining_trend', 'large_observed_decline', 'model_high_priority']"
1977,content_f3eea9f91fcd,0.4621967098251291,High,refresh_review,['model_high_priority']
1978,content_e9e01655126c,0.4621906354667354,High,refresh_review,['model_high_priority']
1979,content_97703a2d36b7,0.46217466146256214,High,refresh_review,['model_high_priority']
1980,content_0bd63ac7a76b,0.46212957689852807,High,refresh_review,"['observed_declining_trend', 'large_observed_decline', 'model_high_priority']"
1981,content_82f533414258,0.46212602625849486,High,refresh_review,"['observed_declining_trend', 'large_observed_decline', 'model_high_priority']"
1982,content_09a6b180e35c,0.46212089849897986,High,refresh_review,"['observed_declining_trend', 'large_observed_decline', 'model_high_priority']"
1983,content_36991252f44a,0.4621058807493879,High,refresh_review,['model_high_priority']
1984,content_2a543aa2b4e6,0.46202886799219517,High,refresh_review,"['observed_declining_trend', 'large_observed_decline', 'model_high_priority']"
1985,content_ecfbe983a886,0.4619607457625588,High,refresh_review,"['observed_declining_trend', 'large_observed_decline', 'model_high_priority']"
1986,content_889ae78ef104,0.4619128207619013,High,refresh_review,"['observed_declining_trend', 'large_observed_decline', 'model_high_priority']"
1987,content_60b83f4c4dbd,0.46189875808145436,High,refresh_review,['model_high_priority']
1988,content_bd4f55aa933f,0.46189848523938576,High,refresh_review,"['observed_declining_trend', 'large_observed_decline', 'model_high_priority']"
1989,content_ac46699625cd,0.4618876149085719,High,refresh_review,"['observed_declining_trend', 'large_observed_decline', 'model_high_priority']"
1990,content_24abf98d3cf4,0.4617030152140834,High,refresh_review,['model_high_priority']
1991,content_ac23cfe2f09f,0.46168280518884935,High,refresh_review,['model_high_priority']
1992,content_6d1c35c27ae1,0.46158313009843377,High,refresh_review,"['observed_declining_trend', 'large_observed_decline', 'model_high_priority']"
1993,content_3a764930904d,0.46154505664008366,High,refresh_review,"['observed_declining_trend', 'large_observed_decline', 'model_high_priority']"
1994,content_76b37fe07cc3,0.46150776513729386,High,refresh_review,['model_high_priority']
1995,content_dc2d89eb23d3,0.4614109271126957,High,refresh_review,['model_high_priority']
1996,content_26cf459dc4a6,0.46125320111508095,High,refresh_review,"['observed_declining_trend', 'large_observed_decline', 'model_high_priority']"
1997,content_239c6dd5db4f,0.46122790653191925,High,refresh_review,"['observed_declining_trend', 'large_observed_decline', 'model_high_priority']"
1998,content_951b4e420191,0.46122111587086306,High,refresh_review,"['observed_declining_trend', 'large_observed_decline', 'model_high_priority']"
1999,content_3ebeade99cf0,0.46116213450751586,High,refresh_review,"['observed_declining_trend', 'large_observed_decline', 'model_high_priority']"
2000,content_6f29337ddf5c,0.4611613575428885,High,refresh_review,['model_high_priority']
2001,content_a851ef13c4b5,0.46111722619137274,High,refresh_review,"['observed_declining_trend', 'large_observed_decline', 'model_high_priority']"
2002,content_7f92ba2acbf7,0.4611077800326901,High,refresh_review,['model_high_priority']
2003,content_01a60328c48b,0.46107597436972253,High,refresh_review,['model_high_priority']
2004,content_c89fa662f881,0.4610001645892762,High,refresh_review,"['observed_declining_trend', 'large_observed_decline', 'model_high_priority']"
2005,content_65413064e2f9,0.46099115794454576,High,refresh_review,"['observed_declining_trend', 'large_observed_decline', 'model_high_priority']"
2006,content_3ad3a781fa91,0.46086464841367936,High,refresh_review,['model_high_priority']
2007,content_2d08ccac3f63,0.46084204364403175,High,refresh_review,"['observed_declining_trend', 'large_observed_decline', 'model_high_priority']"
2008,content_7785035cca99,0.4607855631709491,High,refresh_review,"['observed_declining_trend', 'large_observed_decline', 'model_high_priority']"
2009,content_0da78e231915,0.46077817223499673,High,refresh_review,"['observed_declining_trend', 'large_observed_decline', 'model_high_priority']"
2010,content_09b0e4b05a30,0.4607010835828285,High,refresh_review,"['observed_declining_trend', 'large_observed_decline', 'model_high_priority']"
2011,content_af865035b328,0.46059672018290226,High,refresh_review,"['observed_declining_trend', 'large_observed_decline', 'model_high_priority']"
2012,content_07c67eae1612,0.46052340870223796,High,refresh_review,"['observed_declining_trend', 'large_observed_decline', 'model_high_priority']"
2013,content_64d2a935a54f,0.46050742382828447,High,refresh_review,['model_high_priority']
2014,content_3261a57ccfeb,0.4605044351742966,High,refresh_review,"['observed_declining_trend', 'large_observed_decline', 'model_high_priority']"
2015,content_d4d2bef70f5a,0.4603959206162955,High,refresh_review,"['observed_declining_trend', 'large_observed_decline', 'model_high_priority']"
2016,content_fbe8ef0607ee,0.4603093423818328,High,refresh_review,['model_high_priority']
2017,content_f4c657bc1ba2,0.4602820023931842,High,refresh_review,['model_high_priority']
2018,content_f8383c3435c7,0.46021537259555156,High,refresh_review,['model_high_priority']
2019,content_70e91ffda1ce,0.4601496847966636,High,refresh_review,"['observed_declining_trend', 'large_observed_decline', 'model_high_priority']"
2020,content_1b4a22e4abc0,0.4601002526317141,High,refresh_review,['model_high_priority']
2021,content_2978fdbfef25,0.4600958730163462,High,refresh_review,['model_high_priority']
2022,content_b2cb21940b47,0.4600519733326156,High,refresh_review,"['observed_declining_trend', 'large_observed_decline', 'model_high_priority']"
2023,content_56b20dc4693f,0.4600345634523185,High,refresh_review,"['observed_declining_trend', 'large_observed_decline', 'model_high_priority']"
2024,content_721a36a0da7a,0.46000422409389463,High,refresh_review,"['observed_declining_trend', 'large_observed_decline', 'model_high_priority']"
2025,content_1aef96f28d03,0.459915284156545,High,refresh_review,"['observed_declining_trend', 'large_observed_decline', 'model_high_priority']"
2026,content_a9b8345dc366,0.45973218085415557,High,refresh_review,"['observed_declining_trend', 'large_observed_decline', 'model_high_priority']"
2027,content_ca189bed60cb,0.45972552440225445,High,refresh_review,"['observed_declining_trend', 'large_observed_decline', 'model_high_priority']"
2028,content_f78faba0af78,0.45963860874692936,High,refresh_review,['model_high_priority']
2029,content_0733c992bdbf,0.4596098835709225,Low,refresh_review,['model_signal_requires_review']
2030,content_71db03c4c974,0.4596033781581814,High,refresh_review,"['observed_declining_trend', 'large_observed_decline', 'model_high_priority']"
2031,content_14b91a8ba3cc,0.45956155070274274,High,refresh_review,"['observed_declining_trend', 'large_observed_decline', 'model_high_priority']"
2032,content_c80c3f8587ae,0.4595343823323014,High,refresh_review,"['observed_declining_trend', 'large_observed_decline', 'model_high_priority']"
2033,content_27a228f76e45,0.45953271227098874,High,refresh_review,['model_high_priority']
2034,content_379dd89231c7,0.459514827475925,High,refresh_review,"['observed_declining_trend', 'large_observed_decline', 'model_high_priority']"
2035,content_ca2662a68168,0.45941109212023673,High,refresh_review,"['observed_declining_trend', 'large_observed_decline', 'model_high_priority']"
2036,content_8eaf3790d9c7,0.4593201781511873,High,refresh_review,['model_high_priority']
2037,content_5161a9559cb2,0.45931312489689463,High,refresh_review,"['observed_declining_trend', 'large_observed_decline', 'model_high_priority']"
2038,content_1c58b8669a5d,0.45929246685698694,High,refresh_review,['model_high_priority']
2039,content_63714b4cf87b,0.4592532824786921,High,refresh_review,"['observed_declining_trend', 'large_observed_decline', 'model_high_priority']"
2040,content_87c007fb5c26,0.45923151157469005,High,refresh_review,"['observed_declining_trend', 'large_observed_decline', 'model_high_priority']"
2041,content_3f330598d1a6,0.4591943921058745,High,refresh_review,"['observed_declining_trend', 'large_observed_decline', 'model_high_priority']"
2042,content_1a81d69c3f52,0.4591754466893722,High,refresh_review,['model_high_priority']
2043,content_f45c1431686e,0.4590852466976843,High,refresh_review,"['observed_declining_trend', 'large_observed_decline', 'model_high_priority']"
2044,content_51818b6f2a4c,0.45904236846528285,High,refresh_review,"['observed_declining_trend', 'large_observed_decline', 'model_high_priority']"
2045,content_d13841c305d7,0.45901855495743454,High,refresh_review,"['observed_declining_trend', 'large_observed_decline', 'model_high_priority']"
2046,content_547fe06ec900,0.45895726444631,High,refresh_review,"['observed_declining_trend', 'large_observed_decline', 'model_high_priority']"
2047,content_48ba789153a4,0.4587905497644407,High,refresh_review,"['observed_declining_trend', 'large_observed_decline', 'model_high_priority']"
2048,content_336505277c39,0.45877460530259706,High,refresh_review,"['observed_declining_trend', 'large_observed_decline', 'model_high_priority']"
2049,content_2ce3c50db023,0.45876699964618495,High,refresh_review,"['observed_declining_trend', 'large_observed_decline', 'model_high_priority']"
2050,content_c0056697354c,0.458595521122388,High,refresh_review,"['observed_declining_trend', 'large_observed_decline', 'model_high_priority']"
2051,content_02afcfb9056a,0.45859300390430735,High,refresh_review,"['observed_declining_trend', 'large_observed_decline', 'model_high_priority']"
2052,content_dc3c683bebb6,0.4584667439383444,High,refresh_review,"['observed_declining_trend', 'large_observed_decline', 'model_high_priority']"
2053,content_d3d05fa95de8,0.45840272865084813,High,refresh_review,['model_high_priority']
2054,content_7cd9b5db3ea1,0.4582251761680708,High,refresh_review,"['observed_declining_trend', 'large_observed_decline', 'model_high_priority']"
2055,content_dc533773e97e,0.45813969616287004,High,refresh_review,"['observed_declining_trend', 'large_observed_decline', 'model_high_priority']"
2056,content_eb3b2c3bbc34,0.4581169309571596,High,refresh_review,"['observed_declining_trend', 'large_observed_decline', 'model_high_priority']"
2057,content_b45d669ab808,0.45809710916255986,High,refresh_review,['model_high_priority']
2058,content_2ecfb29cb4ac,0.45791057960465364,High,refresh_review,['model_high_priority']
2059,content_6a5367976d99,0.4578678724242503,High,refresh_review,"['observed_declining_trend', 'large_observed_decline', 'model_high_priority']"
2060,content_d46faabb95cd,0.45776270867829955,High,refresh_review,"['observed_declining_trend', 'large_observed_decline', 'model_high_priority']"
2061,content_6e2f3780a39e,0.4577107431147318,High,refresh_review,"['observed_declining_trend', 'large_observed_decline', 'model_high_priority']"
2062,content_933e7954d22e,0.4576001623801323,High,refresh_review,"['observed_declining_trend', 'large_observed_decline', 'model_high_priority']"
2063,content_079f12e2077e,0.4575445401399823,High,refresh_review,"['observed_declining_trend', 'large_observed_decline', 'model_high_priority']"
2064,content_3743c215f207,0.45750571661790007,High,refresh_review,"['observed_declining_trend', 'large_observed_decline', 'model_high_priority']"
2065,content_f6227c12b17b,0.45750056762883257,High,refresh_review,"['observed_declining_trend', 'large_observed_decline', 'model_high_priority']"
2066,content_8f1e292ec874,0.4574476732333777,High,refresh_review,['model_high_priority']
2067,content_642745013260,0.4574103142526679,High,refresh_review,"['observed_declining_trend', 'large_observed_decline', 'model_high_priority']"
2068,content_a62b745f8be3,0.45726625222402967,High,refresh_review,"['observed_declining_trend', 'large_observed_decline', 'model_high_priority']"
2069,content_b4570b4d3de2,0.4572555446327662,High,refresh_review,['model_high_priority']
2070,content_95284f69cbc4,0.45722693871265724,High,refresh_review,"['observed_declining_trend', 'large_observed_decline', 'model_high_priority']"
2071,content_87510958c08d,0.4571894148794088,High,refresh_review,"['observed_declining_trend', 'large_observed_decline', 'model_high_priority']"
2072,content_3d522349ef4d,0.45715926954696745,High,refresh_review,"['observed_declining_trend', 'large_observed_decline', 'model_high_priority']"
2073,content_58abc05dcae5,0.45710127227297204,High,refresh_review,"['observed_declining_trend', 'large_observed_decline', 'model_high_priority']"
2074,content_4c40e33aa12d,0.45708491342850854,High,refresh_review,['model_high_priority']
2075,content_f89165bffc09,0.4569906608516276,High,refresh_review,"['observed_declining_trend', 'large_observed_decline', 'model_high_priority']"
2076,content_d5fd572a925f,0.4569170357102177,High,refresh_review,"['observed_declining_trend', 'large_observed_decline', 'model_high_priority']"
2077,content_d9dfe5461b23,0.45688023546744283,High,refresh_review,"['observed_declining_trend', 'large_observed_decline', 'model_high_priority']"
2078,content_6cfc1dadd083,0.45681458971157457,High,refresh_review,['model_high_priority']
2079,content_6919e5d1471f,0.45671791655191907,High,refresh_review,['model_high_priority']
2080,content_a56a1c89ab0a,0.4567097870031096,High,refresh_review,['model_high_priority']
2081,content_730d9c90c323,0.45669364020378084,High,refresh_review,"['observed_declining_trend', 'large_observed_decline', 'model_high_priority']"
2082,content_13f687a89060,0.456613364268779,High,refresh_review,['model_high_priority']
2083,content_ab021a40c0da,0.4565992692783248,High,refresh_review,"['observed_declining_trend', 'large_observed_decline', 'model_high_priority']"
2084,content_35f8d6d44e84,0.45654698012340966,High,refresh_review,['model_high_priority']
2085,content_cb99c825e293,0.45653367872363637,High,refresh_review,['model_high_priority']
2086,content_961a949058a1,0.4563702443840015,High,refresh_review,"['observed_declining_trend', 'large_observed_decline', 'model_high_priority']"
2087,content_54aaf33f64b4,0.45636605833629895,High,refresh_review,"['observed_declining_trend', 'large_observed_decline', 'model_high_priority']"
2088,content_eac441c4b753,0.4561932808136059,High,refresh_review,['model_high_priority']
2089,content_3ca6b7126623,0.4560748809692061,High,refresh_review,['model_high_priority']
2090,content_5b4034650f3f,0.4560143786002301,High,refresh_review,"['observed_declining_trend', 'large_observed_decline', 'model_high_priority']"
2091,content_7b978a6bbf9f,0.4560142377901884,High,refresh_review,['model_high_priority']
2092,content_d4c48465c0af,0.45590651707665253,High,refresh_review,"['observed_declining_trend', 'large_observed_decline', 'model_high_priority']"
2093,content_89df11e2b77d,0.45589071841046463,High,refresh_review,"['observed_declining_trend', 'large_observed_decline', 'model_high_priority']"
2094,content_d5eab5842a02,0.4557367217001963,High,refresh_review,"['observed_declining_trend', 'large_observed_decline', 'model_high_priority']"
2095,content_0afe3d55f4dc,0.45573366325044923,High,refresh_review,"['observed_declining_trend', 'large_observed_decline', 'model_high_priority']"
2096,content_7ecc6be0a603,0.45573141339736123,High,refresh_review,"['observed_declining_trend', 'large_observed_decline', 'model_high_priority']"
2097,content_1d653ea7148d,0.45571020847929644,High,refresh_review,['model_high_priority']
2098,content_8bacb003a1aa,0.4556940850375373,High,refresh_review,"['observed_declining_trend', 'large_observed_decline', 'model_high_priority']"
2099,content_823ed1f9a2fe,0.45566643760128017,High,refresh_review,"['observed_declining_trend', 'large_observed_decline', 'model_high_priority']"
2100,content_ced08f8ea1ac,0.45566572560273366,High,refresh_review,['model_high_priority']
2101,content_6fc3e66c8c58,0.45557828554458707,High,refresh_review,"['observed_declining_trend', 'large_observed_decline', 'model_high_priority']"
2102,content_3a470a752d01,0.45556834860198286,High,refresh_review,"['observed_declining_trend', 'large_observed_decline', 'model_high_priority']"
2103,content_033ae3e7aecf,0.4555433694346119,High,refresh_review,"['observed_declining_trend', 'large_observed_decline', 'model_high_priority']"
2104,content_7457fe06f56d,0.4555220006552385,High,refresh_review,"['observed_declining_trend', 'large_observed_decline', 'model_high_priority']"
2105,content_e816975603a4,0.45543328902022256,High,refresh_review,['model_high_priority']
2106,content_02500296ad9a,0.455417149883282,High,refresh_review,['model_high_priority']
2107,content_38e6ba2b2d9a,0.45529329577640654,High,refresh_review,['model_high_priority']
2108,content_f9b44af81656,0.4551729441199697,High,refresh_review,"['observed_declining_trend', 'large_observed_decline', 'model_high_priority']"
2109,content_7efb00396cfd,0.45517060946624904,High,refresh_review,['model_high_priority']
2110,content_e6e15ac13287,0.4551452765865294,High,refresh_review,['model_high_priority']
2111,content_b572f8dba3c4,0.455144363961008,High,refresh_review,['model_high_priority']
2112,content_f0d2cde9cec5,0.4551108423710696,High,refresh_review,"['observed_declining_trend', 'large_observed_decline', 'model_high_priority']"
2113,content_a9784de463d9,0.4550506829385336,High,refresh_review,['model_high_priority']
2114,content_e567de46b47d,0.4550342388485643,High,refresh_review,['model_high_priority']
2115,content_9dbd12523260,0.4549897939817764,High,refresh_review,"['observed_declining_trend', 'large_observed_decline', 'model_high_priority']"
2116,content_6fe71b8e8e19,0.45484647790367794,High,refresh_review,['model_high_priority']
2117,content_3cdc1b30d728,0.45482874209438034,High,refresh_review,"['observed_declining_trend', 'large_observed_decline', 'model_high_priority']"
2118,content_2ed48493988d,0.45481120447437823,High,refresh_review,"['observed_declining_trend', 'large_observed_decline', 'model_high_priority']"
2119,content_68679a49bd03,0.4547332590888998,High,refresh_review,['model_high_priority']
2120,content_207fe9e3ad65,0.454610068545897,High,refresh_review,"['observed_declining_trend', 'large_observed_decline', 'model_high_priority']"
2121,content_e022dca246c3,0.45456577817467625,High,refresh_review,['model_high_priority']
2122,content_243a639453c5,0.454564115306926,High,refresh_review,"['observed_declining_trend', 'large_observed_decline', 'model_high_priority']"
2123,content_36d8ddaf2e53,0.4545608180708273,High,refresh_review,"['observed_declining_trend', 'large_observed_decline', 'model_high_priority']"
2124,content_1f1c6b273a44,0.454529022649551,High,refresh_review,"['observed_declining_trend', 'large_observed_decline', 'model_high_priority']"
2125,content_b5735741b78d,0.45443631590613137,High,refresh_review,"['observed_declining_trend', 'large_observed_decline', 'model_high_priority']"
2126,content_930f0a3aa87d,0.45434593462681944,High,refresh_review,"['observed_declining_trend', 'large_observed_decline', 'model_high_priority']"
2127,content_b7ab61937a1c,0.4543135681601937,High,refresh_review,"['observed_declining_trend', 'large_observed_decline', 'model_high_priority']"
2128,content_0588cb9e1922,0.4542306482370863,High,refresh_review,"['observed_declining_trend', 'large_observed_decline', 'model_high_priority']"
2129,content_3a7f4f1c58ba,0.45417273010974013,High,refresh_review,"['observed_declining_trend', 'large_observed_decline', 'model_high_priority']"
2130,content_961ce1c405e1,0.4541619079621175,High,refresh_review,"['observed_declining_trend', 'large_observed_decline', 'model_high_priority']"
2131,content_a6544458b585,0.4540988477601358,High,refresh_review,['model_high_priority']
2132,content_b3a34837d536,0.45401801981888745,High,refresh_review,"['observed_declining_trend', 'large_observed_decline', 'model_high_priority']"
2133,content_01f1b971c5ac,0.4540147295038283,High,refresh_review,"['observed_declining_trend', 'large_observed_decline', 'model_high_priority']"
2134,content_d56d7775f18f,0.4540071766820668,High,refresh_review,"['observed_declining_trend', 'large_observed_decline', 'model_high_priority']"
2135,content_774b7bb6f049,0.453941450845545,High,refresh_review,"['observed_declining_trend', 'large_observed_decline', 'model_high_priority']"
2136,content_8189ba254e13,0.4539250488842459,High,refresh_review,"['observed_declining_trend', 'large_observed_decline', 'model_high_priority']"
2137,content_faaf1b1e4d65,0.4538788690780449,High,refresh_review,"['observed_declining_trend', 'large_observed_decline', 'model_high_priority']"
2138,content_935cf71f6fe5,0.45386225103742733,High,refresh_review,"['observed_declining_trend', 'large_observed_decline', 'model_high_priority']"
2139,content_68b0421d0ae4,0.4537277081847695,High,refresh_review,"['observed_declining_trend', 'large_observed_decline', 'model_high_priority']"
2140,content_3a5d5d34449d,0.4536943007845045,High,refresh_review,['model_high_priority']
2141,content_b589cc886739,0.4536863795394433,High,refresh_review,['model_high_priority']
2142,content_78d46bee6efa,0.4536758247006341,High,refresh_review,"['observed_declining_trend', 'large_observed_decline', 'model_high_priority']"
2143,content_f857e7bf7fc2,0.453362824360708,High,refresh_review,"['observed_declining_trend', 'large_observed_decline', 'model_high_priority']"
2144,content_8fc05eff4a33,0.45333387698425703,High,refresh_review,"['observed_declining_trend', 'large_observed_decline', 'model_high_priority']"
2145,content_e053030b589a,0.4532535885331125,High,refresh_review,"['observed_declining_trend', 'large_observed_decline', 'model_high_priority']"
2146,content_534e70dbc24d,0.45319751108160183,High,refresh_review,['model_high_priority']
2147,content_5c5f024cd3a6,0.4531171755531427,High,refresh_review,['model_high_priority']
2148,content_db734dacfe53,0.45309582263663384,High,refresh_review,"['observed_declining_trend', 'large_observed_decline', 'model_high_priority']"
2149,content_73efbabd83af,0.45307888652408895,High,refresh_review,['model_high_priority']
2150,content_f834aa112122,0.452964456394857,High,refresh_review,['model_high_priority']
2151,content_6b67c651f332,0.4528231879330877,High,refresh_review,"['observed_declining_trend', 'large_observed_decline', 'model_high_priority']"
2152,content_a8c40fb2c87a,0.4528132752662046,High,refresh_review,"['observed_declining_trend', 'large_observed_decline', 'model_high_priority']"
2153,content_7e62e609fca2,0.45265057156406263,High,refresh_review,['model_high_priority']
2154,content_07165f9eb2a1,0.4525639376308347,High,refresh_review,"['observed_declining_trend', 'large_observed_decline', 'model_high_priority']"
2155,content_0817e1920983,0.45248796765392724,High,refresh_review,['model_high_priority']
2156,content_ca70c2173fbc,0.45224034734446644,High,refresh_review,"['observed_declining_trend', 'large_observed_decline', 'model_high_priority']"
2157,content_a15c768760bd,0.4522357991701709,Low,refresh_review,"['observed_declining_trend', 'large_observed_decline']"
2158,content_9420e565888a,0.45221597811228303,High,refresh_review,['model_high_priority']
2159,content_77c2de24ad94,0.4521075727203642,High,refresh_review,"['observed_declining_trend', 'large_observed_decline', 'model_high_priority']"
2160,content_7959cb7d586f,0.4520320411450095,High,refresh_review,"['observed_declining_trend', 'large_observed_decline', 'model_high_priority']"
2161,content_7c14c899d2c5,0.4520234655681306,High,refresh_review,"['observed_declining_trend', 'large_observed_decline', 'model_high_priority']"
2162,content_60f4c329e5e7,0.45195936864900044,High,refresh_review,['model_high_priority']
2163,content_828ec809b205,0.4518826251554071,High,refresh_review,"['observed_declining_trend', 'large_observed_decline', 'model_high_priority']"
2164,content_b32c56556a77,0.4518676260576283,High,refresh_review,['model_high_priority']
2165,content_3e6b7a62d22e,0.4518599245709837,High,refresh_review,['model_high_priority']
2166,content_1bf0002f60cc,0.45180719318222506,High,refresh_review,"['observed_declining_trend', 'large_observed_decline', 'model_high_priority']"
2167,content_1a47f735791e,0.451796145529277,High,refresh_review,"['observed_declining_trend', 'large_observed_decline', 'model_high_priority']"
2168,content_2e43f59c050d,0.45168139834124665,High,refresh_review,['model_high_priority']
2169,content_fd285d01fcef,0.4516351994257201,High,refresh_review,['model_high_priority']
2170,content_7bf733e787cb,0.4516280937198128,High,refresh_review,"['observed_declining_trend', 'large_observed_decline', 'model_high_priority']"
2171,content_0eae5bca3f17,0.45161296412253826,High,refresh_review,"['observed_declining_trend', 'large_observed_decline', 'model_high_priority']"
2172,content_83f5527f59b4,0.4515344095202999,High,refresh_review,['model_high_priority']
2173,content_ff102de380d8,0.4514380664013718,High,refresh_review,"['observed_declining_trend', 'large_observed_decline', 'model_high_priority']"
2174,content_35de81fa684f,0.45140070628448237,High,refresh_review,['model_high_priority']
2175,content_d81093249cd6,0.45129791213276643,High,refresh_review,"['observed_declining_trend', 'large_observed_decline', 'model_high_priority']"
2176,content_690b4d8e58eb,0.451014416214105,High,refresh_review,['model_high_priority']
2177,content_25ca73944527,0.450998828156411,High,refresh_review,['model_high_priority']
2178,content_2d33a679ef65,0.45094695816393265,Low,refresh_review,"['observed_declining_trend', 'large_observed_decline']"
2179,content_57596b8c69ff,0.45091808519022314,High,refresh_review,['model_high_priority']
2180,content_cc535f78c6c3,0.45080708067586567,High,refresh_review,"['observed_declining_trend', 'large_observed_decline', 'model_high_priority']"
2181,content_0ba155fc6151,0.45074878880949865,High,refresh_review,['model_high_priority']
2182,content_b910884d5a19,0.45069421497932327,High,refresh_review,['model_high_priority']
2183,content_63d0519f9abe,0.45067736303702094,High,refresh_review,"['observed_declining_trend', 'large_observed_decline', 'model_high_priority']"
2184,content_d833c807ccc4,0.4505196215600845,High,refresh_review,"['observed_declining_trend', 'large_observed_decline', 'model_high_priority']"
2185,content_5e67bb4ef214,0.45049594326587833,High,refresh_review,"['observed_declining_trend', 'large_observed_decline', 'model_high_priority']"
2186,content_08038bd6b9b0,0.4504850975675768,High,refresh_review,['model_high_priority']
2187,content_b5580fff8dcb,0.4503495171596437,High,refresh_review,['model_high_priority']
2188,content_b7fef277c982,0.45006523228909856,High,refresh_review,"['observed_declining_trend', 'large_observed_decline', 'model_high_priority']"
2189,content_bf313c86ff6b,0.45006247353684453,High,refresh_review,"['observed_declining_trend', 'large_observed_decline', 'model_high_priority']"
2190,content_771d1c101cda,0.44996936952777794,High,refresh_review,['model_high_priority']
2191,content_bd164997ed9b,0.44996676412609227,High,refresh_review,"['observed_declining_trend', 'large_observed_decline', 'model_high_priority']"
2192,content_81daf6da2ed4,0.4499375693896393,High,refresh_review,['model_high_priority']
2193,content_61c6d52381cc,0.4497899762212246,High,refresh_review,['model_high_priority']
2194,content_0b10e0fdb03b,0.44972752263409754,High,refresh_review,"['observed_declining_trend', 'large_observed_decline', 'model_high_priority']"
2195,content_6455e78f389f,0.4497269723050056,High,refresh_review,"['observed_declining_trend', 'large_observed_decline', 'model_high_priority']"
2196,content_d7344dbc6ad1,0.44971630416680086,High,refresh_review,"['observed_declining_trend', 'large_observed_decline', 'model_high_priority']"
2197,content_e960cb635370,0.4496412175188148,High,refresh_review,"['observed_declining_trend', 'large_observed_decline', 'model_high_priority']"
2198,content_eb58f272b967,0.4495968406856563,High,refresh_review,"['observed_declining_trend', 'large_observed_decline', 'model_high_priority']"
2199,content_3c1dc5698b82,0.44958613390011576,High,refresh_review,"['observed_declining_trend', 'large_observed_decline', 'model_high_priority']"
2200,content_d62bcceebda5,0.44957807336432104,High,refresh_review,"['observed_declining_trend', 'large_observed_decline', 'model_high_priority']"
2201,content_51e019b46a0f,0.4495685035808102,Low,refresh_review,"['observed_declining_trend', 'large_observed_decline']"
2202,content_94c4557adbde,0.44955057148132616,High,refresh_review,['model_high_priority']
2203,content_c6599698a7a7,0.44954770792579857,High,refresh_review,"['observed_declining_trend', 'large_observed_decline', 'model_high_priority']"
2204,content_1e43fd141a03,0.4495057840983381,High,refresh_review,"['observed_declining_trend', 'large_observed_decline', 'model_high_priority']"
2205,content_451632c0629a,0.4494304465392911,High,refresh_review,"['observed_declining_trend', 'large_observed_decline', 'model_high_priority']"
2206,content_1d5ec705cae6,0.4493736539147488,High,refresh_review,"['observed_declining_trend', 'large_observed_decline', 'model_high_priority']"
2207,content_c5960f5ee86b,0.449243527795551,High,refresh_review,"['observed_declining_trend', 'large_observed_decline', 'model_high_priority']"
2208,content_cf1cca76949b,0.4492210926664914,High,refresh_review,['model_high_priority']
2209,content_c9b9c9e939d1,0.4491817279228517,High,refresh_review,"['observed_declining_trend', 'large_observed_decline', 'model_high_priority']"
2210,content_035b17df40a9,0.4491640848305538,High,refresh_review,['model_high_priority']
2211,content_2abf85e2acd3,0.4491550790339042,High,refresh_review,"['observed_declining_trend', 'large_observed_decline', 'model_high_priority']"
2212,content_d983fb4ec74f,0.44908148685077376,High,refresh_review,"['observed_declining_trend', 'large_observed_decline', 'model_high_priority']"
2213,content_1fde0c76722c,0.4490262399244555,High,refresh_review,"['observed_declining_trend', 'large_observed_decline', 'model_high_priority']"
2214,content_9a2ba4e02292,0.44901951374377336,High,refresh_review,"['observed_declining_trend', 'large_observed_decline', 'model_high_priority']"
2215,content_b2ba04fe6f20,0.44888479596282566,High,refresh_review,"['observed_declining_trend', 'large_observed_decline', 'model_high_priority']"
2216,content_e1f897cb36ba,0.4488685800012156,High,refresh_review,['model_high_priority']
2217,content_43cee7a2e67e,0.4487788176848924,High,refresh_review,"['observed_declining_trend', 'large_observed_decline', 'model_high_priority']"
2218,content_c19817a1ca36,0.4487618582032611,Low,refresh_review,"['observed_declining_trend', 'large_observed_decline']"
2219,content_c256b122ab35,0.4487503853230124,High,refresh_review,"['observed_declining_trend', 'large_observed_decline', 'model_high_priority']"
2220,content_3b98fbb45b26,0.44865969003599093,High,refresh_review,"['observed_declining_trend', 'large_observed_decline', 'model_high_priority']"
2221,content_ab46905e22f7,0.44859461959084695,High,refresh_review,"['observed_declining_trend', 'large_observed_decline', 'model_high_priority']"
2222,content_5072890ee893,0.4485903386510944,High,refresh_review,"['observed_declining_trend', 'large_observed_decline', 'model_high_priority']"
2223,content_217ab13a19c2,0.4485244173872204,High,refresh_review,"['large_observed_decline', 'model_high_priority']"
2224,content_3d008db75274,0.4485224421067599,High,refresh_review,"['observed_declining_trend', 'large_observed_decline', 'model_high_priority']"
2225,content_5e2a1d78391f,0.44852010392554925,High,refresh_review,"['observed_declining_trend', 'large_observed_decline', 'model_high_priority']"
2226,content_03e535eabfdc,0.4482950383814204,High,refresh_review,"['observed_declining_trend', 'large_observed_decline', 'model_high_priority']"
2227,content_c7da8834e84f,0.4482592415579457,High,refresh_review,['model_high_priority']
2228,content_3d25f2a8e2ff,0.4482490261707867,High,refresh_review,"['observed_declining_trend', 'large_observed_decline', 'model_high_priority']"
2229,content_85fd92fe33ef,0.4482465818603536,High,refresh_review,"['observed_declining_trend', 'large_observed_decline', 'model_high_priority']"
2230,content_d10b8ea1be67,0.4481190221161784,High,refresh_review,['model_high_priority']
2231,content_508f5c9b8535,0.4480538307840027,High,refresh_review,['model_high_priority']
2232,content_3e7893eabb81,0.4480412970768052,High,refresh_review,"['observed_declining_trend', 'large_observed_decline', 'model_high_priority']"
2233,content_7cd3d321a3ad,0.4479721082197318,High,refresh_review,"['observed_declining_trend', 'large_observed_decline', 'model_high_priority']"
2234,content_3b3fcb7e1a90,0.447963183489091,Low,refresh_review,['model_signal_requires_review']
2235,content_d149b02b1cb1,0.4478065813084901,High,refresh_review,"['observed_declining_trend', 'large_observed_decline', 'model_high_priority']"
2236,content_c4432c324dc6,0.4478050841067553,High,refresh_review,['model_high_priority']
2237,content_81a89c686b96,0.44777267821808975,High,refresh_review,['model_high_priority']
2238,content_8899b467cd41,0.44774577139442356,High,refresh_review,"['observed_declining_trend', 'large_observed_decline', 'model_high_priority']"
2239,content_63484de88c09,0.44768443629229493,High,refresh_review,['model_high_priority']
2240,content_a2656a6179ff,0.44762743012624107,High,refresh_review,"['observed_declining_trend', 'large_observed_decline', 'model_high_priority']"
2241,content_64af609a6bd6,0.44754467130739445,High,refresh_review,"['observed_declining_trend', 'large_observed_decline', 'model_high_priority']"
2242,content_e41c5adad0e5,0.4473777951638121,High,refresh_review,['model_high_priority']
2243,content_0e22f3e72c38,0.44719796624848024,High,refresh_review,"['observed_declining_trend', 'large_observed_decline', 'model_high_priority']"
2244,content_98f736f745a6,0.4471443370369343,High,refresh_review,"['observed_declining_trend', 'large_observed_decline', 'model_high_priority']"
2245,content_306b690f0366,0.4470598365505862,High,refresh_review,"['observed_declining_trend', 'large_observed_decline', 'model_high_priority']"
2246,content_d3b495d2eab6,0.4469929658742541,High,refresh_review,"['observed_declining_trend', 'large_observed_decline', 'model_high_priority']"
2247,content_ffc437abf31c,0.4468369738236862,High,refresh_review,"['observed_declining_trend', 'large_observed_decline', 'model_high_priority']"
2248,content_b5db3c2e6d05,0.44667097705547104,High,refresh_review,"['observed_declining_trend', 'large_observed_decline', 'model_high_priority']"
2249,content_20b682542a31,0.4466674823746437,High,refresh_review,"['observed_declining_trend', 'large_observed_decline', 'model_high_priority']"
2250,content_afabddf1151c,0.4466293744928993,High,refresh_review,['model_high_priority']
2251,content_ada6dc9b65c6,0.44644916086471187,High,refresh_review,['model_high_priority']
2252,content_1efec8da6e83,0.44629694309195317,High,refresh_review,"['observed_declining_trend', 'large_observed_decline', 'model_high_priority']"
2253,content_c8b0f28d2c4e,0.44629600407907627,High,refresh_review,"['observed_declining_trend', 'large_observed_decline', 'model_high_priority']"
2254,content_52a8a945cfc3,0.4461713700058317,High,refresh_review,"['observed_declining_trend', 'large_observed_decline', 'model_high_priority']"
2255,content_4d4c6c972349,0.44613083381290825,Low,refresh_review,"['observed_declining_trend', 'large_observed_decline']"
2256,content_f563c3e6ea5d,0.4460899417337755,High,refresh_review,"['observed_declining_trend', 'large_observed_decline', 'model_high_priority']"
2257,content_80f3efc9498b,0.4460303969856885,High,refresh_review,"['observed_declining_trend', 'large_observed_decline', 'model_high_priority']"
2258,content_a27cb3cc234c,0.44595157103083666,High,refresh_review,"['observed_declining_trend', 'large_observed_decline', 'model_high_priority']"
2259,content_8f8de26e32ef,0.4459250695784068,High,refresh_review,"['observed_declining_trend', 'large_observed_decline', 'model_high_priority']"
2260,content_3217f08710e3,0.44587027699645365,High,refresh_review,"['observed_declining_trend', 'large_observed_decline', 'model_high_priority']"
2261,content_fac19fcdfb85,0.4457374032091393,High,refresh_review,['model_high_priority']
2262,content_456941ba1541,0.4456347581638633,High,refresh_review,"['observed_declining_trend', 'large_observed_decline', 'model_high_priority']"
2263,content_b0bbe3291c4c,0.4455503020047842,High,refresh_review,"['observed_declining_trend', 'large_observed_decline', 'model_high_priority']"
2264,content_44924d362d90,0.44538070168868205,High,refresh_review,"['observed_declining_trend', 'large_observed_decline', 'model_high_priority']"
2265,content_1777590f5506,0.4453450663037984,High,refresh_review,"['observed_declining_trend', 'large_observed_decline', 'model_high_priority']"
2266,content_c8300a2e0cfa,0.44530024008315944,High,refresh_review,"['observed_declining_trend', 'large_observed_decline', 'model_high_priority']"
2267,content_5ec81b962409,0.4452664462234904,High,refresh_review,['model_high_priority']
2268,content_f14a24375cc4,0.4452081934654089,High,refresh_review,"['observed_declining_trend', 'large_observed_decline', 'model_high_priority']"
2269,content_a44f5dd132bb,0.4452004996633435,Low,refresh_review,"['observed_declining_trend', 'large_observed_decline']"
2270,content_af93cd2b52fb,0.4451548697768913,High,refresh_review,['model_high_priority']
2271,content_272dc2b8320d,0.44503231844238417,High,refresh_review,"['observed_declining_trend', 'large_observed_decline', 'model_high_priority']"
2272,content_dd2be2fff168,0.4449332485787271,High,refresh_review,['model_high_priority']
2273,content_236f7953ced7,0.44491076810676,High,refresh_review,"['observed_declining_trend', 'large_observed_decline', 'model_high_priority']"
2274,content_8ff4e95a1d24,0.44490899374675924,High,refresh_review,"['observed_declining_trend', 'large_observed_decline', 'model_high_priority']"
2275,content_0022a6b4290f,0.44489050597369717,High,refresh_review,"['observed_declining_trend', 'large_observed_decline', 'model_high_priority']"
2276,content_3135ae17abcf,0.4447170115692134,High,refresh_review,"['observed_declining_trend', 'large_observed_decline', 'model_high_priority']"
2277,content_06e5928c931b,0.44471498942342463,High,refresh_review,['model_high_priority']
2278,content_23b5cceed86f,0.44463710590408645,High,refresh_review,"['observed_declining_trend', 'large_observed_decline', 'model_high_priority']"
2279,content_23f366c08715,0.4445777145949132,High,refresh_review,['model_high_priority']
2280,content_31bd7e88b345,0.4445738848000446,High,refresh_review,['model_high_priority']
2281,content_f37e09f687bf,0.44455631804219714,High,refresh_review,['model_high_priority']
2282,content_47806094bb4d,0.44455595996340086,High,refresh_review,"['observed_declining_trend', 'large_observed_decline', 'model_high_priority']"
2283,content_5004abcf4b61,0.44453945051040866,High,refresh_review,"['observed_declining_trend', 'large_observed_decline', 'model_high_priority']"
2284,content_bcc1e8e2646d,0.4444067880614389,High,refresh_review,"['observed_declining_trend', 'large_observed_decline', 'model_high_priority']"
2285,content_982916749e6d,0.4443550974471855,High,refresh_review,"['observed_declining_trend', 'large_observed_decline', 'model_high_priority']"
2286,content_37fb0f66d2d8,0.44431198075479617,High,refresh_review,"['observed_declining_trend', 'large_observed_decline', 'model_high_priority']"
2287,content_e70c53facf62,0.4443098686372382,High,refresh_review,['model_high_priority']
2288,content_42fbb334788f,0.4442240721824952,High,refresh_review,['model_high_priority']
2289,content_ca363f32d934,0.4440247567469198,High,refresh_review,['model_high_priority']
2290,content_94fa1e16f2b8,0.4439221898673879,High,refresh_review,['model_high_priority']
2291,content_0ce4ee2846e7,0.4438734829268885,High,refresh_review,"['observed_declining_trend', 'large_observed_decline', 'model_high_priority']"
2292,content_a928cb66d230,0.4438618695747119,High,refresh_review,"['observed_declining_trend', 'large_observed_decline', 'model_high_priority']"
2293,content_ff65884e750a,0.44379477985313515,High,refresh_review,['model_high_priority']
2294,content_820ae6792425,0.4437616110578166,High,refresh_review,"['observed_declining_trend', 'large_observed_decline', 'model_high_priority']"
2295,content_f7a8c37e7eaa,0.4437298105275525,High,refresh_review,"['observed_declining_trend', 'large_observed_decline', 'model_high_priority']"
2296,content_b899aa06520a,0.4435546194724695,High,refresh_review,['model_high_priority']
2297,content_bbcfb606811c,0.44340734790321507,High,refresh_review,"['observed_declining_trend', 'large_observed_decline', 'model_high_priority']"
2298,content_ffc060f09c4c,0.44326018295396047,High,refresh_review,"['observed_declining_trend', 'large_observed_decline', 'model_high_priority']"
2299,content_c979a888e4ab,0.44320472197827304,High,refresh_review,"['observed_declining_trend', 'large_observed_decline', 'model_high_priority']"
2300,content_6daa046e195c,0.44303705913209324,High,refresh_review,['model_high_priority']
2301,content_41e79436cdff,0.44284187687164517,High,refresh_review,['model_high_priority']
2302,content_86003ed8aa34,0.44278945109737017,High,refresh_review,"['observed_declining_trend', 'large_observed_decline', 'model_high_priority']"
2303,content_fc1fcfcd270a,0.442629116985025,High,refresh_review,"['observed_declining_trend', 'large_observed_decline', 'model_high_priority']"
2304,content_e2989112662f,0.4424968422892178,High,refresh_review,['model_high_priority']
2305,content_3e274426ccca,0.4422613476009302,High,refresh_review,"['observed_declining_trend', 'large_observed_decline', 'model_high_priority']"
2306,content_0e6dbc08d6ae,0.44222515138397966,High,refresh_review,['model_high_priority']
2307,content_b0d2cb4e73a0,0.44219702787898324,High,refresh_review,"['observed_declining_trend', 'large_observed_decline', 'model_high_priority']"
2308,content_6499b59bdc70,0.44215167465523053,High,refresh_review,"['observed_declining_trend', 'large_observed_decline', 'model_high_priority']"
2309,content_e7c9466c83ff,0.4420862092604256,High,refresh_review,"['observed_declining_trend', 'large_observed_decline', 'model_high_priority']"
2310,content_605cd753b78d,0.4420672103021345,High,refresh_review,"['observed_declining_trend', 'large_observed_decline', 'model_high_priority']"
2311,content_30690bb675d2,0.4420411621600408,High,refresh_review,"['observed_declining_trend', 'large_observed_decline', 'model_high_priority']"
2312,content_236fdad5bfb8,0.4417976582356491,High,refresh_review,"['observed_declining_trend', 'large_observed_decline', 'model_high_priority']"
2313,content_5d861ff2ac94,0.4417901156960047,High,refresh_review,"['observed_declining_trend', 'large_observed_decline', 'model_high_priority']"
2314,content_73091035a5a4,0.44173897121620875,Low,refresh_review,"['observed_declining_trend', 'large_observed_decline']"
2315,content_f2b426905e8c,0.4416997639861155,High,refresh_review,"['observed_declining_trend', 'large_observed_decline', 'model_high_priority']"
2316,content_32f7e76c0924,0.44166143804852537,Low,refresh_review,['model_signal_requires_review']
2317,content_bbb2fe57b49f,0.4416170849484242,High,refresh_review,"['observed_declining_trend', 'large_observed_decline', 'model_high_priority']"
2318,content_0f218ca2462a,0.44159897054690417,High,refresh_review,"['observed_declining_trend', 'large_observed_decline', 'model_high_priority']"
2319,content_2b81f37b2b9b,0.44154914628672437,High,refresh_review,"['observed_declining_trend', 'large_observed_decline', 'model_high_priority']"
2320,content_1cc2d0c15fc6,0.44101894279056286,High,refresh_review,"['observed_declining_trend', 'large_observed_decline', 'model_high_priority']"
2321,content_7fcc5d4ca571,0.4409686809383779,High,refresh_review,"['observed_declining_trend', 'large_observed_decline', 'model_high_priority']"
2322,content_5589a28d0374,0.4409382017770096,High,refresh_review,"['observed_declining_trend', 'large_observed_decline', 'model_high_priority']"
2323,content_1db1b15bf418,0.44090789993213214,Low,refresh_review,['model_signal_requires_review']
2324,content_5508a10bb608,0.44082103625375557,High,refresh_review,['model_high_priority']
2325,content_29951869a199,0.4407439678651801,High,refresh_review,"['observed_declining_trend', 'large_observed_decline', 'model_high_priority']"
2326,content_6493ac173e55,0.44074232808945984,High,refresh_review,"['observed_declining_trend', 'large_observed_decline', 'model_high_priority']"
2327,content_2efcee1621b9,0.44069688142840713,High,refresh_review,"['observed_declining_trend', 'large_observed_decline', 'model_high_priority']"
2328,content_2dc97df1e8aa,0.44069321927203237,High,refresh_review,"['observed_declining_trend', 'large_observed_decline', 'model_high_priority']"
2329,content_06f4bf7a9357,0.44067264515662374,High,refresh_review,"['observed_declining_trend', 'large_observed_decline', 'model_high_priority']"
2330,content_e6b69b74d3dc,0.4406148449196545,Low,refresh_review,['model_signal_requires_review']
2331,content_b98709292db4,0.44043908543037447,Low,refresh_review,"['observed_declining_trend', 'large_observed_decline']"
2332,content_be3e3375b277,0.44036155496823987,High,refresh_review,"['observed_declining_trend', 'large_observed_decline', 'model_high_priority']"
2333,content_028f9aa4ac3c,0.4403478884628374,High,refresh_review,"['observed_declining_trend', 'large_observed_decline', 'model_high_priority']"
2334,content_c4aa4ab7db55,0.44030184333241473,High,refresh_review,['model_high_priority']
2335,content_cceb86aa5a80,0.4402984897739332,High,refresh_review,['model_high_priority']
2336,content_1ee0de2d2fc6,0.4401570975391886,High,refresh_review,"['observed_declining_trend', 'large_observed_decline', 'model_high_priority']"
2337,content_a4c38287770e,0.4401525320586533,Low,refresh_review,"['observed_declining_trend', 'large_observed_decline']"
2338,content_5c5c9a925d23,0.44013315884971066,High,refresh_review,"['observed_declining_trend', 'large_observed_decline', 'model_high_priority']"
2339,content_bb9018e32ba7,0.44007537777353717,High,refresh_review,"['observed_declining_trend', 'large_observed_decline', 'model_high_priority']"
2340,content_4ff3d119662e,0.440065167056215,High,refresh_review,"['observed_declining_trend', 'large_observed_decline', 'model_high_priority']"
2341,content_01a1cc81e480,0.4399096213390621,High,refresh_review,['model_high_priority']
2342,content_585479f94fe1,0.4398977743862755,High,refresh_review,"['observed_declining_trend', 'large_observed_decline', 'model_high_priority']"
2343,content_9e53e39d27c6,0.43984476147227325,High,refresh_review,['model_high_priority']
2344,content_56077c187b5d,0.4397737954807826,High,refresh_review,['model_high_priority']
2345,content_6b81ab1805eb,0.43973658194820425,High,refresh_review,"['observed_declining_trend', 'large_observed_decline', 'model_high_priority']"
2346,content_80d3d61c4846,0.4396378847216277,High,refresh_review,"['observed_declining_trend', 'large_observed_decline', 'model_high_priority']"
2347,content_fda1eff38425,0.4395812646318663,High,refresh_review,"['observed_declining_trend', 'large_observed_decline', 'model_high_priority']"
2348,content_ccf99cdad6d1,0.43949669662548807,High,refresh_review,"['observed_declining_trend', 'large_observed_decline', 'model_high_priority']"
2349,content_0ca85d2f49be,0.43930260169485014,High,refresh_review,"['observed_declining_trend', 'large_observed_decline', 'model_high_priority']"
2350,content_4315e2ea3148,0.4392831681289133,High,refresh_review,"['observed_declining_trend', 'large_observed_decline', 'model_high_priority']"
2351,content_6871b9e18506,0.4392725732324609,High,refresh_review,['model_high_priority']
2352,content_8cdfce582697,0.4391065010829549,Low,refresh_review,['model_signal_requires_review']
2353,content_0789d4559aa4,0.43906502018101606,High,refresh_review,"['observed_declining_trend', 'large_observed_decline', 'model_high_priority']"
2354,content_39e637a9cd2b,0.4390086679634219,High,refresh_review,['model_high_priority']
2355,content_698fe3b450ac,0.43898667748354103,High,refresh_review,['model_high_priority']
2356,content_8ea47b2663a0,0.43898366557471813,High,refresh_review,['model_high_priority']
2357,content_cf18d0786169,0.4389646561651653,High,refresh_review,"['observed_declining_trend', 'large_observed_decline', 'model_high_priority']"
2358,content_09f654d4117a,0.438953519323314,High,refresh_review,"['observed_declining_trend', 'large_observed_decline', 'model_high_priority']"
2359,content_52a6f8440e34,0.4388171672770442,High,refresh_review,"['observed_declining_trend', 'large_observed_decline', 'model_high_priority']"
2360,content_24514a603a77,0.4387095777500406,High,refresh_review,"['observed_declining_trend', 'large_observed_decline', 'model_high_priority']"
2361,content_e4fa44b97c8d,0.43866881141888747,High,refresh_review,"['observed_declining_trend', 'large_observed_decline', 'model_high_priority']"
2362,content_ff34f5b44cee,0.43857076543895296,High,refresh_review,"['observed_declining_trend', 'large_observed_decline', 'model_high_priority']"
2363,content_0e9c79c059c0,0.4383763989125752,High,refresh_review,['model_high_priority']
2364,content_76e47929bc42,0.4383763989125752,High,refresh_review,"['observed_declining_trend', 'large_observed_decline', 'model_high_priority']"
2365,content_c6d0a617833d,0.43823500667783066,High,refresh_review,['model_high_priority']
2366,content_4b3eed2b845e,0.4381968264465354,High,refresh_review,['model_high_priority']
2367,content_797bb027e4a4,0.4381915323664661,Low,refresh_review,"['observed_declining_trend', 'large_observed_decline']"
2368,content_af6010d1a527,0.4381623678466704,Low,refresh_review,['model_signal_requires_review']
2369,content_d8a23b5e10c5,0.43801896706452564,Low,refresh_review,"['observed_declining_trend', 'large_observed_decline']"
2370,content_d8992865e6a5,0.4379867640218922,High,refresh_review,"['observed_declining_trend', 'large_observed_decline', 'model_high_priority']"
2371,content_e86e004502f7,0.4379224385035705,High,refresh_review,"['observed_declining_trend', 'large_observed_decline', 'model_high_priority']"
2372,content_8ef5d43bb725,0.4378823726796003,High,refresh_review,['model_high_priority']
2373,content_241d51cd233c,0.4378441626626415,High,refresh_review,"['observed_declining_trend', 'large_observed_decline', 'model_high_priority']"
2374,content_4438cb982246,0.4377488775086359,High,refresh_review,"['observed_declining_trend', 'large_observed_decline', 'model_high_priority']"
2375,content_e0cd6eaa019e,0.4377481815266941,High,refresh_review,"['observed_declining_trend', 'large_observed_decline', 'model_high_priority']"
2376,content_5dbc18c7697f,0.4377152008432443,High,refresh_review,"['large_observed_decline', 'model_high_priority']"
2377,content_77706e5871dd,0.4376820653448299,High,refresh_review,['model_high_priority']
2378,content_292efd8c2a22,0.4376429852509483,High,refresh_review,['model_high_priority']
2379,content_3787d07e1b9a,0.43750695199125705,High,refresh_review,['model_high_priority']
2380,content_cd96f3360ce5,0.4375068379027561,High,refresh_review,"['observed_declining_trend', 'large_observed_decline', 'model_high_priority']"
2381,content_5b4f09067b32,0.43748000571376017,High,refresh_review,"['observed_declining_trend', 'large_observed_decline', 'model_high_priority']"
2382,content_4995288adcef,0.4373628680673818,Low,refresh_review,"['observed_declining_trend', 'large_observed_decline']"
2383,content_46cf314d7658,0.4373551125506116,High,refresh_review,"['observed_declining_trend', 'large_observed_decline', 'model_high_priority']"
2384,content_868305952b99,0.4372395508597925,High,refresh_review,['model_high_priority']
2385,content_2f4d4614a577,0.4372177006282856,Low,refresh_review,"['observed_declining_trend', 'large_observed_decline']"
2386,content_5588d5185277,0.4372093260609637,High,refresh_review,['model_high_priority']
2387,content_cdab2c92c3a2,0.43717316830763,High,refresh_review,"['observed_declining_trend', 'large_observed_decline', 'model_high_priority']"
2388,content_39881853ef0c,0.43716026513282313,High,refresh_review,"['observed_declining_trend', 'large_observed_decline', 'model_high_priority']"
2389,content_d8d9e5614b14,0.43711360858937837,Low,refresh_review,['model_signal_requires_review']
2390,content_5ea475cd4c3b,0.43709480770280124,High,refresh_review,"['observed_declining_trend', 'large_observed_decline', 'model_high_priority']"
2391,content_e2e98af4c1f4,0.43703136453224345,High,refresh_review,['model_high_priority']
2392,content_49001e07f686,0.43700271877124314,High,refresh_review,['model_high_priority']
2393,content_3da4f5c7b72e,0.4369980000207938,Low,refresh_review,"['observed_declining_trend', 'large_observed_decline']"
2394,content_df07516da8db,0.43697865184345525,High,refresh_review,"['observed_declining_trend', 'large_observed_decline', 'model_high_priority']"
2395,content_2ccae1f5c902,0.43694271883106,High,refresh_review,['model_high_priority']
2396,content_97804a37420a,0.43693341231903027,High,refresh_review,"['observed_declining_trend', 'large_observed_decline', 'model_high_priority']"
2397,content_f9b5ca91c2ed,0.4369281960179753,High,refresh_review,['model_high_priority']
2398,content_d5a9fc0e9ea6,0.43685163988838893,High,refresh_review,"['observed_declining_trend', 'large_observed_decline', 'model_high_priority']"
2399,content_bb2159ee87a3,0.43680162926496413,High,refresh_review,['model_high_priority']
2400,content_656372ca5b8d,0.436660461765172,High,refresh_review,['model_high_priority']
2401,content_c5baaa65d5cc,0.4365632523015146,High,refresh_review,['model_high_priority']
2402,content_d81d8c631f61,0.43638339774192864,High,refresh_review,['model_high_priority']
2403,content_da8bb080012c,0.43637192944275793,High,refresh_review,['model_high_priority']
2404,content_0a55ebc4234b,0.4363122148950015,High,refresh_review,['model_high_priority']
2405,content_deae03dc2d26,0.436253623768131,High,refresh_review,"['observed_declining_trend', 'large_observed_decline', 'model_high_priority']"
2406,content_f38b1995eb3a,0.43621670429772186,High,refresh_review,['model_high_priority']
2407,content_e3c6836b5dda,0.4362012607367898,High,refresh_review,['model_high_priority']
2408,content_378c51ef5313,0.43615516981170116,High,refresh_review,"['observed_declining_trend', 'large_observed_decline', 'model_high_priority']"
2409,content_5b9cd5b2818a,0.4361347803138382,Low,refresh_review,"['observed_declining_trend', 'large_observed_decline']"
2410,content_fe055294e798,0.43612156361484866,High,refresh_review,['model_high_priority']
2411,content_61b63fe68540,0.43604916209399874,High,refresh_review,"['observed_declining_trend', 'large_observed_decline', 'model_high_priority']"
2412,content_132a80648ff5,0.43603486497874067,High,refresh_review,"['observed_declining_trend', 'large_observed_decline', 'model_high_priority']"
2413,content_a1a5015186be,0.4360226492073391,High,refresh_review,"['observed_declining_trend', 'large_observed_decline', 'model_high_priority']"
2414,content_5fceaeaa11bf,0.4360064807561245,High,refresh_review,"['observed_declining_trend', 'large_observed_decline', 'model_high_priority']"
2415,content_43cb776e3a3d,0.4359886253567357,High,refresh_review,['model_high_priority']
2416,content_eb1e4990a930,0.435983177329531,High,refresh_review,['model_high_priority']
2417,content_75b14a17d0b0,0.4358976856463265,High,refresh_review,['model_high_priority']
2418,content_299ec9fd826c,0.43589316475742595,High,refresh_review,"['observed_declining_trend', 'large_observed_decline', 'model_high_priority']"
2419,content_0c329c3f2934,0.43586134531615356,High,refresh_review,"['observed_declining_trend', 'large_observed_decline', 'model_high_priority']"
2420,content_392a75698fc5,0.4357500597066311,High,refresh_review,"['observed_declining_trend', 'large_observed_decline', 'model_high_priority']"
2421,content_82818e437ac1,0.43572097571075263,High,refresh_review,"['observed_declining_trend', 'large_observed_decline', 'model_high_priority']"
2422,content_e54835b2ecd6,0.43569994778019644,High,refresh_review,"['observed_declining_trend', 'large_observed_decline', 'model_high_priority']"
2423,content_890e4beb286f,0.435539361883198,High,refresh_review,"['observed_declining_trend', 'large_observed_decline', 'model_high_priority']"
2424,content_e7cc94f04d05,0.4354975416035563,High,refresh_review,"['observed_declining_trend', 'large_observed_decline', 'model_high_priority']"
2425,content_7af88fc634bb,0.4354919683025153,Low,refresh_review,"['observed_declining_trend', 'large_observed_decline']"
2426,content_4d8e62d0412c,0.43545890014203226,High,refresh_review,"['observed_declining_trend', 'large_observed_decline', 'model_high_priority']"
2427,content_6aba6589b1b4,0.4353855848541142,High,refresh_review,['model_high_priority']
2428,content_769249f1a7e6,0.4353742745413235,High,refresh_review,"['observed_declining_trend', 'large_observed_decline', 'model_high_priority']"
2429,content_c1c661124902,0.4353495794607524,High,refresh_review,['model_high_priority']
2430,content_2e7e65ab8ea6,0.4352859472793166,High,refresh_review,"['observed_declining_trend', 'large_observed_decline', 'model_high_priority']"
2431,content_8c45c0cbe25e,0.43512354731385405,High,refresh_review,"['observed_declining_trend', 'large_observed_decline', 'model_high_priority']"
2432,content_25935a61ed55,0.43502739503380544,High,refresh_review,['model_high_priority']
2433,content_40f90a05c8c1,0.43501627260026804,High,refresh_review,"['observed_declining_trend', 'large_observed_decline', 'model_high_priority']"
2434,content_53d444b9e788,0.43499613274883214,High,refresh_review,"['observed_declining_trend', 'large_observed_decline', 'model_high_priority']"
2435,content_ea1569d6257e,0.434832348021206,High,refresh_review,"['observed_declining_trend', 'large_observed_decline', 'model_high_priority']"
2436,content_de79be03fa06,0.4348277948919939,High,refresh_review,['model_high_priority']
2437,content_3120486b0647,0.4345126943651245,Low,refresh_review,['model_signal_requires_review']
2438,content_e489a56b1b9f,0.4344503274067105,High,refresh_review,"['observed_declining_trend', 'large_observed_decline', 'model_high_priority']"
2439,content_f60400155074,0.4343791548551376,High,refresh_review,['model_high_priority']
2440,content_b57e67ce3012,0.43437257223158404,High,refresh_review,"['observed_declining_trend', 'large_observed_decline', 'model_high_priority']"
2441,content_eb85eb8d89be,0.43435760229352544,High,refresh_review,"['observed_declining_trend', 'large_observed_decline', 'model_high_priority']"
2442,content_db296fcb6a53,0.43427517117730075,High,refresh_review,"['observed_declining_trend', 'large_observed_decline', 'model_high_priority']"
2443,content_555b8d026295,0.4341298431403816,High,refresh_review,"['observed_declining_trend', 'large_observed_decline', 'model_high_priority']"
2444,content_16f38acf0f26,0.4340955689799273,Low,refresh_review,"['observed_declining_trend', 'large_observed_decline']"
2445,content_f1c5bafd094e,0.43406571204477096,High,refresh_review,"['observed_declining_trend', 'large_observed_decline', 'model_high_priority']"
2446,content_e8b5e3a4e344,0.43394966971074855,Low,refresh_review,"['observed_declining_trend', 'large_observed_decline']"
2447,content_455158d1a57c,0.4339453480289998,High,refresh_review,"['observed_declining_trend', 'large_observed_decline', 'model_high_priority']"
2448,content_f3f5b1aa5308,0.43380792691783937,High,refresh_review,"['observed_declining_trend', 'large_observed_decline', 'model_high_priority']"
2449,content_101ecdbccedc,0.4338055395477873,Low,refresh_review,['model_signal_requires_review']
2450,content_e628596233d7,0.43380275559795006,High,refresh_review,"['observed_declining_trend', 'large_observed_decline', 'model_high_priority']"
2451,content_e15068147154,0.43368297412822043,High,refresh_review,['model_high_priority']
2452,content_a9c89dc4dd1e,0.4336828186892872,High,refresh_review,"['observed_declining_trend', 'large_observed_decline', 'model_high_priority']"
2453,content_96b7d33fb6dc,0.4336671175853073,High,refresh_review,"['observed_declining_trend', 'large_observed_decline', 'model_high_priority']"
2454,content_bd5daccdde52,0.43366687502321793,High,refresh_review,"['observed_declining_trend', 'large_observed_decline', 'model_high_priority']"
2455,content_0507a9ef3210,0.4336212991325964,High,refresh_review,"['observed_declining_trend', 'large_observed_decline', 'model_high_priority']"
2456,content_a9631f531f4d,0.4336210624237051,High,refresh_review,['model_high_priority']
2457,content_bd4243bfed1d,0.43357025751905354,High,refresh_review,"['observed_declining_trend', 'large_observed_decline', 'model_high_priority']"
2458,content_3c62618cdd85,0.4334316663388306,High,refresh_review,"['observed_declining_trend', 'large_observed_decline', 'model_high_priority']"
2459,content_baa7232f4846,0.4334030896038949,High,refresh_review,"['observed_declining_trend', 'large_observed_decline', 'model_high_priority']"
2460,content_72cd1ff82a34,0.43320656993712625,High,refresh_review,['model_high_priority']
2461,content_b8c492350d06,0.43283452470191236,High,refresh_review,"['observed_declining_trend', 'large_observed_decline', 'model_high_priority']"
2462,content_1f550a070f07,0.43272300367210464,High,refresh_review,"['observed_declining_trend', 'large_observed_decline', 'model_high_priority']"
2463,content_c97ce8d47eef,0.43270341249393607,High,refresh_review,"['observed_declining_trend', 'large_observed_decline', 'model_high_priority']"
2464,content_4752844167a2,0.43251070629551464,High,refresh_review,['model_high_priority']
2465,content_e3b3dbaf595b,0.43224155790769125,High,refresh_review,['model_high_priority']
2466,content_9bb66cc3e9d6,0.43220965103919573,High,refresh_review,"['observed_declining_trend', 'large_observed_decline', 'model_high_priority']"
2467,content_cb0705899450,0.43215396082165486,Low,refresh_review,"['observed_declining_trend', 'large_observed_decline']"
2468,content_8c50c8b76450,0.43211542497305155,High,refresh_review,['model_high_priority']
2469,content_53dbc1ffcf0b,0.4320635772730104,High,refresh_review,['model_high_priority']
2470,content_125ca7619eec,0.4320154571347089,High,refresh_review,"['observed_declining_trend', 'large_observed_decline', 'model_high_priority']"
2471,content_41480cbe54b2,0.43190204105964614,High,refresh_review,"['observed_declining_trend', 'large_observed_decline', 'model_high_priority']"
2472,content_da992825d25f,0.4318953680865651,High,refresh_review,"['observed_declining_trend', 'large_observed_decline', 'model_high_priority']"
2473,content_9f191320f383,0.4318808700878597,High,refresh_review,"['observed_declining_trend', 'large_observed_decline', 'model_high_priority']"
2474,content_2537cfe44541,0.43167522334460257,High,refresh_review,"['observed_declining_trend', 'large_observed_decline', 'model_high_priority']"
2475,content_e99bfecfd83d,0.43161877640346413,High,refresh_review,['model_high_priority']
2476,content_16a6b1b4934e,0.4315927732806326,High,refresh_review,"['observed_declining_trend', 'large_observed_decline', 'model_high_priority']"
2477,content_3af54e674244,0.4315577606750704,High,refresh_review,"['observed_declining_trend', 'large_observed_decline', 'model_high_priority']"
2478,content_1245a9eeb0d2,0.4314901044838317,High,refresh_review,['model_high_priority']
2479,content_347b02848fe9,0.431465298818325,High,refresh_review,"['observed_declining_trend', 'large_observed_decline', 'model_high_priority']"
2480,content_45daf8d6a140,0.43146052897035875,Low,refresh_review,"['observed_declining_trend', 'large_observed_decline']"
2481,content_df8d78d63c14,0.4313074577219033,High,refresh_review,"['observed_declining_trend', 'large_observed_decline', 'model_high_priority']"
2482,content_6c4e879d335d,0.4310446485251283,High,refresh_review,"['observed_declining_trend', 'large_observed_decline', 'model_high_priority']"
2483,content_3b30f008629d,0.4309259455246659,High,refresh_review,"['observed_declining_trend', 'large_observed_decline', 'model_high_priority']"
2484,content_6361fbc431f2,0.43091831550765214,High,refresh_review,['model_high_priority']
2485,content_a058e966b9a6,0.4307099809696722,High,refresh_review,['model_high_priority']
2486,content_f9b14b940a10,0.4304951611797339,High,refresh_review,['model_high_priority']
2487,content_cfabe9fd1d4f,0.430429039422116,High,refresh_review,"['observed_declining_trend', 'large_observed_decline', 'model_high_priority']"
2488,content_b52e01ba950b,0.43039616140707815,Low,refresh_review,"['observed_declining_trend', 'large_observed_decline']"
2489,content_bb1685e447da,0.4303706789241712,Low,refresh_review,"['observed_declining_trend', 'large_observed_decline']"
2490,content_5fb8424bac43,0.43030587657738767,High,refresh_review,"['observed_declining_trend', 'large_observed_decline', 'model_high_priority']"
2491,content_a10111bc536d,0.4302516600709412,Low,refresh_review,['model_signal_requires_review']
2492,content_e5f459e737b7,0.4301514812947045,High,refresh_review,"['observed_declining_trend', 'large_observed_decline', 'model_high_priority']"
2493,content_45819ccc9554,0.43013885013738246,High,refresh_review,['model_high_priority']
2494,content_da2369059c37,0.43008655317037553,High,refresh_review,"['observed_declining_trend', 'large_observed_decline', 'model_high_priority']"
2495,content_c135155d7fdc,0.4300726852276236,Low,refresh_review,"['observed_declining_trend', 'large_observed_decline']"
2496,content_34a6b6ec32d3,0.4300114361471241,High,refresh_review,['model_high_priority']
2497,content_d837d28950fe,0.42997259514889447,High,refresh_review,['model_high_priority']
2498,content_1e0f4d1e74a2,0.4299414875472497,High,refresh_review,['model_high_priority']
2499,content_a61e74e4ef74,0.429914070188683,High,refresh_review,"['observed_declining_trend', 'large_observed_decline', 'model_high_priority']"
2500,content_a5ae4042f200,0.42970349637512145,High,refresh_review,"['observed_declining_trend', 'large_observed_decline', 'model_high_priority']"
2501,content_d866e1f09405,0.4296161927572096,High,refresh_review,['model_high_priority']
2502,content_961b69d507a9,0.42956883044138605,Low,refresh_review,['model_signal_requires_review']
2503,content_1853f4c1d3b6,0.42956517051964616,High,refresh_review,['model_high_priority']
2504,content_fd2d2b57f310,0.4295244573969552,High,refresh_review,['model_high_priority']
2505,content_5400d7a7b5a0,0.42945712354581306,High,refresh_review,"['observed_declining_trend', 'large_observed_decline', 'model_high_priority']"
2506,content_2af826becb07,0.4294496405693682,High,refresh_review,"['observed_declining_trend', 'large_observed_decline', 'model_high_priority']"
2507,content_ba467e170ece,0.429313983502739,High,refresh_review,['model_high_priority']
2508,content_177c6d7d9558,0.4293006527299534,High,refresh_review,"['observed_declining_trend', 'large_observed_decline', 'model_high_priority']"
2509,content_6fd907bb1711,0.4292620395530537,High,refresh_review,['model_high_priority']
2510,content_c42047cbce20,0.4292470501601766,High,refresh_review,['model_high_priority']
2511,content_227c8dfa69ca,0.4290070584521819,High,refresh_review,"['observed_declining_trend', 'large_observed_decline', 'model_high_priority']"
2512,content_8475b08af71b,0.42898974371396065,High,refresh_review,"['observed_declining_trend', 'large_observed_decline', 'model_high_priority']"
2513,content_208d6086e32b,0.42892802393078855,High,refresh_review,"['observed_declining_trend', 'large_observed_decline', 'model_high_priority']"
2514,content_349c549e39da,0.42892480278744205,High,refresh_review,['model_high_priority']
2515,content_6c1f062a1de8,0.4289099519669333,High,refresh_review,"['observed_declining_trend', 'large_observed_decline', 'model_high_priority']"
2516,content_31c66d071a62,0.42887341579702093,High,refresh_review,"['observed_declining_trend', 'large_observed_decline', 'model_high_priority']"
2517,content_3b1e4d1ee83c,0.42881777464426574,High,refresh_review,"['observed_declining_trend', 'large_observed_decline', 'model_high_priority']"
2518,content_cf296f912fb7,0.4286308358311283,High,refresh_review,"['observed_declining_trend', 'large_observed_decline', 'model_high_priority']"
2519,content_5f3fbd7e5521,0.42860403368847716,High,refresh_review,"['observed_declining_trend', 'large_observed_decline', 'model_high_priority']"
2520,content_f43f7e2d9039,0.4285947919745908,High,refresh_review,['model_high_priority']
2521,content_92698ba603df,0.4285750241537236,High,refresh_review,"['observed_declining_trend', 'large_observed_decline', 'model_high_priority']"
2522,content_55d970081c8a,0.42851424189015536,Low,refresh_review,['model_signal_requires_review']
2523,content_c694763d4685,0.42839703178195143,High,refresh_review,"['observed_declining_trend', 'large_observed_decline', 'model_high_priority']"
2524,content_f72a08df7927,0.4283613538119557,High,refresh_review,"['observed_declining_trend', 'large_observed_decline', 'model_high_priority']"
2525,content_4e20d8f86ef3,0.4283382992535532,High,refresh_review,['model_high_priority']
2526,content_b2df860b928d,0.428200153224217,High,refresh_review,"['observed_declining_trend', 'large_observed_decline', 'model_high_priority']"
2527,content_f24ad3e1c775,0.42819257384091636,High,refresh_review,"['observed_declining_trend', 'large_observed_decline', 'model_high_priority']"
2528,content_d8bd68dc086f,0.4281467081225499,High,refresh_review,"['observed_declining_trend', 'large_observed_decline', 'model_high_priority']"
2529,content_32a3582ed699,0.42801361514934455,High,refresh_review,"['observed_declining_trend', 'large_observed_decline', 'model_high_priority']"
2530,content_1f5837d276bd,0.42794545978367315,High,refresh_review,['model_high_priority']
2531,content_1062e150309f,0.4279225723022185,High,refresh_review,"['observed_declining_trend', 'large_observed_decline', 'model_high_priority']"
2532,content_5b764c7a6b7d,0.42790775398890785,High,refresh_review,"['observed_declining_trend', 'large_observed_decline', 'model_high_priority']"
2533,content_45ae35901c09,0.42790537407942075,High,refresh_review,"['observed_declining_trend', 'large_observed_decline', 'model_high_priority']"
2534,content_40cb4af260c0,0.4278254105693633,High,refresh_review,"['observed_declining_trend', 'large_observed_decline', 'model_high_priority']"
2535,content_5158ffc16039,0.42772387539975587,Low,refresh_review,['model_signal_requires_review']
2536,content_a5d4fab37508,0.4275720429063368,High,refresh_review,"['observed_declining_trend', 'large_observed_decline', 'model_high_priority']"
2537,content_a7c7232f428c,0.42735288513538466,High,refresh_review,"['observed_declining_trend', 'large_observed_decline', 'model_high_priority']"
2538,content_630f434b6951,0.42732297958438514,High,refresh_review,"['observed_declining_trend', 'large_observed_decline', 'model_high_priority']"
2539,content_be5e23c0a35e,0.4272529113180873,High,refresh_review,['model_high_priority']
2540,content_45b7ba1087e0,0.4270618320844941,Low,refresh_review,['model_signal_requires_review']
2541,content_449f11ffe520,0.42698076916197275,High,refresh_review,"['observed_declining_trend', 'large_observed_decline', 'model_high_priority']"
2542,content_f2ae8c0e865b,0.4269347248275222,High,refresh_review,"['observed_declining_trend', 'large_observed_decline', 'model_high_priority']"
2543,content_212a1a8a419b,0.4269259433717021,High,refresh_review,"['observed_declining_trend', 'large_observed_decline', 'model_high_priority']"
2544,content_f9563540cd75,0.4269101756297659,High,refresh_review,"['observed_declining_trend', 'large_observed_decline', 'model_high_priority']"
2545,content_458038cfbf7c,0.4268549208642949,High,refresh_review,"['observed_declining_trend', 'large_observed_decline', 'model_high_priority']"
2546,content_7915b1fbf8da,0.42682101959734337,Low,refresh_review,['model_signal_requires_review']
2547,content_a52f24b243fd,0.4268201186871292,High,refresh_review,['model_high_priority']
2548,content_5e2eda7398eb,0.4267684172938542,High,refresh_review,"['observed_declining_trend', 'large_observed_decline', 'model_high_priority']"
2549,content_fe89530e5915,0.4266602068853057,High,refresh_review,['model_high_priority']
2550,content_1771a1a3c43c,0.42658963029412067,High,refresh_review,"['observed_declining_trend', 'large_observed_decline', 'model_high_priority']"
2551,content_0288dc0ec63e,0.4265863072312691,High,refresh_review,['model_high_priority']
2552,content_22f4d2f58c42,0.4264954040687967,Low,refresh_review,['model_signal_requires_review']
2553,content_ff4dac7dd334,0.42648776404888833,High,refresh_review,"['observed_declining_trend', 'large_observed_decline', 'model_high_priority']"
2554,content_ed7432d0bdff,0.426487699916744,High,refresh_review,"['observed_declining_trend', 'large_observed_decline', 'model_high_priority']"
2555,content_e7ba1b0ebce8,0.42642042589049806,High,refresh_review,['model_high_priority']
2556,content_8ee575f72d40,0.42641165842238343,High,refresh_review,"['observed_declining_trend', 'large_observed_decline', 'model_high_priority']"
2557,content_e3d9d943dfb8,0.4264062495895394,High,refresh_review,['model_high_priority']
2558,content_901b40631379,0.4263978864887006,Low,refresh_review,"['observed_declining_trend', 'large_observed_decline']"
2559,content_f2a9e5e1840d,0.42636291349303285,High,refresh_review,['model_high_priority']
2560,content_4c545c8cd9aa,0.4263558739504467,High,refresh_review,"['observed_declining_trend', 'large_observed_decline', 'model_high_priority']"
2561,content_5b8756caaf86,0.4263471340844562,High,refresh_review,"['observed_declining_trend', 'large_observed_decline', 'model_high_priority']"
2562,content_01d21ee8ee13,0.42605682500352593,High,refresh_review,"['observed_declining_trend', 'large_observed_decline', 'model_high_priority']"
2563,content_607b68ae4a6f,0.4260199427868086,High,refresh_review,"['observed_declining_trend', 'large_observed_decline', 'model_high_priority']"
2564,content_3d5952c5cf7e,0.42600058551318093,High,refresh_review,['model_high_priority']
2565,content_e1db7ede3c55,0.4259882869132311,High,refresh_review,['model_high_priority']
2566,content_1938955b34c4,0.42597156199038483,High,refresh_review,"['observed_declining_trend', 'large_observed_decline', 'model_high_priority']"
2567,content_3cf332981a39,0.4259043318947742,High,refresh_review,"['observed_declining_trend', 'large_observed_decline', 'model_high_priority']"
2568,content_7c59db31efd8,0.42585450549438836,High,refresh_review,['model_high_priority']
2569,content_cadd7c74dff0,0.425819349555269,High,refresh_review,"['observed_declining_trend', 'large_observed_decline', 'model_high_priority']"
2570,content_a2e49b430ebe,0.42573422980274384,High,refresh_review,"['observed_declining_trend', 'large_observed_decline', 'model_high_priority']"
2571,content_1a47a3396608,0.42568982535393174,High,refresh_review,"['observed_declining_trend', 'large_observed_decline', 'model_high_priority']"
2572,content_08eeb3ea4955,0.4255903114692911,High,refresh_review,['model_high_priority']
2573,content_3ee1a418a1ff,0.42557347237819837,High,refresh_review,['model_high_priority']
2574,content_d37aa2b14cff,0.42556752887246946,High,refresh_review,['model_high_priority']
2575,content_357be7c784ab,0.42556448187343376,High,refresh_review,['model_high_priority']
2576,content_721dd9bf180c,0.4255568750250703,High,refresh_review,"['observed_declining_trend', 'large_observed_decline', 'model_high_priority']"
2577,content_0235e0daa068,0.42553675335256236,High,refresh_review,"['observed_declining_trend', 'large_observed_decline', 'model_high_priority']"
2578,content_1520bae94c77,0.42544623939682563,High,refresh_review,"['observed_declining_trend', 'large_observed_decline', 'model_high_priority']"
2579,content_ea2c693b640c,0.4254118083424557,High,refresh_review,"['observed_declining_trend', 'large_observed_decline', 'model_high_priority']"
2580,content_f297b6d960a2,0.42539904398815426,High,refresh_review,['model_high_priority']
2581,content_fe07b4b122f2,0.4253563273710441,High,refresh_review,"['observed_declining_trend', 'large_observed_decline', 'model_high_priority']"
2582,content_238cdd85cbc9,0.42525654373175803,High,refresh_review,"['observed_declining_trend', 'large_observed_decline', 'model_high_priority']"
2583,content_b257022a3f04,0.4252321326649827,High,refresh_review,"['observed_declining_trend', 'large_observed_decline', 'model_high_priority']"
2584,content_d4e21a886ef8,0.42521424802778646,High,refresh_review,['model_high_priority']
2585,content_f41264b82587,0.4251232894199289,High,refresh_review,"['observed_declining_trend', 'large_observed_decline', 'model_high_priority']"
2586,content_ed519ddea999,0.4250612155879086,High,refresh_review,['model_high_priority']
2587,content_1904715400d4,0.42490790757144237,Low,refresh_review,['model_signal_requires_review']
2588,content_58a4687474f3,0.4249057548076115,High,refresh_review,"['observed_declining_trend', 'large_observed_decline', 'model_high_priority']"
2589,content_5f6999309bb5,0.4248999886401535,High,refresh_review,['model_high_priority']
2590,content_dc1b2d69b430,0.424822194835328,High,refresh_review,['model_high_priority']
2591,content_e92d8f17e0bb,0.42477029675382133,High,refresh_review,['model_high_priority']
2592,content_71016f1e93cf,0.4247505325841874,High,refresh_review,"['observed_declining_trend', 'large_observed_decline', 'model_high_priority']"
2593,content_26be1febe596,0.42472114258174243,High,refresh_review,"['observed_declining_trend', 'large_observed_decline', 'model_high_priority']"
2594,content_a62bf7fa639b,0.42464005320125786,High,refresh_review,"['observed_declining_trend', 'large_observed_decline', 'model_high_priority']"
2595,content_2c7d1dcb1a18,0.4244610352930192,High,refresh_review,['model_high_priority']
2596,content_cda73d3ca1a7,0.4244230794611918,High,refresh_review,"['observed_declining_trend', 'large_observed_decline', 'model_high_priority']"
2597,content_cdd4562de67a,0.42437691202878297,High,refresh_review,"['observed_declining_trend', 'large_observed_decline', 'model_high_priority']"
2598,content_895ce765d29d,0.42431285178252154,High,refresh_review,['model_high_priority']
2599,content_31c1845e0992,0.4242363158140005,High,refresh_review,['model_high_priority']
2600,content_675f93f2a88f,0.4241196127074228,High,refresh_review,"['observed_declining_trend', 'large_observed_decline', 'model_high_priority']"
2601,content_91ebaad39a3f,0.4239784569026423,High,refresh_review,['model_high_priority']
2602,content_5331ea9e4409,0.42395742530263836,High,refresh_review,"['observed_declining_trend', 'large_observed_decline', 'model_high_priority']"
2603,content_b31d578ae5c8,0.42378121307275246,High,refresh_review,['model_high_priority']
2604,content_8698288db02c,0.4237227889827591,High,refresh_review,"['observed_declining_trend', 'large_observed_decline', 'model_high_priority']"
2605,content_cc82c75f451f,0.42371485857166663,High,refresh_review,"['observed_declining_trend', 'large_observed_decline', 'model_high_priority']"
2606,content_f297a8c6b841,0.423640919247383,High,refresh_review,['model_high_priority']
2607,content_7a08dc784d80,0.423548254587497,High,refresh_review,"['observed_declining_trend', 'large_observed_decline', 'model_high_priority']"
2608,content_3535b372cd43,0.4234240431197454,High,refresh_review,['model_high_priority']
2609,content_ec065688f94e,0.42339538649074054,High,refresh_review,"['observed_declining_trend', 'large_observed_decline', 'model_high_priority']"
2610,content_6238a88e9809,0.42339324602205264,High,refresh_review,['model_high_priority']
2611,content_aafbbe914e2c,0.4233063137389691,High,refresh_review,"['observed_declining_trend', 'large_observed_decline', 'model_high_priority']"
2612,content_ea01009bcb57,0.423234344595041,High,refresh_review,['model_high_priority']
2613,content_a317044eb190,0.4232163689258177,High,refresh_review,['model_high_priority']
2614,content_3d8e2761455e,0.423187950180087,High,refresh_review,"['observed_declining_trend', 'large_observed_decline', 'model_high_priority']"
2615,content_79aa5aa9e4a7,0.42318264668499805,High,refresh_review,['model_high_priority']
2616,content_e8be66dc64da,0.4231711480390138,High,refresh_review,"['observed_declining_trend', 'large_observed_decline', 'model_high_priority']"
2617,content_e550bce46978,0.4230571258950224,High,refresh_review,"['observed_declining_trend', 'large_observed_decline', 'model_high_priority']"
2618,content_2a14694cca5f,0.4228809743630023,High,refresh_review,"['observed_declining_trend', 'large_observed_decline', 'model_high_priority']"
2619,content_e6c5d6fa7791,0.42284347769518477,High,refresh_review,['model_high_priority']
2620,content_50a911ca4a35,0.42265143683463363,High,refresh_review,"['observed_declining_trend', 'large_observed_decline', 'model_high_priority']"
2621,content_03452bf379ce,0.4225479184957329,High,refresh_review,"['observed_declining_trend', 'large_observed_decline', 'model_high_priority']"
2622,content_18dd27779cb8,0.42234179675643624,High,refresh_review,"['observed_declining_trend', 'large_observed_decline', 'model_high_priority']"
2623,content_ee6ee1010d56,0.4222702801529829,High,refresh_review,['model_high_priority']
2624,content_d02df0d34dd5,0.42222210612468963,High,refresh_review,['model_high_priority']
2625,content_bf77f5dbe703,0.42215028523566267,High,refresh_review,['model_high_priority']
2626,content_8bf9c4807ad7,0.4221394685754792,High,refresh_review,['model_high_priority']
2627,content_171c53b3914e,0.4220025444988525,High,refresh_review,"['observed_declining_trend', 'large_observed_decline', 'model_high_priority']"
2628,content_9a29756fbe1e,0.42200222576108304,High,refresh_review,['model_high_priority']
2629,content_20112fe50abb,0.42198649793602133,High,refresh_review,"['observed_declining_trend', 'large_observed_decline', 'model_high_priority']"
2630,content_55f4fb4808c6,0.42186772686078206,High,refresh_review,"['observed_declining_trend', 'large_observed_decline', 'model_high_priority']"
2631,content_618d0682a463,0.4217700530450091,High,refresh_review,"['observed_declining_trend', 'large_observed_decline', 'model_high_priority']"
2632,content_5b60954a7dde,0.42174044842015057,High,refresh_review,['model_high_priority']
2633,content_c740eac349f3,0.4216007270692325,High,refresh_review,"['observed_declining_trend', 'large_observed_decline', 'model_high_priority']"
2634,content_463d176942da,0.42152348613704105,High,refresh_review,"['observed_declining_trend', 'large_observed_decline', 'model_high_priority']"
2635,content_3db3c9053d5c,0.4214585098276564,High,refresh_review,"['observed_declining_trend', 'large_observed_decline', 'model_high_priority']"
2636,content_b7a310a51128,0.4212203646760362,High,refresh_review,"['observed_declining_trend', 'large_observed_decline', 'model_high_priority']"
2637,content_33b76f85ef76,0.4212166581784873,High,refresh_review,['model_high_priority']
2638,content_f3baf9504688,0.4211401794195784,High,refresh_review,"['observed_declining_trend', 'large_observed_decline', 'model_high_priority']"
2639,content_f4112cc1e668,0.42113440731250196,Low,refresh_review,['model_signal_requires_review']
2640,content_138e5f3d747a,0.42098538948098735,High,refresh_review,['model_high_priority']
2641,content_aa3c3dca6c0b,0.42096094720584254,High,refresh_review,['model_high_priority']
2642,content_783121d01890,0.4209219007987218,High,refresh_review,"['observed_declining_trend', 'large_observed_decline', 'model_high_priority']"
2643,content_a4e295be3ba1,0.42088783280180186,High,refresh_review,"['observed_declining_trend', 'large_observed_decline', 'model_high_priority']"
2644,content_783373f9d1c7,0.4208306380921582,High,refresh_review,"['observed_declining_trend', 'large_observed_decline', 'model_high_priority']"
2645,content_8642a961dd74,0.420814287897757,High,refresh_review,['model_high_priority']
2646,content_b0257e31e0c5,0.42069868180221726,High,refresh_review,"['observed_declining_trend', 'large_observed_decline', 'model_high_priority']"
2647,content_dd56958385a4,0.4201567727419777,High,refresh_review,"['observed_declining_trend', 'large_observed_decline', 'model_high_priority']"
2648,content_af327fd6f760,0.42007398899641124,High,refresh_review,['model_high_priority']
2649,content_5db5f90e5501,0.4200730556540225,High,refresh_review,['model_high_priority']
2650,content_4b08ae561a4c,0.41990259178017614,High,refresh_review,['model_high_priority']
2651,content_ad5347f06460,0.41987992999337015,High,refresh_review,"['observed_declining_trend', 'large_observed_decline', 'model_high_priority']"
2652,content_ce5fb58068f4,0.41984222626362067,High,refresh_review,['model_high_priority']
2653,content_04ff4a56bacf,0.4197532849730099,Low,refresh_review,"['observed_declining_trend', 'large_observed_decline']"
2654,content_a553f5358ee1,0.419712771520426,High,refresh_review,['model_high_priority']
2655,content_99e81d2d0de1,0.41961262582519815,Low,refresh_review,['model_signal_requires_review']
2656,content_3d72eab872f6,0.4195277561748463,High,refresh_review,"['observed_declining_trend', 'large_observed_decline', 'model_high_priority']"
2657,content_2a5f06c2bfd2,0.41947233370103504,High,refresh_review,"['observed_declining_trend', 'large_observed_decline', 'model_high_priority']"
2658,content_e68467f4f883,0.41946417760334415,High,refresh_review,['model_high_priority']
2659,content_8680b7cb8313,0.41934751720378693,High,refresh_review,['model_high_priority']
2660,content_1bfbc228161a,0.4193061303254098,High,refresh_review,"['observed_declining_trend', 'large_observed_decline', 'model_high_priority']"
2661,content_9055e9ee61af,0.41922316816827493,High,refresh_review,['model_high_priority']
2662,content_aed00caec333,0.4191992361739634,Low,refresh_review,['model_signal_requires_review']
2663,content_d8f4eb2d1a32,0.41916700302028204,High,refresh_review,['model_high_priority']
2664,content_8cbd08b4d595,0.4190389587507446,High,refresh_review,"['observed_declining_trend', 'large_observed_decline', 'model_high_priority']"
2665,content_2c259410ba09,0.418867293186793,Low,refresh_review,['model_signal_requires_review']
2666,content_1818502f80f4,0.4188242932062559,High,refresh_review,"['observed_declining_trend', 'large_observed_decline', 'model_high_priority']"
2667,content_33712bc4cc5b,0.4186942803336564,High,refresh_review,"['observed_declining_trend', 'large_observed_decline', 'model_high_priority']"
2668,content_925d5c673b05,0.41868995601078446,High,refresh_review,['model_high_priority']
2669,content_093761113c66,0.41866654797285763,High,refresh_review,['model_high_priority']
2670,content_268547787415,0.41863079613699355,High,refresh_review,"['observed_declining_trend', 'large_observed_decline', 'model_high_priority']"
2671,content_ff48c7c2225b,0.41853611264848484,High,refresh_review,"['observed_declining_trend', 'large_observed_decline', 'model_high_priority']"
2672,content_ac49ab98337b,0.41851043749548844,High,refresh_review,"['observed_declining_trend', 'large_observed_decline', 'model_high_priority']"
2673,content_67d4bd0f7151,0.41844223620872284,High,refresh_review,['model_high_priority']
2674,content_3e10898d9fd4,0.41828343257463474,High,refresh_review,"['observed_declining_trend', 'large_observed_decline', 'model_high_priority']"
2675,content_5942b0ff812b,0.418158623063144,High,refresh_review,"['large_observed_decline', 'model_high_priority']"
2676,content_80c942af7ae6,0.41814454292266856,High,refresh_review,"['observed_declining_trend', 'large_observed_decline', 'model_high_priority']"
2677,content_c51634cac476,0.4180965319464932,High,refresh_review,"['observed_declining_trend', 'large_observed_decline', 'model_high_priority']"
2678,content_e0995c3f3180,0.4180622731321479,High,refresh_review,['model_high_priority']
2679,content_6f28f499edff,0.41796874261511086,Low,refresh_review,['model_signal_requires_review']
2680,content_d9904723962e,0.41796341482434407,Low,refresh_review,"['observed_declining_trend', 'large_observed_decline']"
2681,content_4d6321188f7f,0.41795889033041816,High,refresh_review,"['observed_declining_trend', 'large_observed_decline', 'model_high_priority']"
2682,content_5a051ddd8401,0.4179394101046659,High,refresh_review,['model_high_priority']
2683,content_a29c5d0e1d13,0.41784793804643316,High,refresh_review,"['observed_declining_trend', 'large_observed_decline', 'model_high_priority']"
2684,content_60da5b50ebb9,0.41770525894501104,High,refresh_review,"['observed_declining_trend', 'large_observed_decline', 'model_high_priority']"
2685,content_266991be9399,0.417647791071292,High,refresh_review,"['observed_declining_trend', 'large_observed_decline', 'model_high_priority']"
2686,content_94defa9a6783,0.41760721084092023,High,refresh_review,"['observed_declining_trend', 'large_observed_decline', 'model_high_priority']"
2687,content_f427f138e9c6,0.4175415028264688,High,refresh_review,['model_high_priority']
2688,content_f0fcd963012f,0.4174735341264965,High,refresh_review,['model_high_priority']
2689,content_62193710bde8,0.41746614219088957,High,refresh_review,['model_high_priority']
2690,content_ad42c19afcdb,0.4173746080819251,High,refresh_review,"['observed_declining_trend', 'large_observed_decline', 'model_high_priority']"
2691,content_1eb51bddfbde,0.4172940516887636,High,refresh_review,['model_high_priority']
2692,content_fceefae1041d,0.4171865433555453,High,refresh_review,['model_high_priority']
2693,content_35b56e13a9ba,0.41711814388393975,High,refresh_review,"['observed_declining_trend', 'large_observed_decline', 'model_high_priority']"
2694,content_7fb66cd17356,0.4171158695103866,High,refresh_review,['model_high_priority']
2695,content_c8ab44f319a3,0.41711379284650557,High,refresh_review,"['observed_declining_trend', 'large_observed_decline', 'model_high_priority']"
2696,content_fd330d2e6ac1,0.41710211818611537,High,refresh_review,"['observed_declining_trend', 'large_observed_decline', 'model_high_priority']"
2697,content_0e043e54b06c,0.4170751743621612,High,refresh_review,"['observed_declining_trend', 'large_observed_decline', 'model_high_priority']"
2698,content_2e590ab028f9,0.41686229299811783,High,refresh_review,['model_high_priority']
2699,content_b4b6ec45d9e4,0.4166911647329684,High,refresh_review,['model_high_priority']
2700,content_26cf570cafdc,0.41664624943692236,High,refresh_review,"['observed_declining_trend', 'large_observed_decline', 'model_high_priority']"
2701,content_14829a4b4083,0.4166397799331014,High,refresh_review,"['observed_declining_trend', 'large_observed_decline', 'model_high_priority']"
2702,content_0ce7d363d317,0.41658622085773245,High,refresh_review,['model_high_priority']
2703,content_f86e97facebe,0.41655917700255707,High,refresh_review,['model_high_priority']
2704,content_09b0c786fb69,0.41651856748740423,High,refresh_review,"['observed_declining_trend', 'large_observed_decline', 'model_high_priority']"
2705,content_9cfb7d21dd56,0.41648812705893856,High,refresh_review,"['observed_declining_trend', 'large_observed_decline', 'model_high_priority']"
2706,content_e50a21ac4fd2,0.4162930144976265,Low,refresh_review,['model_signal_requires_review']
2707,content_67e4a3489ca1,0.416275650549049,High,refresh_review,"['observed_declining_trend', 'large_observed_decline', 'model_high_priority']"
2708,content_d9a1fd095a7f,0.41619371384196635,High,refresh_review,"['observed_declining_trend', 'large_observed_decline', 'model_high_priority']"
2709,content_f5d25888aff9,0.4161376724025488,High,refresh_review,['model_high_priority']
2710,content_532c17970442,0.4159421956645624,High,refresh_review,"['observed_declining_trend', 'large_observed_decline', 'model_high_priority']"
2711,content_6a511f8aa90a,0.4157668734781766,High,refresh_review,['model_high_priority']
2712,content_aa79ef2a0513,0.41575648679196797,High,refresh_review,['model_high_priority']
2713,content_1c38841cd5a6,0.41553074016243374,High,refresh_review,['model_high_priority']
2714,content_7fd3b038c9e6,0.4154826319070952,High,refresh_review,"['observed_declining_trend', 'large_observed_decline', 'model_high_priority']"
2715,content_8f376758eb86,0.4154818802857692,High,refresh_review,"['observed_declining_trend', 'large_observed_decline', 'model_high_priority']"
2716,content_cb005cbcbcb7,0.4153556709076002,High,refresh_review,"['observed_declining_trend', 'large_observed_decline', 'model_high_priority']"
2717,content_37446a07e0f5,0.4152053211163926,High,refresh_review,"['observed_declining_trend', 'large_observed_decline', 'model_high_priority']"
2718,content_d94334a6b69f,0.41517281557878777,High,refresh_review,"['observed_declining_trend', 'large_observed_decline', 'model_high_priority']"
2719,content_de9d270f0d2a,0.41515022897257847,High,refresh_review,['model_high_priority']
2720,content_e6441a0aadd5,0.41511096403260656,High,refresh_review,"['observed_declining_trend', 'large_observed_decline', 'model_high_priority']"
2721,content_7bb178f70036,0.41504302048136654,High,refresh_review,"['observed_declining_trend', 'large_observed_decline', 'model_high_priority']"
2722,content_6222ffd73b2c,0.41498848060840854,High,refresh_review,['model_high_priority']
2723,content_6e2088b6b6b6,0.41495670770768334,High,refresh_review,"['observed_declining_trend', 'large_observed_decline', 'model_high_priority']"
2724,content_93436a324e16,0.4148447769868596,High,refresh_review,['model_high_priority']
2725,content_4935defa3607,0.4148420715179672,Low,refresh_review,"['observed_declining_trend', 'large_observed_decline']"
2726,content_78bc7e4b8a14,0.4148226827404272,Low,refresh_review,['model_signal_requires_review']
2727,content_bc30d6697d2b,0.4147965584573491,High,refresh_review,"['observed_declining_trend', 'large_observed_decline', 'model_high_priority']"
2728,content_55099cf94bce,0.41479147883881384,High,refresh_review,['model_high_priority']
2729,content_5d04feb5b4e3,0.41478545226415053,High,refresh_review,"['observed_declining_trend', 'large_observed_decline', 'model_high_priority']"
2730,content_8f99ad7e027c,0.4147782620536596,High,refresh_review,"['observed_declining_trend', 'large_observed_decline', 'model_high_priority']"
2731,content_974949456f98,0.41477773129117507,High,refresh_review,"['observed_declining_trend', 'large_observed_decline', 'model_high_priority']"
2732,content_e23a1f53cac0,0.4147544824045026,High,refresh_review,"['observed_declining_trend', 'large_observed_decline', 'model_high_priority']"
2733,content_4573953c8d54,0.4146462047922574,High,refresh_review,"['observed_declining_trend', 'large_observed_decline', 'model_high_priority']"
2734,content_611615ca6d4a,0.4146163909275523,Low,refresh_review,"['observed_declining_trend', 'large_observed_decline']"
2735,content_3315313d6930,0.4145997013247026,High,refresh_review,"['large_observed_decline', 'model_high_priority']"
2736,content_ff252e67e9f7,0.4144881969739364,High,refresh_review,['model_high_priority']
2737,content_7699bf350645,0.4143819222884567,High,refresh_review,"['large_observed_decline', 'model_high_priority']"
2738,content_c0540b49b0b3,0.4143152075233656,High,refresh_review,['model_high_priority']
2739,content_643711d5a1ef,0.4141716063653131,High,refresh_review,"['observed_declining_trend', 'large_observed_decline', 'model_high_priority']"
2740,content_8161f4ec6442,0.4141550894996973,High,refresh_review,"['observed_declining_trend', 'large_observed_decline', 'model_high_priority']"
2741,content_eda17fda8f0c,0.41414363432942103,High,refresh_review,['model_high_priority']
2742,content_004291184aa0,0.41403311423816463,High,refresh_review,"['observed_declining_trend', 'large_observed_decline', 'model_high_priority']"
2743,content_be9ecc1ddd07,0.413983703897848,Low,refresh_review,['model_signal_requires_review']
2744,content_3963f4800442,0.4139420539081725,High,refresh_review,"['observed_declining_trend', 'large_observed_decline', 'model_high_priority']"
2745,content_348434e40ce7,0.41393739726164785,High,refresh_review,"['observed_declining_trend', 'large_observed_decline', 'model_high_priority']"
2746,content_03ed3468f07e,0.41381325239709116,Low,refresh_review,"['observed_declining_trend', 'large_observed_decline']"
2747,content_bc39d83f620c,0.413785557820395,High,refresh_review,['model_high_priority']
2748,content_e29d4ca869bf,0.4137650320761228,High,refresh_review,['model_high_priority']
2749,content_046a2f21c507,0.4135981332212539,High,refresh_review,['model_high_priority']
2750,content_e16a84a09194,0.41348059559500006,High,refresh_review,"['observed_declining_trend', 'large_observed_decline', 'model_high_priority']"
2751,content_704dfa134e67,0.41346954443494865,High,refresh_review,"['observed_declining_trend', 'large_observed_decline', 'model_high_priority']"
2752,content_b188975de550,0.4132926653291263,High,refresh_review,"['observed_declining_trend', 'large_observed_decline', 'model_high_priority']"
2753,content_e1268d428b7b,0.41310183961668107,High,refresh_review,['model_high_priority']
2754,content_56b0727d6509,0.41306301469080237,Low,refresh_review,"['observed_declining_trend', 'large_observed_decline']"
2755,content_4bed8567926a,0.4129666735108414,High,refresh_review,"['observed_declining_trend', 'large_observed_decline', 'model_high_priority']"
2756,content_3d4f425c1828,0.4129202803285638,High,refresh_review,['model_high_priority']
2757,content_f629bbef5c7a,0.4128366185936615,High,refresh_review,['model_high_priority']
2758,content_8bf4f84d54cc,0.4126334410076852,High,refresh_review,['model_high_priority']
2759,content_414627c66f75,0.41248712120154424,Low,refresh_review,"['observed_declining_trend', 'large_observed_decline']"
2760,content_6a72195dffc0,0.4121486234817145,High,refresh_review,"['observed_declining_trend', 'large_observed_decline', 'model_high_priority']"
2761,content_6a8c4838e1ae,0.41209429486738436,Low,refresh_review,"['observed_declining_trend', 'large_observed_decline']"
2762,content_7d6b3ac3ad96,0.4120320420685394,High,refresh_review,"['observed_declining_trend', 'large_observed_decline', 'model_high_priority']"
2763,content_8d8eb914151b,0.4119013236203675,High,refresh_review,['model_high_priority']
2764,content_f6c21596a9d7,0.41164926756638276,High,refresh_review,"['observed_declining_trend', 'large_observed_decline', 'model_high_priority']"
2765,content_3c8a47ddc9a2,0.4116442559669174,High,refresh_review,"['observed_declining_trend', 'large_observed_decline', 'model_high_priority']"
2766,content_77a1504fcf76,0.4115749727557601,High,refresh_review,"['observed_declining_trend', 'large_observed_decline', 'model_high_priority']"
2767,content_bfe827636ec1,0.4115607629186976,Low,refresh_review,"['observed_declining_trend', 'large_observed_decline']"
2768,content_8734ef61fd7b,0.41124647068101355,High,refresh_review,['model_high_priority']
2769,content_83dba2842fe6,0.411208335876581,Low,refresh_review,"['observed_declining_trend', 'large_observed_decline']"
2770,content_11059b6cbd65,0.4111419134842279,Low,refresh_review,"['observed_declining_trend', 'large_observed_decline']"
2771,content_509798594bbf,0.4110393463154833,High,refresh_review,"['observed_declining_trend', 'large_observed_decline', 'model_high_priority']"
2772,content_15a9ca3ffd3e,0.41078566681963785,High,refresh_review,"['observed_declining_trend', 'large_observed_decline', 'model_high_priority']"
2773,content_1e7e9344ae09,0.4107451605962075,Low,refresh_review,"['observed_declining_trend', 'large_observed_decline']"
2774,content_3b9ccdcfb7ef,0.41073370314019914,High,refresh_review,"['observed_declining_trend', 'large_observed_decline', 'model_high_priority']"
2775,content_0d3a62dce5e3,0.410463228601338,High,refresh_review,"['observed_declining_trend', 'large_observed_decline', 'model_high_priority']"
2776,content_2ceef0464663,0.41045517641690066,High,refresh_review,"['observed_declining_trend', 'large_observed_decline', 'model_high_priority']"
2777,content_28ce9207afa4,0.4103292387191793,Low,refresh_review,"['observed_declining_trend', 'large_observed_decline']"
2778,content_cc797aa549c7,0.41026245022077307,Low,refresh_review,"['observed_declining_trend', 'large_observed_decline']"
2779,content_7703e04bff7a,0.41023025083781783,High,refresh_review,"['observed_declining_trend', 'large_observed_decline', 'model_high_priority']"
2780,content_686ca4a146ff,0.41021427171714725,High,refresh_review,"['observed_declining_trend', 'large_observed_decline', 'model_high_priority']"
2781,content_ea06fbafff10,0.41016973673427476,High,refresh_review,"['observed_declining_trend', 'large_observed_decline', 'model_high_priority']"
2782,content_a341b59acbac,0.41013269501153615,High,refresh_review,"['observed_declining_trend', 'large_observed_decline', 'model_high_priority']"
2783,content_d96be2c363a4,0.410023888015377,High,refresh_review,"['observed_declining_trend', 'large_observed_decline', 'model_high_priority']"
2784,content_5ace8eec26ba,0.40988090665005694,High,refresh_review,['model_high_priority']
2785,content_92dfd4fe1208,0.40966774306625536,High,refresh_review,"['observed_declining_trend', 'large_observed_decline', 'model_high_priority']"
2786,content_3cb90b012eee,0.4096366946306999,High,refresh_review,"['observed_declining_trend', 'large_observed_decline', 'model_high_priority']"
2787,content_303f468a9201,0.40953153636923284,High,refresh_review,['model_high_priority']
2788,content_01184ecfcb70,0.4093647410819974,Low,refresh_review,['model_signal_requires_review']
2789,content_9440a40f6f4a,0.4093077619285445,Low,refresh_review,"['observed_declining_trend', 'large_observed_decline']"
2790,content_413c72b76f79,0.4093054809277567,High,refresh_review,"['observed_declining_trend', 'large_observed_decline', 'model_high_priority']"
2791,content_20150799c3af,0.4092652978451475,High,refresh_review,"['observed_declining_trend', 'large_observed_decline', 'model_high_priority']"
2792,content_311f7c91e190,0.40918567578968407,High,refresh_review,['model_high_priority']
2793,content_96dc9018b2c9,0.40908096206283856,Low,refresh_review,['model_signal_requires_review']
2794,content_e546e8d771ec,0.40907918145633165,High,refresh_review,"['observed_declining_trend', 'large_observed_decline', 'model_high_priority']"
2795,content_7074b1199a78,0.4090198336329877,High,refresh_review,"['observed_declining_trend', 'large_observed_decline', 'model_high_priority']"
2796,content_7f5daea21e4d,0.40896392733918446,High,refresh_review,"['observed_declining_trend', 'large_observed_decline', 'model_high_priority']"
2797,content_9db1d0588536,0.4088772283964848,Low,refresh_review,['model_signal_requires_review']
2798,content_696352d1b5c5,0.408859251709992,High,refresh_review,"['observed_declining_trend', 'large_observed_decline', 'model_high_priority']"
2799,content_41ba077972d9,0.40883021173967377,Low,refresh_review,['model_signal_requires_review']
2800,content_6c550167a36d,0.40880613012966843,Low,refresh_review,"['observed_declining_trend', 'large_observed_decline']"
2801,content_88d68955c5e2,0.4087734216335798,High,refresh_review,['model_high_priority']
2802,content_78a2abf4013f,0.4087493584216346,High,refresh_review,"['observed_declining_trend', 'large_observed_decline', 'model_high_priority']"
2803,content_eea87ba6f315,0.40871851444605234,High,refresh_review,['model_high_priority']
2804,content_80d1246ba555,0.4086725393330757,High,refresh_review,"['observed_declining_trend', 'large_observed_decline', 'model_high_priority']"
2805,content_cba44f33db53,0.40860121920614634,High,refresh_review,['model_high_priority']
2806,content_ae38e41bc7d5,0.4084868657882611,Low,refresh_review,['model_signal_requires_review']
2807,content_9d70410bbefe,0.40843532788443865,High,refresh_review,"['observed_declining_trend', 'large_observed_decline', 'model_high_priority']"
2808,content_d647466fe9f5,0.40843406202551225,High,refresh_review,"['observed_declining_trend', 'large_observed_decline', 'model_high_priority']"
2809,content_357185a7b5a2,0.4083780406645045,High,refresh_review,"['observed_declining_trend', 'large_observed_decline', 'model_high_priority']"
2810,content_79a9d81c2403,0.4083686877412089,High,refresh_review,['model_high_priority']
2811,content_13609ca3013e,0.408341441746706,Low,refresh_review,"['observed_declining_trend', 'large_observed_decline']"
2812,content_f315b1234f5e,0.4082531292143025,Low,refresh_review,['model_signal_requires_review']
2813,content_4ada3922dcb2,0.4082417861052342,High,refresh_review,"['observed_declining_trend', 'large_observed_decline', 'model_high_priority']"
2814,content_631e03a2972a,0.40819702154494436,High,refresh_review,['model_high_priority']
2815,content_35fb876ad42a,0.4080118630648207,High,refresh_review,"['observed_declining_trend', 'large_observed_decline', 'model_high_priority']"
2816,content_68436ebf1459,0.4079896258799588,High,refresh_review,"['observed_declining_trend', 'large_observed_decline', 'model_high_priority']"
2817,content_e498dc17dc04,0.40798389985089184,High,refresh_review,['model_high_priority']
2818,content_a3346667cc6f,0.40795145135903926,High,refresh_review,"['observed_declining_trend', 'large_observed_decline', 'model_high_priority']"
2819,content_6ff53d928618,0.40782453976087646,High,refresh_review,['model_high_priority']
2820,content_69e92ae08f64,0.4076371923752173,High,refresh_review,"['observed_declining_trend', 'large_observed_decline', 'model_high_priority']"
2821,content_f6c47059137f,0.4074968857497543,High,refresh_review,"['observed_declining_trend', 'large_observed_decline', 'model_high_priority']"
2822,content_1638f0d2a064,0.40742140825902395,High,refresh_review,"['large_observed_decline', 'model_high_priority']"
2823,content_33a6f60938ab,0.40735285971059365,High,refresh_review,"['observed_declining_trend', 'large_observed_decline', 'model_high_priority']"
2824,content_d1be24388003,0.407238991486609,High,refresh_review,['model_high_priority']
2825,content_cc72108d3f01,0.4072268989271788,High,refresh_review,['model_high_priority']
2826,content_364d37dd7fb0,0.40701303834223285,High,refresh_review,"['observed_declining_trend', 'large_observed_decline', 'model_high_priority']"
2827,content_3dd6a3675a90,0.406913605874207,High,refresh_review,"['observed_declining_trend', 'large_observed_decline', 'model_high_priority']"
2828,content_c7c93b0f5df0,0.40686014486579447,High,refresh_review,['model_high_priority']
2829,content_40182f222dc7,0.4068422597187773,High,refresh_review,"['observed_declining_trend', 'large_observed_decline', 'model_high_priority']"
2830,content_1a8b085d3f40,0.4068135340169724,High,refresh_review,['model_high_priority']
2831,content_8f9c1a24eab5,0.4067538974201784,Low,refresh_review,"['observed_declining_trend', 'large_observed_decline']"
2832,content_1fc27b966881,0.4066751279318143,High,refresh_review,"['observed_declining_trend', 'large_observed_decline', 'model_high_priority']"
2833,content_fd12e5168b90,0.40667122612462864,High,refresh_review,"['observed_declining_trend', 'large_observed_decline', 'model_high_priority']"
2834,content_ce92cb5a06dc,0.4064703276627828,High,refresh_review,"['observed_declining_trend', 'large_observed_decline', 'model_high_priority']"
2835,content_21c195acbc1c,0.4064036441478951,Low,refresh_review,"['observed_declining_trend', 'large_observed_decline']"
2836,content_122dc46282c0,0.4063628338417362,High,refresh_review,['model_high_priority']
2837,content_39a104f6d921,0.4062758198605802,High,refresh_review,"['observed_declining_trend', 'large_observed_decline', 'model_high_priority']"
2838,content_94d39841847a,0.4062622178638775,High,refresh_review,"['observed_declining_trend', 'large_observed_decline', 'model_high_priority']"
2839,content_6a864c164e3a,0.4062167008716885,High,refresh_review,"['observed_declining_trend', 'large_observed_decline', 'model_high_priority']"
2840,content_755ee703ed7a,0.4062062112973006,Low,refresh_review,"['observed_declining_trend', 'large_observed_decline']"
2841,content_86fbcf2cbd8b,0.4061133060969054,High,refresh_review,"['observed_declining_trend', 'large_observed_decline', 'model_high_priority']"
2842,content_4e8fa9dda799,0.40609152476501686,High,refresh_review,['model_high_priority']
2843,content_7915259fbbc4,0.4060237373771308,High,refresh_review,['model_high_priority']
2844,content_b96eec1b6dfe,0.4060152762979855,High,refresh_review,"['observed_declining_trend', 'large_observed_decline', 'model_high_priority']"
2845,content_9edc3c235345,0.4059856278982633,High,refresh_review,['model_high_priority']
2846,content_28d5efaea9bf,0.40597068389337554,High,refresh_review,"['observed_declining_trend', 'large_observed_decline', 'model_high_priority']"
2847,content_d0f7c342f563,0.40581279856948654,High,refresh_review,"['observed_declining_trend', 'large_observed_decline', 'model_high_priority']"
2848,content_35c45cb034ab,0.40567784835298515,High,refresh_review,['model_high_priority']
2849,content_76f8fdce4d6e,0.40556460351529366,High,refresh_review,"['observed_declining_trend', 'large_observed_decline', 'model_high_priority']"
2850,content_2f0d111f7ba6,0.40550964849139554,High,refresh_review,['model_high_priority']
2851,content_57334eec7b85,0.4054928485738825,High,refresh_review,['model_high_priority']
2852,content_a31cad37ea8a,0.4054790416563012,High,refresh_review,['model_high_priority']
2853,content_5a6586e57032,0.4053833544663307,Low,refresh_review,"['observed_declining_trend', 'large_observed_decline']"
2854,content_b1b1392882f8,0.40537117156953545,Low,refresh_review,"['observed_declining_trend', 'large_observed_decline']"
2855,content_df6f762cd770,0.40533979407039505,High,refresh_review,"['observed_declining_trend', 'large_observed_decline', 'model_high_priority']"
2856,content_7182ce1ff27a,0.4053374916710739,High,refresh_review,"['observed_declining_trend', 'large_observed_decline', 'model_high_priority']"
2857,content_ee36185a4611,0.4053292602188338,Low,refresh_review,"['observed_declining_trend', 'large_observed_decline']"
2858,content_ce7ef13c73e7,0.4052403155617515,High,refresh_review,"['observed_declining_trend', 'large_observed_decline', 'model_high_priority']"
2859,content_1742db057782,0.4052020160057034,High,refresh_review,['model_high_priority']
2860,content_fbc10a3efc41,0.405147199117908,High,refresh_review,"['observed_declining_trend', 'large_observed_decline', 'model_high_priority']"
2861,content_84d49c815397,0.4047422871680402,High,refresh_review,"['observed_declining_trend', 'large_observed_decline', 'model_high_priority']"
2862,content_bb1ac706f47d,0.40466881497713236,Low,refresh_review,"['observed_declining_trend', 'large_observed_decline']"
2863,content_b0547c48f8ee,0.4043483932796951,High,refresh_review,"['observed_declining_trend', 'large_observed_decline', 'model_high_priority']"
2864,content_6678c613e3c7,0.40434284443703283,Low,refresh_review,['model_signal_requires_review']
2865,content_c4e07dca1672,0.4042698814161255,Low,refresh_review,['model_signal_requires_review']
2866,content_3474a43ad37f,0.40424614672082154,Low,refresh_review,"['observed_declining_trend', 'large_observed_decline']"
2867,content_2c0bf11b4999,0.404127167224225,High,refresh_review,"['observed_declining_trend', 'large_observed_decline', 'model_high_priority']"
2868,content_27e6ada72037,0.4040595403050707,Low,refresh_review,"['observed_declining_trend', 'large_observed_decline']"
2869,content_43aa1cde48e3,0.4040274946345022,High,refresh_review,"['observed_declining_trend', 'large_observed_decline', 'model_high_priority']"
2870,content_0921985d4f41,0.4040106268386413,High,refresh_review,"['observed_declining_trend', 'large_observed_decline', 'model_high_priority']"
2871,content_ddf94c986f43,0.4039402150253656,High,refresh_review,"['observed_declining_trend', 'large_observed_decline', 'model_high_priority']"
2872,content_3312efa9c080,0.4038286962672246,High,refresh_review,['model_high_priority']
2873,content_d65aedae4975,0.40354923560559897,High,refresh_review,['model_high_priority']
2874,content_4d31418f2f3c,0.40344899995107864,Low,refresh_review,['model_signal_requires_review']
2875,content_6f1809925000,0.4034161519315633,High,refresh_review,['model_high_priority']
2876,content_19350c591ec3,0.40337725578602157,High,refresh_review,"['observed_declining_trend', 'large_observed_decline', 'model_high_priority']"
2877,content_631387373820,0.40326720847375225,High,refresh_review,"['observed_declining_trend', 'large_observed_decline', 'model_high_priority']"
2878,content_ddfe12fa817b,0.40320414738378785,Low,refresh_review,['model_signal_requires_review']
2879,content_77154073d2ff,0.4031809977792032,High,refresh_review,['model_high_priority']
2880,content_8f222654e93f,0.40304808587451973,Low,refresh_review,"['observed_declining_trend', 'large_observed_decline']"
2881,content_481069f86108,0.402996301192237,High,refresh_review,"['observed_declining_trend', 'large_observed_decline', 'model_high_priority']"
2882,content_9d3f0b2e3be6,0.4029353332777103,High,refresh_review,"['observed_declining_trend', 'large_observed_decline', 'model_high_priority']"
2883,content_e6519623a098,0.4029170428238462,High,refresh_review,['model_high_priority']
2884,content_47733ed83880,0.4028040628328707,Low,refresh_review,['model_signal_requires_review']
2885,content_8cd5e69964ce,0.4027919867862981,High,refresh_review,['model_high_priority']
2886,content_463e1453a322,0.40268603538259407,High,refresh_review,['model_high_priority']
2887,content_135baf84d5ce,0.4026818917107359,High,refresh_review,"['observed_declining_trend', 'large_observed_decline', 'model_high_priority']"
2888,content_37ddbefe2b2b,0.40236962271142246,Low,refresh_review,['model_signal_requires_review']
2889,content_a7da3b5b03ed,0.40234806434369386,Low,refresh_review,['model_signal_requires_review']
2890,content_c2e63e30e925,0.4023324286367726,Low,refresh_review,"['observed_declining_trend', 'large_observed_decline']"
2891,content_7f78f0279893,0.4022442341046457,High,refresh_review,['model_high_priority']
2892,content_ffd5fbf07853,0.40216974041283343,High,refresh_review,['model_high_priority']
2893,content_4595e8704e07,0.40214828233282174,Low,refresh_review,"['observed_declining_trend', 'large_observed_decline']"
2894,content_04c19423dab6,0.4021330921049712,High,refresh_review,['model_high_priority']
2895,content_474bc8a4a3cb,0.4020735006996317,Low,refresh_review,"['observed_declining_trend', 'large_observed_decline']"
2896,content_79878d990b26,0.40203362931671655,High,refresh_review,['model_high_priority']
2897,content_574f08786f19,0.40199993308338783,High,refresh_review,"['observed_declining_trend', 'large_observed_decline', 'model_high_priority']"
2898,content_4a825108b4a1,0.40198521025880724,Low,refresh_review,['model_signal_requires_review']
2899,content_4c81259a2c9a,0.40197827638932954,Low,refresh_review,['model_signal_requires_review']
2900,content_a687cbf3417f,0.401626431328112,High,refresh_review,"['observed_declining_trend', 'large_observed_decline', 'model_high_priority']"
2901,content_ad79628ea677,0.4016218303422136,Low,refresh_review,['model_signal_requires_review']
2902,content_2c363f32b2ac,0.40156043797619745,High,refresh_review,"['observed_declining_trend', 'large_observed_decline', 'model_high_priority']"
2903,content_e60f0fceb3db,0.4014408641362301,High,refresh_review,['model_high_priority']
2904,content_abf0b1933511,0.40120847763236966,High,refresh_review,['model_high_priority']
2905,content_9d3c56c14cc8,0.4011826611323058,High,refresh_review,['model_high_priority']
2906,content_4ef888bc7987,0.40118185322754163,High,refresh_review,"['observed_declining_trend', 'large_observed_decline', 'model_high_priority']"
2907,content_e5fb887e4de5,0.40104330768688345,High,refresh_review,['model_high_priority']
2908,content_b25d6a51fdda,0.4009097999193872,Low,refresh_review,['model_signal_requires_review']
2909,content_5d4f1744b4ea,0.4007756757281079,High,refresh_review,"['observed_declining_trend', 'large_observed_decline', 'model_high_priority']"
2910,content_8a6c6eaff6c1,0.4004590613018861,High,refresh_review,['model_high_priority']
2911,content_c0b4c660ccdb,0.40037256297227697,High,refresh_review,['model_high_priority']
2912,content_9a333084ec7c,0.40033329302425497,Low,refresh_review,"['observed_declining_trend', 'large_observed_decline']"
2913,content_20a9c1921b74,0.40008151908331563,High,refresh_review,['model_high_priority']
2914,content_6202c6261f49,0.3998338538468991,High,monitor_and_verify,"['observed_declining_trend', 'large_observed_decline', 'model_high_priority']"
2915,content_65ee5d8a33e6,0.39956905991004227,High,monitor_and_verify,['model_high_priority']
2916,content_60b1715cb390,0.3995629278043191,Low,monitor_and_verify,['model_signal_requires_review']
2917,content_4e4c3c7d57a1,0.39955303897572103,High,monitor_and_verify,"['observed_declining_trend', 'large_observed_decline', 'model_high_priority']"
2918,content_63f1438cb612,0.3995398295692743,Low,monitor_and_verify,"['observed_declining_trend', 'large_observed_decline']"
2919,content_96d0b45a2268,0.3995316087581076,High,monitor_and_verify,"['observed_declining_trend', 'large_observed_decline', 'model_high_priority']"
2920,content_45b8c3850ec7,0.39946387263754807,Low,monitor_and_verify,"['observed_declining_trend', 'large_observed_decline']"
2921,content_ece893172ee5,0.3992792145198264,High,monitor_and_verify,"['observed_declining_trend', 'large_observed_decline', 'model_high_priority']"
2922,content_e51c7ac8f2a8,0.3992193348976234,High,monitor_and_verify,"['observed_declining_trend', 'large_observed_decline', 'model_high_priority']"
2923,content_51e0c9b9c9f5,0.39921399219083054,High,monitor_and_verify,"['observed_declining_trend', 'large_observed_decline', 'model_high_priority']"
2924,content_efe71ab31aca,0.39914227437011734,High,monitor_and_verify,"['observed_declining_trend', 'large_observed_decline', 'model_high_priority']"
2925,content_552a9396d8dc,0.39876679646923446,High,monitor_and_verify,['model_high_priority']
2926,content_a5114e80f6bb,0.39875120876646053,Low,monitor_and_verify,['model_signal_requires_review']
2927,content_23bcee6836bd,0.3982925088449533,High,monitor_and_verify,"['observed_declining_trend', 'large_observed_decline', 'model_high_priority']"
2928,content_99e950310e54,0.3982892696326037,High,monitor_and_verify,['model_high_priority']
2929,content_dcdffbdd5995,0.3980814837248946,Low,monitor_and_verify,['model_signal_requires_review']
2930,content_0f3d85f67d55,0.39807088012245073,High,monitor_and_verify,"['observed_declining_trend', 'large_observed_decline', 'model_high_priority']"
2931,content_edb580f0a76f,0.3979972561364524,High,monitor_and_verify,['model_high_priority']
2932,content_a235b8bfea91,0.397805333318494,Low,monitor_and_verify,"['observed_declining_trend', 'large_observed_decline']"
2933,content_3728726012a6,0.397791529257498,High,monitor_and_verify,"['observed_declining_trend', 'large_observed_decline', 'model_high_priority']"
2934,content_06ce9797fd65,0.397782499429303,High,monitor_and_verify,"['observed_declining_trend', 'large_observed_decline', 'model_high_priority']"
2935,content_aba566f57757,0.39777745256626657,Low,monitor_and_verify,['model_signal_requires_review']
2936,content_792cf1b9a0c8,0.39761429456619524,High,monitor_and_verify,"['observed_declining_trend', 'large_observed_decline', 'model_high_priority']"
2937,content_f58e588951ba,0.39760274656941913,High,monitor_and_verify,"['observed_declining_trend', 'large_observed_decline', 'model_high_priority']"
2938,content_691548b1ea0a,0.3974602628544939,High,monitor_and_verify,"['observed_declining_trend', 'large_observed_decline', 'model_high_priority']"
2939,content_edd9dec2bf46,0.3973308317374376,High,monitor_and_verify,['model_high_priority']
2940,content_657004394056,0.39707130585282474,Low,monitor_and_verify,['model_signal_requires_review']
2941,content_45f595db0c86,0.3968549988230313,Low,monitor_and_verify,"['observed_declining_trend', 'large_observed_decline']"
2942,content_c2710bb91ff3,0.39682718264996153,High,monitor_and_verify,['model_high_priority']
2943,content_a14519f42a3e,0.3967819786703601,High,monitor_and_verify,['model_high_priority']
2944,content_65b155afed44,0.39677254425512826,High,monitor_and_verify,"['observed_declining_trend', 'large_observed_decline', 'model_high_priority']"
2945,content_6b3e1ca20af7,0.3967532156627625,Low,monitor_and_verify,"['observed_declining_trend', 'large_observed_decline']"
2946,content_45292078d88d,0.39674831407837646,Low,monitor_and_verify,['model_signal_requires_review']
2947,content_65d9331f55fb,0.3966491688415279,High,monitor_and_verify,"['observed_declining_trend', 'large_observed_decline', 'model_high_priority']"
2948,content_98ce9ef715b2,0.39661985458080995,Low,monitor_and_verify,['model_signal_requires_review']
2949,content_937a87e42eb4,0.39659427089186183,Low,monitor_and_verify,['model_signal_requires_review']
2950,content_9a0d8500dd3e,0.3963118465135756,Low,monitor_and_verify,['model_signal_requires_review']
2951,content_720bbfb9c4c9,0.3962736960086425,High,monitor_and_verify,['model_high_priority']
2952,content_461917ed0e2b,0.3959771824851392,Low,monitor_and_verify,"['observed_declining_trend', 'large_observed_decline']"
2953,content_7f003d24f1c8,0.39560761564294555,Low,monitor_and_verify,"['observed_declining_trend', 'large_observed_decline']"
2954,content_8e6a479b67c3,0.395289970984709,Low,monitor_and_verify,"['observed_declining_trend', 'large_observed_decline']"
2955,content_1cd4d043f993,0.3952101693026512,Low,monitor_and_verify,"['observed_declining_trend', 'large_observed_decline']"
2956,content_97ded6664747,0.3948039123711771,High,monitor_and_verify,['model_high_priority']
2957,content_1e717c1b5655,0.394778145625535,Low,monitor_and_verify,"['observed_declining_trend', 'large_observed_decline']"
2958,content_490978694374,0.39463840620163293,Medium,monitor_and_verify,"['observed_declining_trend', 'large_observed_decline']"
2959,content_811829ad0de3,0.3945764720431769,Low,monitor_and_verify,"['observed_declining_trend', 'large_observed_decline']"
2960,content_5dfc8a15db06,0.39450059817672234,Low,monitor_and_verify,"['observed_declining_trend', 'large_observed_decline']"
2961,content_a1e65051acf3,0.3943375787548844,High,monitor_and_verify,"['observed_declining_trend', 'large_observed_decline', 'model_high_priority']"
2962,content_5c7dda288778,0.39417876152731884,High,monitor_and_verify,['model_high_priority']
2963,content_a8e7c7cb4285,0.39412101044868014,High,monitor_and_verify,"['observed_declining_trend', 'large_observed_decline', 'model_high_priority']"
2964,content_a1207db565d9,0.39369017278491847,High,monitor_and_verify,"['observed_declining_trend', 'large_observed_decline', 'model_high_priority']"
2965,content_e53329c90dca,0.39363105031594275,High,monitor_and_verify,"['observed_declining_trend', 'large_observed_decline', 'model_high_priority']"
2966,content_70664afa98a4,0.39341919430573713,High,monitor_and_verify,['model_high_priority']
2967,content_d6731b72c26f,0.3931587755567958,Low,monitor_and_verify,"['observed_declining_trend', 'large_observed_decline']"
2968,content_b98072a1dfd2,0.3930768364648883,Low,monitor_and_verify,"['observed_declining_trend', 'large_observed_decline']"
2969,content_003380cff485,0.39285209494689277,Low,monitor_and_verify,"['observed_declining_trend', 'large_observed_decline']"
2970,content_32097c1cfc4e,0.3928208524717677,Low,monitor_and_verify,"['observed_declining_trend', 'large_observed_decline']"
2971,content_9a5ca91893e0,0.3927167175267657,Low,monitor_and_verify,['model_signal_requires_review']
2972,content_a13924fb5eb3,0.39257213212023007,High,monitor_and_verify,['model_high_priority']
2973,content_b9d209fe1deb,0.3925457882882248,High,monitor_and_verify,['model_high_priority']
2974,content_a0f2c6f4145c,0.39204533769386113,High,monitor_and_verify,['model_high_priority']
2975,content_3879128f65a6,0.3917577597082152,Low,monitor_and_verify,"['observed_declining_trend', 'large_observed_decline']"
2976,content_4f32a470ea32,0.3917575867291996,Medium,monitor_and_verify,['model_signal_requires_review']
2977,content_1f998be42e43,0.39151203883381835,Low,monitor_and_verify,"['observed_declining_trend', 'large_observed_decline']"
2978,content_281444f1d71d,0.3914140173238482,Low,monitor_and_verify,"['observed_declining_trend', 'large_observed_decline']"
2979,content_e7596fea954a,0.39139467126778843,Medium,monitor_and_verify,['model_signal_requires_review']
2980,content_ee648f3069bc,0.39129762628451226,Low,monitor_and_verify,['model_signal_requires_review']
2981,content_1e445ab8e155,0.39128426497023966,Low,monitor_and_verify,['model_signal_requires_review']
2982,content_036285c3321b,0.39127154986115276,Low,monitor_and_verify,['model_signal_requires_review']
2983,content_42fbeef4da29,0.391217464718506,High,monitor_and_verify,"['observed_declining_trend', 'large_observed_decline', 'model_high_priority']"
2984,content_d15e6b71a021,0.39095594964099983,Low,monitor_and_verify,['model_signal_requires_review']
2985,content_0cacab840128,0.3908639384723986,Low,monitor_and_verify,['model_signal_requires_review']
2986,content_3464adc98816,0.39073510659231225,Low,monitor_and_verify,"['observed_declining_trend', 'large_observed_decline']"
2987,content_0a631257482b,0.3906648627946295,Low,monitor_and_verify,"['observed_declining_trend', 'large_observed_decline']"
2988,content_2794fdb52470,0.39063572221478843,Low,monitor_and_verify,['model_signal_requires_review']
2989,content_d14239ef4629,0.39034944943266886,Low,monitor_and_verify,['model_signal_requires_review']
2990,content_2e145e80dd08,0.38971329009255073,Low,monitor_and_verify,"['observed_declining_trend', 'large_observed_decline']"
2991,content_5e78fe1e1f35,0.3895415889448573,Low,monitor_and_verify,"['observed_declining_trend', 'large_observed_decline']"
2992,content_de7b6e9dc165,0.38949522273193365,Medium,monitor_and_verify,"['observed_declining_trend', 'large_observed_decline']"
2993,content_3fd146b093c7,0.3892805687435772,Low,monitor_and_verify,['model_signal_requires_review']
2994,content_9d8200c7004c,0.38923441606598674,Low,monitor_and_verify,"['observed_declining_trend', 'large_observed_decline']"
2995,content_7c2f3a6ac0f4,0.3887959534815032,High,monitor_and_verify,['model_high_priority']
2996,content_93f25ee7d65d,0.38871450263494206,High,monitor_and_verify,['model_high_priority']
2997,content_c44f9a60ad62,0.3886724724306756,High,monitor_and_verify,['model_high_priority']
2998,content_947b1d18a006,0.3884081482054653,Low,monitor_and_verify,"['observed_declining_trend', 'large_observed_decline']"
2999,content_984c4d31ce8c,0.3883419463719725,Low,monitor_and_verify,['model_signal_requires_review']
3000,content_8ba781dafa55,0.3881774852335179,High,monitor_and_verify,"['observed_declining_trend', 'large_observed_decline', 'model_high_priority']"
3001,content_9bb9a0584cae,0.3881773669345261,Low,monitor_and_verify,"['observed_declining_trend', 'large_observed_decline']"
3002,content_a6cb5ab8b859,0.38801183426956687,Low,monitor_and_verify,"['observed_declining_trend', 'large_observed_decline']"
3003,content_3a60fa065442,0.3879950843476449,High,monitor_and_verify,"['observed_declining_trend', 'large_observed_decline', 'model_high_priority']"
3004,content_186324addeed,0.3878599875951211,Low,monitor_and_verify,['model_signal_requires_review']
3005,content_43b7910eaa67,0.3878467623195866,High,monitor_and_verify,"['observed_declining_trend', 'large_observed_decline', 'model_high_priority']"
3006,content_223428f683e5,0.3878264107297467,Low,monitor_and_verify,"['observed_declining_trend', 'large_observed_decline']"
3007,content_ed6385c45ca3,0.38775412882156096,High,monitor_and_verify,"['observed_declining_trend', 'large_observed_decline', 'model_high_priority']"
3008,content_33a9399fb0ae,0.38766039173268135,High,monitor_and_verify,"['observed_declining_trend', 'large_observed_decline', 'model_high_priority']"
3009,content_71b7b4dcc0ec,0.3876513191683479,Low,monitor_and_verify,"['observed_declining_trend', 'large_observed_decline']"
3010,content_0e377a1d8c78,0.38755348407289597,High,monitor_and_verify,['model_high_priority']
3011,content_de7e7c07df81,0.3874812707387839,Medium,monitor_and_verify,['model_signal_requires_review']
3012,content_4af460eac501,0.38721560333450594,Low,monitor_and_verify,"['observed_declining_trend', 'large_observed_decline']"
3013,content_118a6a1ab0f8,0.38696178617529525,High,monitor_and_verify,['model_high_priority']
3014,content_e5a9e727df95,0.38683702239571044,Low,monitor_and_verify,['model_signal_requires_review']
3015,content_444e3caf7e18,0.38678579310298467,Medium,monitor_and_verify,['model_signal_requires_review']
3016,content_5bc63535003b,0.3866962295407799,Low,monitor_and_verify,['model_signal_requires_review']
3017,content_6430c384931f,0.38666584888758515,Low,monitor_and_verify,"['observed_declining_trend', 'large_observed_decline']"
3018,content_bb878c56b949,0.38658312502913955,Low,monitor_and_verify,"['observed_declining_trend', 'large_observed_decline']"
3019,content_d5423ad8c4d2,0.3865802670109468,Medium,monitor_and_verify,"['observed_declining_trend', 'large_observed_decline']"
3020,content_2d82d4f4442e,0.3864143110130845,Low,monitor_and_verify,['model_signal_requires_review']
3021,content_5e953735aba5,0.3861919949990238,Low,monitor_and_verify,"['observed_declining_trend', 'large_observed_decline']"
3022,content_3523f5fdc859,0.38602409481409056,Medium,monitor_and_verify,['model_signal_requires_review']
3023,content_21b819522d93,0.38589496010496815,Low,monitor_and_verify,"['observed_declining_trend', 'large_observed_decline']"
3024,content_c5a71a912e3f,0.38573344278377014,Low,monitor_and_verify,"['observed_declining_trend', 'large_observed_decline']"
3025,content_a94c52160bb9,0.38570874926998105,Low,monitor_and_verify,"['observed_declining_trend', 'large_observed_decline']"
3026,content_32b64e0bf487,0.3855423531874353,Medium,monitor_and_verify,"['observed_declining_trend', 'large_observed_decline']"
3027,content_4cec69935dee,0.3855219197825679,Low,monitor_and_verify,"['observed_declining_trend', 'large_observed_decline']"
3028,content_dbbce65d444a,0.3854905560331172,Low,monitor_and_verify,['model_signal_requires_review']
3029,content_203ee255b107,0.38541804754568976,High,monitor_and_verify,['model_high_priority']
3030,content_d3a9e35e0751,0.3850320767799196,Low,monitor_and_verify,['model_signal_requires_review']
3031,content_87845043b009,0.38498404172085665,Low,monitor_and_verify,"['observed_declining_trend', 'large_observed_decline']"
3032,content_a060b47e2355,0.38493616474113496,Low,monitor_and_verify,"['observed_declining_trend', 'large_observed_decline']"
3033,content_2340513245dd,0.38479447597320504,Medium,monitor_and_verify,"['observed_declining_trend', 'large_observed_decline']"
3034,content_db3e957e3665,0.3847488331000623,Low,monitor_and_verify,['model_signal_requires_review']
3035,content_81c43ea37892,0.3847395852651605,High,monitor_and_verify,"['observed_declining_trend', 'large_observed_decline', 'model_high_priority']"
3036,content_3be7fafe70b1,0.38465136139930256,Low,monitor_and_verify,"['observed_declining_trend', 'large_observed_decline']"
3037,content_fc20dc014f77,0.3843190219891641,Medium,monitor_and_verify,['model_signal_requires_review']
3038,content_e7d48456ff77,0.38413578161313905,Low,monitor_and_verify,"['observed_declining_trend', 'large_observed_decline']"
3039,content_d4155589b206,0.384045734237191,High,monitor_and_verify,['model_high_priority']
3040,content_b7ea439ef534,0.38386668447675987,High,monitor_and_verify,['model_high_priority']
3041,content_cf9cdc6cbae6,0.38383599589863826,Low,monitor_and_verify,"['observed_declining_trend', 'large_observed_decline']"
3042,content_bad228094da2,0.38373000653567524,Low,monitor_and_verify,"['observed_declining_trend', 'large_observed_decline']"
3043,content_776e52192745,0.3836939690670076,Low,monitor_and_verify,['model_signal_requires_review']
3044,content_ab6ef50b3616,0.3835602298560379,Low,monitor_and_verify,"['observed_declining_trend', 'large_observed_decline']"
3045,content_b6f781c2cfc5,0.38315354583407396,Low,monitor_and_verify,['model_signal_requires_review']
3046,content_eae0d1cb0893,0.3831332692736009,Low,monitor_and_verify,['model_signal_requires_review']
3047,content_2bb574a58d02,0.3831332692736009,Low,monitor_and_verify,['model_signal_requires_review']
3048,content_7a84dac8961d,0.3830085339451435,Medium,monitor_and_verify,"['observed_declining_trend', 'large_observed_decline']"
3049,content_c77076f8b045,0.3829968125369103,Low,monitor_and_verify,"['observed_declining_trend', 'large_observed_decline']"
3050,content_bd55a3c4881b,0.3826088042594961,Low,monitor_and_verify,['model_signal_requires_review']
3051,content_709da7bf601e,0.38255687740068783,Low,monitor_and_verify,"['observed_declining_trend', 'large_observed_decline']"
3052,content_d72fc05ccca7,0.38244777818440634,Low,monitor_and_verify,['model_signal_requires_review']
3053,content_ee115d2afa45,0.38244139656499426,Low,monitor_and_verify,['model_signal_requires_review']
3054,content_399de7f4a3a0,0.3823584210620706,Low,monitor_and_verify,"['observed_declining_trend', 'large_observed_decline']"
3055,content_64745a4ecadb,0.38234680371289725,Low,monitor_and_verify,"['observed_declining_trend', 'large_observed_decline']"
3056,content_4accaefeb6ed,0.382246377172883,Low,monitor_and_verify,"['observed_declining_trend', 'large_observed_decline']"
3057,content_a3aee9f9c8ac,0.3818128200636851,Low,monitor_and_verify,"['observed_declining_trend', 'large_observed_decline']"
3058,content_548036123034,0.3816143616758563,Low,monitor_and_verify,"['observed_declining_trend', 'large_observed_decline']"
3059,content_ebdf79b83122,0.3813520376562796,Low,monitor_and_verify,['model_signal_requires_review']
3060,content_f43fe5f66ac0,0.38135154302443314,Medium,monitor_and_verify,"['observed_declining_trend', 'large_observed_decline']"
3061,content_f54baf531356,0.38125051106003816,Low,monitor_and_verify,['model_signal_requires_review']
3062,content_7f7d3a9330bd,0.3812003822230756,Low,monitor_and_verify,"['observed_declining_trend', 'large_observed_decline']"
3063,content_43f5863e0909,0.38119365723834436,Low,monitor_and_verify,['model_signal_requires_review']
3064,content_19f92ceb8175,0.38113098101046256,Low,monitor_and_verify,"['observed_declining_trend', 'large_observed_decline']"
3065,content_706708d55936,0.3810566717244113,Low,monitor_and_verify,['model_signal_requires_review']
3066,content_1243ed56b082,0.38103683920252607,Low,monitor_and_verify,"['observed_declining_trend', 'large_observed_decline']"
3067,content_15b1464743fc,0.3808392268161616,Medium,monitor_and_verify,['model_signal_requires_review']
3068,content_461eb9f35e52,0.380774471901424,High,monitor_and_verify,"['observed_declining_trend', 'large_observed_decline', 'model_high_priority']"
3069,content_e75a4c8dcaf1,0.38057914136939625,Low,monitor_and_verify,['model_signal_requires_review']
3070,content_216a54125880,0.380497216083485,High,monitor_and_verify,"['observed_declining_trend', 'large_observed_decline', 'model_high_priority']"
3071,content_355c44a1ed2c,0.3803530793247927,Medium,monitor_and_verify,"['observed_declining_trend', 'large_observed_decline']"
3072,content_012c40b3c72f,0.3801764616267477,Low,monitor_and_verify,"['observed_declining_trend', 'large_observed_decline']"
3073,content_a0f86b9cd7a5,0.3800345728318569,Low,monitor_and_verify,['model_signal_requires_review']
3074,content_d263c7f4f8c0,0.37937178461789384,Medium,monitor_and_verify,['model_signal_requires_review']
3075,content_dbeaa2257870,0.37929484088118903,Low,monitor_and_verify,"['observed_declining_trend', 'large_observed_decline']"
3076,content_97ae9323b22f,0.37924442220641524,Low,monitor_and_verify,"['observed_declining_trend', 'large_observed_decline']"
3077,content_3d2aab459562,0.3790951902280303,Low,monitor_and_verify,"['observed_declining_trend', 'large_observed_decline']"
3078,content_545b4017d302,0.37903888489533294,Low,monitor_and_verify,"['observed_declining_trend', 'large_observed_decline']"
3079,content_dd39c5616130,0.37895730491244134,High,monitor_and_verify,['model_high_priority']
3080,content_bbcde7de697e,0.37886812943385545,Low,monitor_and_verify,['model_signal_requires_review']
3081,content_f11e974ebf4b,0.3787815466713224,High,monitor_and_verify,"['observed_declining_trend', 'large_observed_decline', 'model_high_priority']"
3082,content_17a7b75e1df2,0.37871968092341834,Low,monitor_and_verify,['model_signal_requires_review']
3083,content_3d0673949a94,0.3786859644610745,Medium,monitor_and_verify,['model_signal_requires_review']
3084,content_42afdf7f7cd3,0.37852570356872606,Low,monitor_and_verify,['model_signal_requires_review']
3085,content_2d67f23c1a48,0.37852570356872606,Low,monitor_and_verify,['model_signal_requires_review']
3086,content_f8d0a67e22fc,0.3783563194255893,Low,monitor_and_verify,['model_signal_requires_review']
3087,content_79bf59875d0e,0.3782039584987771,High,monitor_and_verify,"['observed_declining_trend', 'large_observed_decline', 'model_high_priority']"
3088,content_240b4740fa30,0.37815241531975446,Low,monitor_and_verify,"['observed_declining_trend', 'large_observed_decline']"
3089,content_86f3362eefc9,0.37774423638881527,Low,monitor_and_verify,"['observed_declining_trend', 'large_observed_decline']"
3090,content_8b4f0dbe11a9,0.37768468610229367,Low,monitor_and_verify,"['observed_declining_trend', 'large_observed_decline']"
3091,content_7ab556c9e0dc,0.37738550885526756,Low,monitor_and_verify,['model_signal_requires_review']
3092,content_70f7d5f74c93,0.3773247300726862,Low,monitor_and_verify,['model_signal_requires_review']
3093,content_4611bb5c7228,0.3771907952720912,Medium,monitor_and_verify,['model_signal_requires_review']
3094,content_ccebf08571a1,0.3771169419482494,Low,monitor_and_verify,['model_signal_requires_review']
3095,content_28c3420d0a12,0.3766480913881718,Medium,monitor_and_verify,['model_signal_requires_review']
3096,content_f305ff772dd8,0.37638483455671495,Low,monitor_and_verify,"['observed_declining_trend', 'large_observed_decline']"
3097,content_2ac6d92eda6c,0.37583095383025283,Medium,monitor_and_verify,"['observed_declining_trend', 'large_observed_decline']"
3098,content_67b7450f085b,0.3756305153952147,Medium,monitor_and_verify,['model_signal_requires_review']
3099,content_4c3468a3efad,0.3756261749055185,Low,monitor_and_verify,"['observed_declining_trend', 'large_observed_decline']"
3100,content_c109f6284c24,0.3754019001134192,High,monitor_and_verify,"['observed_declining_trend', 'large_observed_decline', 'model_high_priority']"
3101,content_12e48d4b449d,0.3752898372155995,Low,monitor_and_verify,"['observed_declining_trend', 'large_observed_decline']"
3102,content_c445345f9a21,0.37500082081258956,Low,monitor_and_verify,['model_signal_requires_review']
3103,content_95d1f3ddae61,0.3749170997582541,High,monitor_and_verify,['model_high_priority']
3104,content_b4c32cbc78f6,0.3746436469471673,Medium,monitor_and_verify,['model_signal_requires_review']
3105,content_c90c7cab5965,0.37453272055822184,Low,monitor_and_verify,"['observed_declining_trend', 'large_observed_decline']"
3106,content_97ecde118135,0.37451765493035605,Low,monitor_and_verify,"['observed_declining_trend', 'large_observed_decline']"
3107,content_56c3ee623158,0.3741520095624621,High,monitor_and_verify,['model_high_priority']
3108,content_ddbc717e06d3,0.3735983014079395,Low,monitor_and_verify,['model_signal_requires_review']
3109,content_f136cd37e105,0.3734827506436523,Low,monitor_and_verify,['model_signal_requires_review']
3110,content_dfd3e6b03229,0.3734685759197326,Low,monitor_and_verify,"['observed_declining_trend', 'large_observed_decline']"
3111,content_aa65fe944a87,0.3731178242320514,Medium,monitor_and_verify,['model_signal_requires_review']
3112,content_1a6a4e32a379,0.3730520571084942,Low,monitor_and_verify,['model_signal_requires_review']
3113,content_e4c42aeed9d3,0.37280584926786076,Low,monitor_and_verify,"['observed_declining_trend', 'large_observed_decline']"
3114,content_27ff53b220e1,0.37266363892334603,Low,monitor_and_verify,"['observed_declining_trend', 'large_observed_decline']"
3115,content_506693a2cdd2,0.3720482526376452,High,monitor_and_verify,"['observed_declining_trend', 'large_observed_decline', 'model_high_priority']"
3116,content_093db3119b96,0.3720349484236726,Low,monitor_and_verify,['model_signal_requires_review']
3117,content_ca6bab292ff3,0.3719430997257372,Low,monitor_and_verify,['model_signal_requires_review']
3118,content_42605406bb2e,0.3718450097867775,Medium,monitor_and_verify,['model_signal_requires_review']
3119,content_d364fe3caafa,0.3718334464860502,Low,monitor_and_verify,['model_signal_requires_review']
3120,content_8b52bc828676,0.3714884847003691,Low,monitor_and_verify,"['observed_declining_trend', 'large_observed_decline']"
3121,content_8bca8bc57d12,0.3714486025198348,High,monitor_and_verify,['model_high_priority']
3122,content_0e8bc9bda782,0.3714371680017232,Low,monitor_and_verify,['model_signal_requires_review']
3123,content_446c768072a4,0.3713364976301809,Low,monitor_and_verify,"['observed_declining_trend', 'large_observed_decline']"
3124,content_7180e5f9adcd,0.37128246029710454,Low,monitor_and_verify,['model_signal_requires_review']
3125,content_ae0ac41bae69,0.37066660395640527,Low,monitor_and_verify,['model_signal_requires_review']
3126,content_62c82e9e70b8,0.3704753832787892,High,monitor_and_verify,['model_high_priority']
3127,content_3a4704b3910b,0.37041218177869184,Low,monitor_and_verify,['model_signal_requires_review']
3128,content_a92ba56cc6d7,0.37038368325856563,Low,monitor_and_verify,"['observed_declining_trend', 'large_observed_decline']"
3129,content_51761c4f95a3,0.36977914236976334,Medium,monitor_and_verify,['model_signal_requires_review']
3130,content_dd9ab01faf99,0.3696974723255749,Low,monitor_and_verify,['model_signal_requires_review']
3131,content_19882bd6373d,0.3696325916959097,Medium,monitor_and_verify,"['observed_declining_trend', 'large_observed_decline']"
3132,content_4a57b073f66c,0.36957438411261595,Medium,monitor_and_verify,"['observed_declining_trend', 'large_observed_decline']"
3133,content_e1d5ae8705bf,0.3694616190549186,Medium,monitor_and_verify,['model_signal_requires_review']
3134,content_c1ae3265aed4,0.36934492161556953,Medium,monitor_and_verify,"['observed_declining_trend', 'large_observed_decline']"
3135,content_4179f6cc94e1,0.3693388984816882,Medium,monitor_and_verify,"['observed_declining_trend', 'large_observed_decline']"
3136,content_a0ef8e0ff439,0.3692152345100836,Medium,monitor_and_verify,['model_signal_requires_review']
3137,content_8c0494cbb9e0,0.368692313986159,Low,monitor_and_verify,['model_signal_requires_review']
3138,content_180c8ec7003d,0.36853966943329525,Medium,monitor_and_verify,"['observed_declining_trend', 'large_observed_decline']"
3139,content_245230354a4e,0.36853489192050287,Low,monitor_and_verify,['model_signal_requires_review']
3140,content_fe90912d614c,0.36853111010413564,Medium,monitor_and_verify,['model_signal_requires_review']
3141,content_161c3cee3739,0.368283773103037,Low,monitor_and_verify,['model_signal_requires_review']
3142,content_41fd9c8c5892,0.368277026193161,Low,monitor_and_verify,"['observed_declining_trend', 'large_observed_decline']"
3143,content_94d5e9cbd5d0,0.3681404227639589,Medium,monitor_and_verify,"['observed_declining_trend', 'large_observed_decline']"
3144,content_945104091464,0.3680256682445264,Low,monitor_and_verify,['large_observed_decline']
3145,content_201e6fa0676c,0.3679656364282828,Medium,monitor_and_verify,"['observed_declining_trend', 'large_observed_decline']"
3146,content_b5848046fbb4,0.36782683850198095,Medium,monitor_and_verify,"['observed_declining_trend', 'large_observed_decline']"
3147,content_b870531044a5,0.3675840149756882,Low,monitor_and_verify,"['observed_declining_trend', 'large_observed_decline']"
3148,content_b35a7acdc3a8,0.367530815723304,Low,monitor_and_verify,['model_signal_requires_review']
3149,content_8f9d4e7f20ec,0.3672492243861991,Medium,monitor_and_verify,['model_signal_requires_review']
3150,content_714d862c87a1,0.36652446738746497,Medium,monitor_and_verify,['model_signal_requires_review']
3151,content_e8729b6fec38,0.36650642944731093,Medium,monitor_and_verify,['model_signal_requires_review']
3152,content_372449a18879,0.3662260839295058,Medium,monitor_and_verify,['model_signal_requires_review']
3153,content_595dcb4d74d3,0.36613948804093466,Medium,monitor_and_verify,['model_signal_requires_review']
3154,content_bcecc1a1c83c,0.36599822039847574,Medium,monitor_and_verify,"['observed_declining_trend', 'large_observed_decline']"
3155,content_0e2a59cb793e,0.36560761011782505,Low,monitor_and_verify,"['observed_declining_trend', 'large_observed_decline']"
3156,content_d1c0e3569a3e,0.36551247832742734,Medium,monitor_and_verify,"['observed_declining_trend', 'large_observed_decline']"
3157,content_b5efa0bd73ec,0.36529360261862337,Medium,monitor_and_verify,['model_signal_requires_review']
3158,content_de479c6d77d8,0.36419338602303275,Medium,monitor_and_verify,['model_signal_requires_review']
3159,content_601668f3aabe,0.3638175197217012,Medium,monitor_and_verify,"['observed_declining_trend', 'large_observed_decline']"
3160,content_9fdeb7a636e7,0.3637459750194576,Medium,monitor_and_verify,['model_signal_requires_review']
3161,content_5dbb5efbc4cd,0.3633539423462288,Low,monitor_and_verify,['model_signal_requires_review']
3162,content_17e62c7661d8,0.3630807232388095,Medium,monitor_and_verify,['model_signal_requires_review']
3163,content_884c1bebd58d,0.3629214903666489,Medium,monitor_and_verify,"['observed_declining_trend', 'large_observed_decline']"
3164,content_3056e1568e84,0.3618265940197361,Low,monitor_and_verify,"['observed_declining_trend', 'large_observed_decline']"
3165,content_804f6fedf09c,0.3615666464986161,Medium,monitor_and_verify,['model_signal_requires_review']
3166,content_95cf24054018,0.36134952047232005,Medium,monitor_and_verify,"['observed_declining_trend', 'large_observed_decline']"
3167,content_93e94f1ff1f5,0.3611582602888269,Medium,monitor_and_verify,['model_signal_requires_review']
3168,content_38bab00f71e2,0.3600599814013595,Low,monitor_and_verify,['model_signal_requires_review']
3169,content_c5f79bf532f3,0.35950051728342214,Low,monitor_and_verify,['model_signal_requires_review']
3170,content_cb0b2b24814f,0.35916519322485535,Low,monitor_and_verify,"['observed_declining_trend', 'large_observed_decline']"
3171,content_bf658584d14d,0.3590380170955232,Medium,monitor_and_verify,"['observed_declining_trend', 'large_observed_decline']"
3172,content_ea865bea72fb,0.35896083002333734,Medium,monitor_and_verify,['model_signal_requires_review']
3173,content_a5dbb404bdc2,0.3588776433878635,Medium,monitor_and_verify,['model_signal_requires_review']
3174,content_7cd66839b508,0.35866096843944945,Low,monitor_and_verify,['model_signal_requires_review']
3175,content_ace2126da180,0.3569723231575943,Low,monitor_and_verify,['model_signal_requires_review']
3176,content_4d3620e6e834,0.3569488474861675,Medium,monitor_and_verify,['model_signal_requires_review']
3177,content_a52c1485b2dd,0.3567789528066779,Low,monitor_and_verify,['model_signal_requires_review']
3178,content_1f0a97794427,0.35673213184119684,Low,monitor_and_verify,"['observed_declining_trend', 'large_observed_decline']"
3179,content_cb04f30ff3a1,0.35633798727874877,Medium,monitor_and_verify,['model_signal_requires_review']
3180,content_c3071ba6b02b,0.35622380926737857,Medium,monitor_and_verify,['model_signal_requires_review']
3181,content_19cdc614df78,0.35603610158923527,Low,monitor_and_verify,['model_signal_requires_review']
3182,content_8ce337f96d83,0.3560216481538153,Low,monitor_and_verify,['model_signal_requires_review']
3183,content_dfbd76532fb8,0.35591445910093483,Low,monitor_and_verify,"['observed_declining_trend', 'large_observed_decline']"
3184,content_f0717373e86e,0.3555001742528706,Low,monitor_and_verify,"['observed_declining_trend', 'large_observed_decline']"
3185,content_14b00ef222c4,0.35534183423859245,Low,monitor_and_verify,"['observed_declining_trend', 'large_observed_decline']"
3186,content_29717601b959,0.3553389638279745,Low,monitor_and_verify,['model_signal_requires_review']
3187,content_9cc3144b2591,0.35511300954104413,Medium,monitor_and_verify,['model_signal_requires_review']
3188,content_b7e4fd5e6aa4,0.35506904834019154,High,monitor_and_verify,"['observed_declining_trend', 'large_observed_decline', 'model_high_priority']"
3189,content_7fe5393fa43e,0.3546823792831762,Low,monitor_and_verify,['model_signal_requires_review']
3190,content_d8b40bc1326d,0.35450413270988246,Medium,monitor_and_verify,['model_signal_requires_review']
3191,content_7a8513b2abec,0.35376647099331643,Low,monitor_and_verify,['model_signal_requires_review']
3192,content_7469fe7380c5,0.35338967020102824,Medium,monitor_and_verify,['model_signal_requires_review']
3193,content_378e77671f51,0.3530314952299004,Medium,monitor_and_verify,"['observed_declining_trend', 'large_observed_decline']"
3194,content_50296511d72f,0.35299521469816314,Low,monitor_and_verify,"['observed_declining_trend', 'large_observed_decline']"
3195,content_8cffa6e45ec3,0.3529778493422939,Low,monitor_and_verify,['model_signal_requires_review']
3196,content_025344275bba,0.3529036978183919,Low,monitor_and_verify,"['observed_declining_trend', 'large_observed_decline']"
3197,content_770573151cb0,0.35273637019596044,Low,monitor_and_verify,['model_signal_requires_review']
3198,content_1f4e85ca2f53,0.3527296098265501,Low,monitor_and_verify,['model_signal_requires_review']
3199,content_55a06edcc229,0.35267883008005874,Low,monitor_and_verify,['model_signal_requires_review']
3200,content_67fdb41b1cc4,0.3526150375213909,Low,monitor_and_verify,"['observed_declining_trend', 'large_observed_decline']"
3201,content_fb040daf088c,0.3526082463496805,Low,monitor_and_verify,"['observed_declining_trend', 'large_observed_decline']"
3202,content_9bb78e058f1d,0.3525478422556246,Low,monitor_and_verify,"['observed_declining_trend', 'large_observed_decline']"
3203,content_de8e9909d824,0.3523928579586382,Low,monitor_and_verify,['model_signal_requires_review']
3204,content_ca79acba2440,0.35200352707618754,Low,monitor_and_verify,['model_signal_requires_review']
3205,content_cff58cdacb80,0.3518294691126728,Low,monitor_and_verify,['model_signal_requires_review']
3206,content_adc8d1c2b00c,0.3515881354622263,Medium,monitor_and_verify,"['observed_declining_trend', 'large_observed_decline']"
3207,content_063b45493d44,0.3515495385299014,Low,monitor_and_verify,['model_signal_requires_review']
3208,content_d50e451c8ce5,0.3515495385299014,Low,monitor_and_verify,['model_signal_requires_review']
3209,content_dbde13469422,0.35122675207350423,Low,monitor_and_verify,"['observed_declining_trend', 'large_observed_decline']"
3210,content_5f68880b2920,0.3510946209464864,Low,monitor_and_verify,"['observed_declining_trend', 'large_observed_decline']"
3211,content_f9e278aebf72,0.350695037044587,Medium,monitor_and_verify,"['observed_declining_trend', 'large_observed_decline']"
3212,content_4ead9ab22a4a,0.3505912177966512,Medium,monitor_and_verify,"['observed_declining_trend', 'large_observed_decline']"
3213,content_5fdeff6c4d42,0.35041233685959916,Low,monitor_and_verify,['model_signal_requires_review']
3214,content_064539f383aa,0.34971485154683835,Low,monitor_and_verify,"['observed_declining_trend', 'large_observed_decline']"
3215,content_7ec48009a9f2,0.3496067428414965,Low,monitor_and_verify,['model_signal_requires_review']
3216,content_989ed7a15341,0.3495240238458436,Low,monitor_and_verify,['model_signal_requires_review']
3217,content_d5819089038e,0.349492356532792,Low,monitor_and_verify,"['observed_declining_trend', 'large_observed_decline']"
3218,content_d9a154ca7683,0.34914865338511625,Low,monitor_and_verify,['model_signal_requires_review']
3219,content_0ffb2129c7b0,0.34899060375794944,Low,monitor_and_verify,['model_signal_requires_review']
3220,content_956e9b861c22,0.3485261699911783,Low,monitor_and_verify,['model_signal_requires_review']
3221,content_2a2cfff3f8ec,0.3482059162763581,Low,monitor_and_verify,"['observed_declining_trend', 'large_observed_decline']"
3222,content_8ec395d92334,0.3475338725009165,Low,monitor_and_verify,['model_signal_requires_review']
3223,content_0549e8dc2084,0.3472752874870432,Low,monitor_and_verify,"['observed_declining_trend', 'large_observed_decline']"
3224,content_bfeab0d95550,0.34712634651983765,Medium,monitor_and_verify,"['observed_declining_trend', 'large_observed_decline']"
3225,content_26c2fdd8c0ac,0.3471197179250859,Medium,monitor_and_verify,['model_signal_requires_review']
3226,content_d47a51e291f1,0.34650164933649363,Low,monitor_and_verify,['model_signal_requires_review']
3227,content_b03686077f5a,0.3464720081915655,Low,monitor_and_verify,['model_signal_requires_review']
3228,content_8c564c96c5a3,0.34643054430336073,Medium,monitor_and_verify,"['observed_declining_trend', 'large_observed_decline']"
3229,content_9524a5115a30,0.3459796961031464,Low,monitor_and_verify,"['observed_declining_trend', 'large_observed_decline']"
3230,content_d0cadc3e2773,0.34596000253085646,Medium,monitor_and_verify,['model_signal_requires_review']
3231,content_bc4411bf8d9f,0.34547199590877864,Low,monitor_and_verify,['model_signal_requires_review']
3232,content_7f11755b690f,0.34527500517030635,Low,monitor_and_verify,"['observed_declining_trend', 'large_observed_decline']"
3233,content_a27da8fc2b21,0.3451186879301059,Low,monitor_and_verify,['model_signal_requires_review']
3234,content_b27403c7d35e,0.3451148150544711,Medium,monitor_and_verify,['model_signal_requires_review']
3235,content_f8720660c734,0.34503650446318107,Low,monitor_and_verify,"['observed_declining_trend', 'large_observed_decline']"
3236,content_ba8edc136162,0.3450107728759141,Medium,monitor_and_verify,"['observed_declining_trend', 'large_observed_decline']"
3237,content_742a8fcba2fe,0.34486810519995353,Low,monitor_and_verify,"['observed_declining_trend', 'large_observed_decline']"
3238,content_66d756692c55,0.3446113717380411,Low,monitor_and_verify,"['observed_declining_trend', 'large_observed_decline']"
3239,content_101fe9a1cf14,0.3445547403419829,Low,monitor_and_verify,"['observed_declining_trend', 'large_observed_decline']"
3240,content_16b0c7bdba1f,0.344506596252769,Low,monitor_and_verify,['model_signal_requires_review']
3241,content_adacaaec0453,0.344434110210973,Low,monitor_and_verify,"['observed_declining_trend', 'large_observed_decline']"
3242,content_d1dd4dd758df,0.3441457434901409,Low,monitor_and_verify,"['observed_declining_trend', 'large_observed_decline']"
3243,content_55e155d5dddd,0.34395383856939277,Medium,monitor_and_verify,['model_signal_requires_review']
3244,content_3e33be121c9d,0.3435486712079008,Low,monitor_and_verify,"['observed_declining_trend', 'large_observed_decline']"
3245,content_f39c6a2b0a06,0.3434206388598096,Medium,monitor_and_verify,['model_signal_requires_review']
3246,content_200a2f936288,0.3433405977158612,Medium,monitor_and_verify,"['observed_declining_trend', 'large_observed_decline']"
3247,content_503abe4cad3a,0.3432597850359456,Low,monitor_and_verify,['model_signal_requires_review']
3248,content_424ff4ad540a,0.3431957394667221,Low,monitor_and_verify,['model_signal_requires_review']
3249,content_f5bea636bfbb,0.34317264329833724,Low,monitor_and_verify,['model_signal_requires_review']
3250,content_84a4de62123b,0.34306305737412407,Medium,monitor_and_verify,"['observed_declining_trend', 'large_observed_decline']"
3251,content_17f3119d4544,0.34285896296613994,Low,monitor_and_verify,['model_signal_requires_review']
3252,content_1fc9c8f39bfa,0.34226165077903464,Medium,monitor_and_verify,['model_signal_requires_review']
3253,content_1815d425a3a0,0.34217122167239705,Low,monitor_and_verify,"['observed_declining_trend', 'large_observed_decline']"
3254,content_7764f406228e,0.34201570225138184,Low,monitor_and_verify,"['observed_declining_trend', 'large_observed_decline']"
3255,content_db222ee144e9,0.3415584842714269,Low,monitor_and_verify,"['observed_declining_trend', 'large_observed_decline']"
3256,content_9fb007756e5a,0.3412934119861225,Low,monitor_and_verify,"['observed_declining_trend', 'large_observed_decline']"
3257,content_79d7f967722d,0.3409335516797613,Low,monitor_and_verify,['model_signal_requires_review']
3258,content_3e6203ac624d,0.34025622388915944,Low,monitor_and_verify,"['observed_declining_trend', 'large_observed_decline']"
3259,content_d16f344bb84b,0.3401866518343315,Low,monitor_and_verify,['model_signal_requires_review']
3260,content_0f4b391661fb,0.33984157270785587,Low,monitor_and_verify,"['observed_declining_trend', 'large_observed_decline']"
3261,content_0adbfc6a2e45,0.33973056293989906,Low,monitor_and_verify,['model_signal_requires_review']
3262,content_2e361a2a6982,0.33968523736188144,Low,monitor_and_verify,['model_signal_requires_review']
3263,content_19837b7f401b,0.33967045067351886,Low,monitor_and_verify,['model_signal_requires_review']
3264,content_63be0ba923f0,0.33945930747477343,Low,monitor_and_verify,['model_signal_requires_review']
3265,content_b485252b8e39,0.33912842048551595,Low,monitor_and_verify,['model_signal_requires_review']
3266,content_935e3a857b86,0.33857739024172917,Medium,monitor_and_verify,['model_signal_requires_review']
3267,content_66cece88eae7,0.3385289069821296,Low,monitor_and_verify,"['observed_declining_trend', 'large_observed_decline']"
3268,content_420c7df3a60e,0.3383844836766649,Low,monitor_and_verify,"['observed_declining_trend', 'large_observed_decline']"
3269,content_885a25cd5e18,0.33793489409311805,Medium,monitor_and_verify,['model_signal_requires_review']
3270,content_f8f308d0b776,0.33759469420826954,Medium,monitor_and_verify,['model_signal_requires_review']
3271,content_c27faea1a02a,0.3375109151610604,Low,monitor_and_verify,['model_signal_requires_review']
3272,content_4ef8621d34cd,0.33742732197574943,Low,monitor_and_verify,"['observed_declining_trend', 'large_observed_decline']"
3273,content_a005947b4184,0.33663069291099434,Low,monitor_and_verify,['model_signal_requires_review']
3274,content_c52c90c985dd,0.3365836096046313,Low,monitor_and_verify,['model_signal_requires_review']
3275,content_219b8e3014a4,0.33616046109450776,Low,monitor_and_verify,"['observed_declining_trend', 'large_observed_decline']"
3276,content_4092ad6d1f71,0.3361469758805224,Medium,monitor_and_verify,"['observed_declining_trend', 'large_observed_decline']"
3277,content_d456f286e50f,0.33611146237606493,Low,monitor_and_verify,"['observed_declining_trend', 'large_observed_decline']"
3278,content_a1ab96494b7e,0.3354559349809309,Medium,monitor_and_verify,['model_signal_requires_review']
3279,content_c7e4dcbaae4a,0.33522795252050525,Low,monitor_and_verify,['model_signal_requires_review']
3280,content_08fd124a6e6f,0.3348958318759945,Medium,monitor_and_verify,"['observed_declining_trend', 'large_observed_decline']"
3281,content_72a99bb5d650,0.3345004556032716,Low,monitor_and_verify,"['observed_declining_trend', 'large_observed_decline']"
3282,content_ebf35372a022,0.33447009377395204,Low,monitor_and_verify,"['observed_declining_trend', 'large_observed_decline']"
3283,content_d322e73f8de0,0.33435454822660304,Low,monitor_and_verify,['model_signal_requires_review']
3284,content_6e2368caa550,0.3341896384003596,Low,monitor_and_verify,"['observed_declining_trend', 'large_observed_decline']"
3285,content_ec62c6658504,0.3341408896364036,Low,monitor_and_verify,['model_signal_requires_review']
3286,content_74ed7b370eb8,0.3340431460403146,Low,monitor_and_verify,['model_signal_requires_review']
3287,content_5a639aa6d642,0.3338670549190881,Low,monitor_and_verify,['model_signal_requires_review']
3288,content_f60f1e8bd3aa,0.3338275492918848,Medium,monitor_and_verify,['model_signal_requires_review']
3289,content_a6ef514fd094,0.3337106079920045,Low,monitor_and_verify,['model_signal_requires_review']
3290,content_907688f36763,0.33369652877910116,Medium,monitor_and_verify,"['observed_declining_trend', 'large_observed_decline']"
3291,content_c0821a6e99cf,0.33362883974604024,Low,monitor_and_verify,['model_signal_requires_review']
3292,content_03a3fe27bf9b,0.33356382462913925,Low,monitor_and_verify,"['observed_declining_trend', 'large_observed_decline']"
3293,content_d6b4de74b2c2,0.3331993982914982,Medium,monitor_and_verify,['model_signal_requires_review']
3294,content_fb1443847c2e,0.33318872064453087,Low,monitor_and_verify,['model_signal_requires_review']
3295,content_6248c9728c62,0.3330823170269325,Low,monitor_and_verify,"['observed_declining_trend', 'large_observed_decline']"
3296,content_b31aec9ff709,0.3330776967823325,Low,monitor_and_verify,"['observed_declining_trend', 'large_observed_decline']"
3297,content_8efdf37a2776,0.33286704401657685,Low,monitor_and_verify,"['observed_declining_trend', 'large_observed_decline']"
3298,content_0cb652bd058e,0.33275364512159455,Low,monitor_and_verify,['model_signal_requires_review']
3299,content_650ebaf394bb,0.33273728051507717,Low,monitor_and_verify,['model_signal_requires_review']
3300,content_2a212876da21,0.332508495344775,Low,monitor_and_verify,['model_signal_requires_review']
3301,content_076f12da769b,0.33241361851414514,Low,monitor_and_verify,['model_signal_requires_review']
3302,content_a01cdf6f5e79,0.3323489698554582,Low,monitor_and_verify,['model_signal_requires_review']
3303,content_2d02324d2b0c,0.3322596137874953,Low,monitor_and_verify,['model_signal_requires_review']
3304,content_333c51fff258,0.3318478929386255,Low,monitor_and_verify,"['observed_declining_trend', 'large_observed_decline']"
3305,content_7fae34a037fa,0.33158978262467687,Low,monitor_and_verify,"['observed_declining_trend', 'large_observed_decline']"
3306,content_9ca158d1183a,0.33151671550757295,Low,monitor_and_verify,"['observed_declining_trend', 'large_observed_decline']"
3307,content_676240affafe,0.33137905463859935,Medium,monitor_and_verify,['model_signal_requires_review']
3308,content_848adc98b9ce,0.3312211948330272,Low,monitor_and_verify,['model_signal_requires_review']
3309,content_d411f89a60c9,0.3311823343453199,Medium,monitor_and_verify,"['observed_declining_trend', 'large_observed_decline']"
3310,content_9b797afc1c68,0.3311667491836664,Low,monitor_and_verify,"['observed_declining_trend', 'large_observed_decline']"
3311,content_5d003ca169d3,0.3310736288186494,Low,monitor_and_verify,['model_signal_requires_review']
3312,content_baccc0e2c6d7,0.3309734957795912,Low,monitor_and_verify,['model_signal_requires_review']
3313,content_90064405d18e,0.3307684530911931,Low,monitor_and_verify,"['observed_declining_trend', 'large_observed_decline']"
3314,content_5b2da7d78158,0.3307158035040842,Low,monitor_and_verify,['model_signal_requires_review']
3315,content_185382e3ca8a,0.33064742153135424,Low,monitor_and_verify,"['observed_declining_trend', 'large_observed_decline']"
3316,content_8535cfede35b,0.33038019402264074,Low,monitor_and_verify,"['observed_declining_trend', 'large_observed_decline']"
3317,content_d2db220c5023,0.3302132623739375,Low,monitor_and_verify,['model_signal_requires_review']
3318,content_891ded76771b,0.32978608305685897,Low,monitor_and_verify,['model_signal_requires_review']
3319,content_0f65cba03e13,0.3297228830082778,Low,monitor_and_verify,"['observed_declining_trend', 'large_observed_decline']"
3320,content_7cb70d02699c,0.3295685094601083,Low,monitor_and_verify,"['observed_declining_trend', 'large_observed_decline']"
3321,content_3d85651f289d,0.32945804484914815,Low,monitor_and_verify,"['observed_declining_trend', 'large_observed_decline']"
3322,content_eea4d12e179b,0.32938005342426785,Low,monitor_and_verify,"['observed_declining_trend', 'large_observed_decline']"
3323,content_b11a7dcf6d72,0.329322026657024,Low,monitor_and_verify,"['observed_declining_trend', 'large_observed_decline']"
3324,content_c4ebfc5cead5,0.32847989773785813,Medium,monitor_and_verify,['model_signal_requires_review']
3325,content_9d477524d051,0.32847674581950753,Low,monitor_and_verify,['model_signal_requires_review']
3326,content_092f48aa993e,0.3284708043361733,Low,monitor_and_verify,"['observed_declining_trend', 'large_observed_decline']"
3327,content_c268b1716236,0.32832576699588023,Low,monitor_and_verify,"['observed_declining_trend', 'large_observed_decline']"
3328,content_0261682edcb0,0.32828165841450807,Low,monitor_and_verify,['model_signal_requires_review']
3329,content_cdb5fce0cfb1,0.32820523491582637,Low,monitor_and_verify,"['observed_declining_trend', 'large_observed_decline']"
3330,content_d7175187ff12,0.3281735225037234,Medium,monitor_and_verify,"['observed_declining_trend', 'large_observed_decline']"
3331,content_799641a02d77,0.3280945062509041,Medium,monitor_and_verify,"['observed_declining_trend', 'large_observed_decline']"
3332,content_b7643f161c0b,0.32787687812430377,Low,monitor_and_verify,"['observed_declining_trend', 'large_observed_decline']"
3333,content_54944705fb0f,0.3278695572036002,Low,monitor_and_verify,"['observed_declining_trend', 'large_observed_decline']"
3334,content_b3623d22db24,0.3278229446092745,Low,monitor_and_verify,"['observed_declining_trend', 'large_observed_decline']"
3335,content_49e32ff84f57,0.3277792416031274,Low,monitor_and_verify,['model_signal_requires_review']
3336,content_03610a21ae97,0.3277555311759922,Medium,monitor_and_verify,['model_signal_requires_review']
3337,content_e3bbf88db1f4,0.3276921993951973,Low,monitor_and_verify,"['observed_declining_trend', 'large_observed_decline']"
3338,content_d52d69802c75,0.32768485425825716,Medium,monitor_and_verify,['model_signal_requires_review']
3339,content_63c0b75de1a2,0.3270294669221259,Low,monitor_and_verify,"['observed_declining_trend', 'large_observed_decline']"
3340,content_3b36899453fe,0.32688426385074554,Medium,monitor_and_verify,['model_signal_requires_review']
3341,content_7df9caffac62,0.3267041097105694,Low,monitor_and_verify,['model_signal_requires_review']
3342,content_5da43caf831a,0.3265366228199658,Low,monitor_and_verify,"['observed_declining_trend', 'large_observed_decline']"
3343,content_b8ce248b3e6b,0.32642214626670896,Low,monitor_and_verify,"['observed_declining_trend', 'large_observed_decline']"
3344,content_cd641f3210bd,0.32641746472058014,Medium,monitor_and_verify,['model_signal_requires_review']
3345,content_5fae218025f1,0.3263959735646195,Low,monitor_and_verify,"['observed_declining_trend', 'large_observed_decline']"
3346,content_eace48a195da,0.32636777154294755,Medium,monitor_and_verify,['model_signal_requires_review']
3347,content_59b1e4dc2acb,0.32634353542989253,Low,monitor_and_verify,"['observed_declining_trend', 'large_observed_decline']"
3348,content_19a0ea97d3c9,0.3259840955518972,Low,monitor_and_verify,"['observed_declining_trend', 'large_observed_decline']"
3349,content_f83c602379ea,0.325734579661013,Low,monitor_and_verify,"['observed_declining_trend', 'large_observed_decline']"
3350,content_5bf25bc67ebd,0.32554581756893514,Medium,monitor_and_verify,['model_signal_requires_review']
3351,content_b74d4cbe5100,0.325422594337887,Low,monitor_and_verify,['model_signal_requires_review']
3352,content_dbc0b153ac65,0.32532233528375315,Low,monitor_and_verify,"['observed_declining_trend', 'large_observed_decline']"
3353,content_97ec8ce69833,0.3248692713844339,Low,monitor_and_verify,['model_signal_requires_review']
3354,content_4b6eb848b1e9,0.3248287640474241,Low,monitor_and_verify,"['observed_declining_trend', 'large_observed_decline']"
3355,content_17ca2437325a,0.3248093102215899,Low,monitor_and_verify,['model_signal_requires_review']
3356,content_98b1180ab96b,0.3247440822616022,Low,monitor_and_verify,"['observed_declining_trend', 'large_observed_decline']"
3357,content_cb946d3f8571,0.3246015565170474,Low,monitor_and_verify,"['observed_declining_trend', 'large_observed_decline']"
3358,content_524f1ad5eb79,0.32456202737915285,Low,monitor_and_verify,"['observed_declining_trend', 'large_observed_decline']"
3359,content_7cddffe05038,0.3245495339528538,Medium,monitor_and_verify,['model_signal_requires_review']
3360,content_dc0eaf635a88,0.3244027223284232,Low,monitor_and_verify,['model_signal_requires_review']
3361,content_a9c15ac24367,0.32426860561434007,Low,monitor_and_verify,"['observed_declining_trend', 'large_observed_decline']"
3362,content_dbc44237b6c2,0.3241420718617235,Low,monitor_and_verify,"['observed_declining_trend', 'large_observed_decline']"
3363,content_24b8d8860ad9,0.32411076245668047,Low,monitor_and_verify,['model_signal_requires_review']
3364,content_b7457edaee9e,0.3240677774848837,Low,monitor_and_verify,['model_signal_requires_review']
3365,content_eb0b71e5d272,0.3240677774848837,Low,monitor_and_verify,['model_signal_requires_review']
3366,content_ed77f6eb13ea,0.3240271975990933,Low,monitor_and_verify,['model_signal_requires_review']
3367,content_5901aee4bc88,0.32394354925133545,Medium,monitor_and_verify,"['observed_declining_trend', 'large_observed_decline']"
3368,content_293040c73278,0.32389755626003836,Low,monitor_and_verify,"['observed_declining_trend', 'large_observed_decline']"
3369,content_ea8a83a2510c,0.32381976254294725,Low,monitor_and_verify,['model_signal_requires_review']
3370,content_454ad2864776,0.3237088060630997,Medium,monitor_and_verify,"['observed_declining_trend', 'large_observed_decline']"
3371,content_58012808e022,0.323680594628614,Medium,monitor_and_verify,"['observed_declining_trend', 'large_observed_decline']"
3372,content_33e1340be022,0.3236153966134177,Low,monitor_and_verify,['model_signal_requires_review']
3373,content_b300e6b84a9f,0.3235964270835063,Low,monitor_and_verify,"['observed_declining_trend', 'large_observed_decline']"
3374,content_fdf4d5b05e17,0.32333242387720257,Medium,monitor_and_verify,"['observed_declining_trend', 'large_observed_decline']"
3375,content_7751a002ea43,0.32319145975053665,Low,monitor_and_verify,['model_signal_requires_review']
3376,content_29f3f30befe7,0.3231464598082459,Medium,monitor_and_verify,['model_signal_requires_review']
3377,content_fc48c1737c57,0.32305907060716377,Low,monitor_and_verify,['model_signal_requires_review']
3378,content_2a9b7d24959d,0.32272439235902156,Low,monitor_and_verify,['model_signal_requires_review']
3379,content_831cc0a27ac2,0.3226899183266011,Medium,monitor_and_verify,"['observed_declining_trend', 'large_observed_decline']"
3380,content_2411a982f427,0.32257977635588747,Low,monitor_and_verify,"['observed_declining_trend', 'large_observed_decline']"
3381,content_5eb2f48aab0f,0.32250705134599744,Medium,monitor_and_verify,"['observed_declining_trend', 'large_observed_decline']"
3382,content_dc34dac6e5f4,0.3224924058602161,Low,monitor_and_verify,"['observed_declining_trend', 'large_observed_decline']"
3383,content_882555fb1b4a,0.3223554660613618,Medium,monitor_and_verify,['model_signal_requires_review']
3384,content_b9c9ff5fb9ee,0.32231170763707095,Low,monitor_and_verify,['model_signal_requires_review']
3385,content_87c6292356c5,0.3223083247270901,Low,monitor_and_verify,"['observed_declining_trend', 'large_observed_decline']"
3386,content_61cec6179092,0.3222659721740836,Medium,monitor_and_verify,['model_signal_requires_review']
3387,content_9f7e7378070a,0.3221753172251186,Low,monitor_and_verify,"['observed_declining_trend', 'large_observed_decline']"
3388,content_14327b4a825b,0.3217722327732634,Low,monitor_and_verify,"['observed_declining_trend', 'large_observed_decline']"
3389,content_ac24ae398a75,0.32172986775962753,Low,monitor_and_verify,"['observed_declining_trend', 'large_observed_decline']"
3390,content_dcce7a9a1b43,0.3216690862550017,Low,monitor_and_verify,"['observed_declining_trend', 'large_observed_decline']"
3391,content_9977bbaa266b,0.3213662022582987,Low,monitor_and_verify,['model_signal_requires_review']
3392,content_72c8c4a76ef1,0.321359732564782,Low,monitor_and_verify,['model_signal_requires_review']
3393,content_62541a94734a,0.3211909457166928,Low,monitor_and_verify,['model_signal_requires_review']
3394,content_3ba982075eba,0.3208916372390339,Medium,monitor_and_verify,"['observed_declining_trend', 'large_observed_decline']"
3395,content_3fca59454610,0.3207036053820652,Low,monitor_and_verify,['model_signal_requires_review']
3396,content_2d953d501d3c,0.320475566960826,Low,monitor_and_verify,['model_signal_requires_review']
3397,content_d55f9f377e5f,0.3203442962064996,Medium,monitor_and_verify,['model_signal_requires_review']
3398,content_b23ecee1eaf1,0.3202938088027466,Low,monitor_and_verify,['model_signal_requires_review']
3399,content_caff51984338,0.3202656037946168,Low,monitor_and_verify,"['observed_declining_trend', 'large_observed_decline']"
3400,content_576f7cb282da,0.3201975909414139,Medium,monitor_and_verify,"['observed_declining_trend', 'large_observed_decline']"
3401,content_a7720e2676d6,0.3200044533753404,Low,monitor_and_verify,['model_signal_requires_review']
3402,content_0b5de68b61a2,0.31993193712026324,Medium,monitor_and_verify,['model_signal_requires_review']
3403,content_7445048ec90b,0.31973354085190453,Low,monitor_and_verify,['model_signal_requires_review']
3404,content_cf77a963959c,0.31944422506997483,Medium,monitor_and_verify,['model_signal_requires_review']
3405,content_65ce101bd739,0.31914104957815365,Low,monitor_and_verify,['model_signal_requires_review']
3406,content_82bd3b63e2f8,0.3190598089778079,Low,monitor_and_verify,['model_signal_requires_review']
3407,content_a88192732159,0.3187155493289358,Medium,monitor_and_verify,['model_signal_requires_review']
3408,content_73d19517bd77,0.31868534943952975,Medium,monitor_and_verify,"['observed_declining_trend', 'large_observed_decline']"
3409,content_d951985a1391,0.31832738071917327,Low,monitor_and_verify,['model_signal_requires_review']
3410,content_0a916bb9bf5b,0.31820767338332556,Low,monitor_and_verify,"['observed_declining_trend', 'large_observed_decline']"
3411,content_fefb9be71325,0.3181975206104777,Low,monitor_and_verify,"['observed_declining_trend', 'large_observed_decline']"
3412,content_29ca977d3a23,0.31819662823644845,Low,monitor_and_verify,['model_signal_requires_review']
3413,content_ff7f46bd2c17,0.3179662572142931,Low,monitor_and_verify,['model_signal_requires_review']
3414,content_b67a895188bd,0.3177389670711172,Low,monitor_and_verify,"['observed_declining_trend', 'large_observed_decline']"
3415,content_b82b922267e2,0.3177389670711172,Low,monitor_and_verify,['model_signal_requires_review']
3416,content_cf89cdf7de74,0.3176098691628104,Low,monitor_and_verify,['model_signal_requires_review']
3417,content_bf30ed96384d,0.3173758637711671,Medium,monitor_and_verify,['model_signal_requires_review']
3418,content_2a0400a50c04,0.3170088446281509,Medium,monitor_and_verify,"['observed_declining_trend', 'large_observed_decline']"
3419,content_765d5a7d6ef2,0.31694112958116916,Low,monitor_and_verify,['model_signal_requires_review']
3420,content_c9f2c81b4687,0.3169248361144954,Low,monitor_and_verify,"['observed_declining_trend', 'large_observed_decline']"
3421,content_b93156c46bd9,0.3169229961683244,Medium,monitor_and_verify,"['observed_declining_trend', 'large_observed_decline']"
3422,content_1e88332a0ee3,0.3167891615884398,Low,monitor_and_verify,"['observed_declining_trend', 'large_observed_decline']"
3423,content_6001c2eabb75,0.3164930282361791,Low,monitor_and_verify,['model_signal_requires_review']
3424,content_c799fa5ef1b8,0.3164218112915382,Low,monitor_and_verify,"['observed_declining_trend', 'large_observed_decline']"
3425,content_5ef305add4a3,0.3160239518773341,Low,monitor_and_verify,['model_signal_requires_review']
3426,content_116108f97539,0.3158499641711226,Low,monitor_and_verify,['model_signal_requires_review']
3427,content_48dd1fd1c0bc,0.3157853691354055,Low,monitor_and_verify,['model_signal_requires_review']
3428,content_27d5a984e469,0.3154634828271891,Low,monitor_and_verify,['model_signal_requires_review']
3429,content_f8087e7dab5d,0.3154116345050596,Low,monitor_and_verify,"['observed_declining_trend', 'large_observed_decline']"
3430,content_e069ebcf608e,0.315237545095768,Medium,monitor_and_verify,"['observed_declining_trend', 'large_observed_decline']"
3431,content_7f7e453e77d5,0.31506298582734316,Medium,monitor_and_verify,['model_signal_requires_review']
3432,content_2dc9930b0a26,0.31496390173287103,Medium,monitor_and_verify,['model_signal_requires_review']
3433,content_1a400a80dc02,0.31462411854068995,Low,monitor_and_verify,['model_signal_requires_review']
3434,content_4a24ce40377e,0.3145220934903974,Low,monitor_and_verify,['model_signal_requires_review']
3435,content_05a2af517f14,0.3142452576054698,Medium,monitor_and_verify,['model_signal_requires_review']
3436,content_02b637872930,0.3140865944496762,Low,monitor_and_verify,['model_signal_requires_review']
3437,content_e6dff2507e2c,0.3140560824282069,Low,monitor_and_verify,['model_signal_requires_review']
3438,content_5cef15c4f635,0.31386778421435574,Low,monitor_and_verify,"['observed_declining_trend', 'large_observed_decline']"
3439,content_872861322be4,0.313865566535482,Medium,monitor_and_verify,"['observed_declining_trend', 'large_observed_decline']"
3440,content_3121431b8cc3,0.31377025701641137,Low,monitor_and_verify,"['observed_declining_trend', 'large_observed_decline']"
3441,content_20b6e6820215,0.3136137686829729,Low,monitor_and_verify,['model_signal_requires_review']
3442,content_181d0c8829a8,0.31357926776686523,Medium,monitor_and_verify,['model_signal_requires_review']
3443,content_f1332ac40751,0.31346325885280296,Low,monitor_and_verify,['model_signal_requires_review']
3444,content_ac38c61cc1d4,0.31338785946230074,Low,monitor_and_verify,"['observed_declining_trend', 'large_observed_decline']"
3445,content_b73ce28e6e57,0.3133066677682325,Low,monitor_and_verify,['model_signal_requires_review']
3446,content_0919dd345d80,0.3132667844247149,Medium,monitor_and_verify,"['observed_declining_trend', 'large_observed_decline']"
3447,content_f4c3734e72bf,0.3129786934982559,Low,monitor_and_verify,['model_signal_requires_review']
3448,content_5b377954b9b8,0.31224605736098265,Low,monitor_and_verify,['model_signal_requires_review']
3449,content_372f87435947,0.3121014753070216,Low,monitor_and_verify,"['observed_declining_trend', 'large_observed_decline']"
3450,content_dba91922f9ea,0.31191480992624837,Low,monitor_and_verify,['model_signal_requires_review']
3451,content_f601e3a69412,0.3118072725377546,Medium,monitor_and_verify,['model_signal_requires_review']
3452,content_7703de337d05,0.311746254172184,Medium,monitor_and_verify,"['observed_declining_trend', 'large_observed_decline']"
3453,content_21670f9b7917,0.31140751709642056,Low,monitor_and_verify,['model_signal_requires_review']
3454,content_4c1afd5ebb50,0.3111929864764573,Low,monitor_and_verify,['model_signal_requires_review']
3455,content_80b6497c3f9d,0.3110272204885244,Low,monitor_and_verify,['model_signal_requires_review']
3456,content_dda106a2f4e9,0.3106516554934698,Medium,monitor_and_verify,['model_signal_requires_review']
3457,content_054affecaba3,0.31056076928369986,Medium,monitor_and_verify,"['observed_declining_trend', 'large_observed_decline']"
3458,content_ed356a0df49b,0.31055794480096266,Low,monitor_and_verify,['model_signal_requires_review']
3459,content_9746794ea57e,0.31052659454446496,Low,monitor_and_verify,['model_signal_requires_review']
3460,content_a5d1c12af407,0.3104975342628606,Low,monitor_and_verify,['model_signal_requires_review']
3461,content_390fb5432bef,0.31039177551259356,Medium,monitor_and_verify,['model_signal_requires_review']
3462,content_25e671bfdca0,0.31035798406872755,Medium,monitor_and_verify,['model_signal_requires_review']
3463,content_62c74ae619f8,0.31035575308207547,Medium,monitor_and_verify,['model_signal_requires_review']
3464,content_e76294ac1955,0.31020998474845174,Medium,monitor_and_verify,['model_signal_requires_review']
3465,content_f560a011a094,0.31017720664451476,Low,monitor_and_verify,['model_signal_requires_review']
3466,content_b3259e046dfa,0.3101715351388306,Medium,monitor_and_verify,"['observed_declining_trend', 'large_observed_decline']"
3467,content_de8736cc0484,0.3101231978764455,Medium,monitor_and_verify,"['observed_declining_trend', 'large_observed_decline']"
3468,content_f0d896cab1ac,0.3101021584791886,Low,monitor_and_verify,['model_signal_requires_review']
3469,content_600405887c39,0.3100850929630143,Low,monitor_and_verify,['model_signal_requires_review']
3470,content_06dd592a7b5e,0.30992349668530167,Low,monitor_and_verify,['model_signal_requires_review']
3471,content_015287fce017,0.30983134444328003,Low,monitor_and_verify,['model_signal_requires_review']
3472,content_a200afcd5609,0.30977314879256357,Low,monitor_and_verify,['model_signal_requires_review']
3473,content_7eb94099059e,0.30973093650865846,Medium,monitor_and_verify,['model_signal_requires_review']
3474,content_908524a6828a,0.3097119054253141,Medium,monitor_and_verify,['model_signal_requires_review']
3475,content_556c5e4eb2de,0.3097047400205858,Medium,monitor_and_verify,"['observed_declining_trend', 'large_observed_decline']"
3476,content_3df883ce7a31,0.3096649087394405,Low,monitor_and_verify,"['observed_declining_trend', 'large_observed_decline']"
3477,content_d05bd6c7105c,0.30956136282096147,Low,monitor_and_verify,"['observed_declining_trend', 'large_observed_decline']"
3478,content_b91726585c12,0.309491635291435,Low,monitor_and_verify,['model_signal_requires_review']
3479,content_cda3fc801f15,0.3093279194695,Low,monitor_and_verify,['model_signal_requires_review']
3480,content_848764ee3414,0.3092237249349963,Low,monitor_and_verify,"['observed_declining_trend', 'large_observed_decline']"
3481,content_a860ee9e7ae4,0.30905052322772103,Low,monitor_and_verify,"['observed_declining_trend', 'large_observed_decline']"
3482,content_1a7da676ab36,0.3089161068018588,Low,monitor_and_verify,['model_signal_requires_review']
3483,content_577a45908bb7,0.3089036095139728,Medium,monitor_and_verify,['model_signal_requires_review']
3484,content_a6b64150990e,0.3088207049383345,Medium,monitor_and_verify,"['observed_declining_trend', 'large_observed_decline']"
3485,content_5ad0732245eb,0.30882065571916295,Medium,monitor_and_verify,"['observed_declining_trend', 'large_observed_decline']"
3486,content_ebd69ed4d6b6,0.30859642656783154,Low,monitor_and_verify,"['observed_declining_trend', 'large_observed_decline']"
3487,content_21d79c60f58d,0.3085341267462582,Medium,monitor_and_verify,"['observed_declining_trend', 'large_observed_decline']"
3488,content_b1bc831deff1,0.3085339578867367,Medium,monitor_and_verify,"['observed_declining_trend', 'large_observed_decline']"
3489,content_c84a0ab98e90,0.308334665477601,Medium,monitor_and_verify,['model_signal_requires_review']
3490,content_1a0ba11dff95,0.30825678414816204,Low,monitor_and_verify,"['observed_declining_trend', 'large_observed_decline']"
3491,content_108162f15772,0.30825678414816204,Low,monitor_and_verify,"['observed_declining_trend', 'large_observed_decline']"
3492,content_e171a326dae2,0.3079528153172224,Low,monitor_and_verify,['model_signal_requires_review']
3493,content_06781cbfbf9d,0.3078769486343401,Low,monitor_and_verify,"['observed_declining_trend', 'large_observed_decline']"
3494,content_6b5f0ad50076,0.3078123714586047,Low,monitor_and_verify,['model_signal_requires_review']
3495,content_d87561fb614e,0.3077793329505943,Medium,monitor_and_verify,"['observed_declining_trend', 'large_observed_decline']"
3496,content_1a46f575e474,0.3077315975556685,Low,monitor_and_verify,['model_signal_requires_review']
3497,content_0bedb1ad4aca,0.3077250549087998,Medium,monitor_and_verify,['model_signal_requires_review']
3498,content_d9e5b5139f21,0.30770387326693593,Low,monitor_and_verify,['model_signal_requires_review']
3499,content_e8baefc221d3,0.30759384823470265,Low,monitor_and_verify,['model_signal_requires_review']
3500,content_9b7db63b1e95,0.3073873491595023,Medium,monitor_and_verify,"['observed_declining_trend', 'large_observed_decline']"
3501,content_e05f3d9b6945,0.30736186623588513,Low,monitor_and_verify,['model_signal_requires_review']
3502,content_e213f34f4690,0.3073180594728219,Low,monitor_and_verify,['model_signal_requires_review']
3503,content_9e722da54bd3,0.30731638092063696,Medium,monitor_and_verify,"['observed_declining_trend', 'large_observed_decline']"
3504,content_acec32b9a99f,0.3070972460314076,Medium,monitor_and_verify,"['observed_declining_trend', 'large_observed_decline']"
3505,content_823fd81e88da,0.3069455822341096,Medium,monitor_and_verify,['model_signal_requires_review']
3506,content_0a76d4204a84,0.30678228740432184,Low,monitor_and_verify,['model_signal_requires_review']
3507,content_26d72e99775e,0.30640497237112774,Medium,monitor_and_verify,"['observed_declining_trend', 'large_observed_decline']"
3508,content_e04bb57b670a,0.30608278968203856,Low,monitor_and_verify,"['observed_declining_trend', 'large_observed_decline']"
3509,content_379411b9a6c3,0.3059326922941869,Low,monitor_and_verify,"['observed_declining_trend', 'large_observed_decline']"
3510,content_3450b1d3ade7,0.30585217015073546,Low,monitor_and_verify,['model_signal_requires_review']
3511,content_488f346b4086,0.30557421080127417,Low,monitor_and_verify,['model_signal_requires_review']
3512,content_3c3acade0e2c,0.30541655179115373,Low,monitor_and_verify,"['observed_declining_trend', 'large_observed_decline']"
3513,content_778a2ce1d5b7,0.305348895678078,Low,monitor_and_verify,['model_signal_requires_review']
3514,content_466386c747aa,0.30533144633629666,Medium,monitor_and_verify,['model_signal_requires_review']
3515,content_7b3e020817ae,0.30517091976209043,Low,monitor_and_verify,['model_signal_requires_review']
3516,content_733d46a38a79,0.3050027389797355,Low,monitor_and_verify,"['observed_declining_trend', 'large_observed_decline']"
3517,content_c28d92fa2e85,0.304980929346641,Low,monitor_and_verify,"['observed_declining_trend', 'large_observed_decline']"
3518,content_049c21f25031,0.30494107662571535,Low,monitor_and_verify,['model_signal_requires_review']
3519,content_36684976be1f,0.3048283442049377,Medium,monitor_and_verify,"['observed_declining_trend', 'large_observed_decline']"
3520,content_b324070623ea,0.3043289416489856,Low,monitor_and_verify,['model_signal_requires_review']
3521,content_5820260936ca,0.30419992997882617,Medium,monitor_and_verify,"['observed_declining_trend', 'large_observed_decline']"
3522,content_06521c9216a0,0.3036833674564426,Low,monitor_and_verify,['model_signal_requires_review']
3523,content_542ad143087e,0.303388666528185,Medium,monitor_and_verify,"['observed_declining_trend', 'large_observed_decline']"
3524,content_311a6d5b0704,0.30314258411589584,Medium,monitor_and_verify,['model_signal_requires_review']
3525,content_90e855751509,0.30290030841038135,Low,monitor_and_verify,"['observed_declining_trend', 'large_observed_decline']"
3526,content_59c260251c82,0.3028763118360256,Low,monitor_and_verify,['model_signal_requires_review']
3527,content_5b328cf43d53,0.30287246289310643,Medium,monitor_and_verify,"['observed_declining_trend', 'large_observed_decline']"
3528,content_f2eeaeefe9f1,0.302755513497292,Low,monitor_and_verify,['model_signal_requires_review']
3529,content_8ae4ab086c08,0.3026248282782034,Medium,monitor_and_verify,"['observed_declining_trend', 'large_observed_decline']"
3530,content_b39885a157fd,0.3024590838159552,Low,monitor_and_verify,"['observed_declining_trend', 'large_observed_decline']"
3531,content_3147d7f0b301,0.3023834366890566,Low,monitor_and_verify,['model_signal_requires_review']
3532,content_ccd5d403a598,0.30222866963285033,Low,monitor_and_verify,"['observed_declining_trend', 'large_observed_decline']"
3533,content_fe102fe99c2e,0.30217796613173825,Medium,monitor_and_verify,['model_signal_requires_review']
3534,content_79c794728c6b,0.3020194162934468,Medium,monitor_and_verify,['model_signal_requires_review']
3535,content_b1f6e3157229,0.30183463623758056,Low,monitor_and_verify,['model_signal_requires_review']
3536,content_80c0d41cdc85,0.3015391769420242,Low,monitor_and_verify,"['observed_declining_trend', 'large_observed_decline']"
3537,content_7119d5d9637d,0.301359625156397,Medium,monitor_and_verify,"['observed_declining_trend', 'large_observed_decline']"
3538,content_ec9b8e7a0da6,0.3013377898482005,Low,monitor_and_verify,"['observed_declining_trend', 'large_observed_decline']"
3539,content_dc55f7cfd39d,0.30132991446842233,Low,monitor_and_verify,['model_signal_requires_review']
3540,content_e428bc59072f,0.30129641142554897,Medium,monitor_and_verify,['model_signal_requires_review']
3541,content_d987db4e38fe,0.3012804642988199,Low,monitor_and_verify,"['observed_declining_trend', 'large_observed_decline']"
3542,content_14506ac672cb,0.3012618627288326,Low,monitor_and_verify,"['observed_declining_trend', 'large_observed_decline']"
3543,content_a86f00a2e0ce,0.3012180245167948,Medium,monitor_and_verify,['model_signal_requires_review']
3544,content_604700f57416,0.3010078303098411,Low,monitor_and_verify,"['observed_declining_trend', 'large_observed_decline']"
3545,content_014eefb7eeac,0.3010027574563794,Medium,monitor_and_verify,"['observed_declining_trend', 'large_observed_decline']"
3546,content_e4ef2cbd84c9,0.3009101614965046,Medium,monitor_and_verify,"['observed_declining_trend', 'large_observed_decline']"
3547,content_0ac90a7368b5,0.3008704440713283,Medium,monitor_and_verify,"['observed_declining_trend', 'large_observed_decline']"
3548,content_e56b47d2847f,0.300499511799091,Medium,monitor_and_verify,"['observed_declining_trend', 'large_observed_decline']"
3549,content_3c2d403aa461,0.300494256635338,Low,monitor_and_verify,"['observed_declining_trend', 'large_observed_decline']"
3550,content_b707d8ef5fd3,0.30049242459829356,Medium,monitor_and_verify,['model_signal_requires_review']
3551,content_4688b93476a1,0.30031223203192525,Low,monitor_and_verify,"['observed_declining_trend', 'large_observed_decline']"
3552,content_70ffd3d6e9c2,0.30005507518741753,Medium,monitor_and_verify,['model_signal_requires_review']
3553,content_6edf4065b1a5,0.29971471074853534,Medium,monitor_and_verify,"['observed_declining_trend', 'large_observed_decline']"
3554,content_2a2b09c5a18c,0.29954805952535435,Low,monitor_and_verify,"['observed_declining_trend', 'large_observed_decline']"
3555,content_a5ee2196b6f9,0.29945404204108994,Medium,monitor_and_verify,"['observed_declining_trend', 'large_observed_decline']"
3556,content_2b169d27d9e5,0.29934937710444515,Medium,monitor_and_verify,"['observed_declining_trend', 'large_observed_decline']"
3557,content_36454dbe0dba,0.29922507227435413,Medium,monitor_and_verify,['model_signal_requires_review']
3558,content_be180d34dddf,0.2987202065168948,Medium,monitor_and_verify,['model_signal_requires_review']
3559,content_201a4a56f4d6,0.29869837399909344,Low,monitor_and_verify,['model_signal_requires_review']
3560,content_3644cb1007be,0.298680107566802,Low,monitor_and_verify,"['observed_declining_trend', 'large_observed_decline']"
3561,content_307faca13155,0.2984751002891033,Medium,monitor_and_verify,['model_signal_requires_review']
3562,content_0c366323d241,0.2982997122794124,Low,monitor_and_verify,['model_signal_requires_review']
3563,content_59320b07d510,0.2982632181579998,Medium,monitor_and_verify,['model_signal_requires_review']
3564,content_1edbc8c5de7a,0.29821271227170043,Low,monitor_and_verify,"['observed_declining_trend', 'large_observed_decline']"
3565,content_6adb914d0e05,0.297957071304332,Low,monitor_and_verify,['model_signal_requires_review']
3566,content_b2a6bd1b302a,0.2976794381800311,Low,monitor_and_verify,['model_signal_requires_review']
3567,content_6604ce9c6b65,0.29758586853368557,Low,monitor_and_verify,['model_signal_requires_review']
3568,content_5dbab5726d5e,0.2975630004591672,Low,monitor_and_verify,['model_signal_requires_review']
3569,content_cc46276454a0,0.29754570016790466,Low,monitor_and_verify,['model_signal_requires_review']
3570,content_f52c1308a6e3,0.29725134126276115,Low,monitor_and_verify,['model_signal_requires_review']
3571,content_0b5ca97c254f,0.2972423281599246,Low,monitor_and_verify,['model_signal_requires_review']
3572,content_48934c596035,0.29717584807591646,Low,monitor_and_verify,['model_signal_requires_review']
3573,content_221bbee82734,0.2971507211841802,Medium,monitor_and_verify,['model_signal_requires_review']
3574,content_e03865e03821,0.29703113351046556,Low,monitor_and_verify,['model_signal_requires_review']
3575,content_680f612e343a,0.2968824102992818,Medium,monitor_and_verify,['model_signal_requires_review']
3576,content_4ebb11b334f1,0.296847128069441,Medium,monitor_and_verify,['model_signal_requires_review']
3577,content_a2724f91a165,0.29673194705566913,Medium,monitor_and_verify,"['observed_declining_trend', 'large_observed_decline']"
3578,content_4502b805a249,0.2967192187534746,Medium,monitor_and_verify,['model_signal_requires_review']
3579,content_ccd5e4c20eae,0.29668983494731915,Low,monitor_and_verify,['model_signal_requires_review']
3580,content_e6147cc5d806,0.2966275934921106,Medium,monitor_and_verify,"['observed_declining_trend', 'large_observed_decline']"
3581,content_6fd9a41894ee,0.2964512332492294,Medium,monitor_and_verify,['model_signal_requires_review']
3582,content_580c8f4bdc55,0.29637599739322695,Medium,monitor_and_verify,['model_signal_requires_review']
3583,content_5c5fab9d41e7,0.2963532067064701,Low,monitor_and_verify,['model_signal_requires_review']
3584,content_040cd062a4cd,0.2962516366832923,Low,monitor_and_verify,['model_signal_requires_review']
3585,content_8409c4fc0ce6,0.2961484579445605,Medium,monitor_and_verify,"['observed_declining_trend', 'large_observed_decline']"
3586,content_b902936750d5,0.2959846849063944,Low,monitor_and_verify,"['observed_declining_trend', 'large_observed_decline']"
3587,content_2ac5b691fa27,0.2957504349344813,Low,monitor_and_verify,"['observed_declining_trend', 'large_observed_decline']"
3588,content_8fd245d1965b,0.29569139490668,Low,monitor_and_verify,['model_signal_requires_review']
3589,content_082eb79ae608,0.2956127799921005,Low,monitor_and_verify,['model_signal_requires_review']
3590,content_e3ce3f8b5844,0.29547764348774186,Low,monitor_and_verify,"['observed_declining_trend', 'large_observed_decline']"
3591,content_729cc06d3477,0.29545162579780826,Low,monitor_and_verify,['model_signal_requires_review']
3592,content_42768733c331,0.29542595902486046,Medium,monitor_and_verify,['model_signal_requires_review']
3593,content_17a3d8717ebd,0.29542334707157425,Low,monitor_and_verify,['model_signal_requires_review']
3594,content_3f7b1c286f3a,0.2953933103481001,Medium,monitor_and_verify,"['observed_declining_trend', 'large_observed_decline']"
3595,content_7513d27c2d97,0.2952704650199197,Low,monitor_and_verify,['model_signal_requires_review']
3596,content_d5a4ba539dbc,0.29523904156217773,Medium,monitor_and_verify,['model_signal_requires_review']
3597,content_cff1608c60c4,0.2952166892034749,Low,monitor_and_verify,['model_signal_requires_review']
3598,content_58c4b92b92aa,0.29488830973900737,Low,monitor_and_verify,['model_signal_requires_review']
3599,content_617ce64d3266,0.2947854064973485,Low,monitor_and_verify,"['observed_declining_trend', 'large_observed_decline']"
3600,content_0d03464929b5,0.2947761831608968,Medium,monitor_and_verify,"['observed_declining_trend', 'large_observed_decline']"
3601,content_d376881f5bd0,0.2946428065551825,Medium,monitor_and_verify,"['observed_declining_trend', 'large_observed_decline']"
3602,content_2f99e0fa3453,0.2945619031827277,Medium,monitor_and_verify,['model_signal_requires_review']
3603,content_fc2cd6cb8533,0.2945253236735724,Low,monitor_and_verify,['model_signal_requires_review']
3604,content_983adc986531,0.29444617647458426,Medium,monitor_and_verify,['model_signal_requires_review']
3605,content_9d07d493fe5b,0.2943195431909535,Low,monitor_and_verify,"['observed_declining_trend', 'large_observed_decline']"
3606,content_ab58ad627e6b,0.2942392827539568,Medium,monitor_and_verify,"['observed_declining_trend', 'large_observed_decline']"
3607,content_6ae6efde2b86,0.29414437157958395,Low,monitor_and_verify,"['observed_declining_trend', 'large_observed_decline']"
3608,content_2da6ae9d0882,0.29412682417939645,Low,monitor_and_verify,"['observed_declining_trend', 'large_observed_decline']"
3609,content_93f606bd517c,0.2940485188067977,Medium,monitor_and_verify,"['observed_declining_trend', 'large_observed_decline']"
3610,content_a557ce775151,0.2940062630882454,Medium,monitor_and_verify,"['observed_declining_trend', 'large_observed_decline']"
3611,content_0969af623440,0.2937168476341854,Medium,monitor_and_verify,['model_signal_requires_review']
3612,content_1c78cae469ad,0.29371625496816967,Low,monitor_and_verify,"['observed_declining_trend', 'large_observed_decline']"
3613,content_073d53bacb8f,0.2935710877804704,Medium,monitor_and_verify,['model_signal_requires_review']
3614,content_cfbe919472e0,0.29355186482998363,Low,monitor_and_verify,['model_signal_requires_review']
3615,content_5b91e6eac7e3,0.29326357350837223,Low,monitor_and_verify,"['observed_declining_trend', 'large_observed_decline']"
3616,content_cbfbf617a0d1,0.2932589686980628,Low,monitor_and_verify,['model_signal_requires_review']
3617,content_d7827558d408,0.29324287670330956,Low,monitor_and_verify,"['observed_declining_trend', 'large_observed_decline']"
3618,content_d37b32691eb4,0.2932343569775104,Medium,monitor_and_verify,['model_signal_requires_review']
3619,content_ce1f9e5f2424,0.2931809680530496,Low,monitor_and_verify,"['observed_declining_trend', 'large_observed_decline']"
3620,content_1559ee264f78,0.2931024877869422,Medium,monitor_and_verify,['model_signal_requires_review']
3621,content_6db3a80d1145,0.2930602066164782,Medium,monitor_and_verify,"['observed_declining_trend', 'large_observed_decline']"
3622,content_46b360d48f83,0.2930090445468212,Low,monitor_and_verify,['model_signal_requires_review']
3623,content_1505ce3bb377,0.29297692406475134,Low,monitor_and_verify,['model_signal_requires_review']
3624,content_431dcffb5ea9,0.29285163238371315,Low,monitor_and_verify,['model_signal_requires_review']
3625,content_1c4abe3464d7,0.2928006404821525,Medium,monitor_and_verify,['model_signal_requires_review']
3626,content_35edaef5199e,0.2927090379823106,Medium,monitor_and_verify,"['observed_declining_trend', 'large_observed_decline']"
3627,content_d1f3eb45593b,0.29260038832916774,Medium,monitor_and_verify,['model_signal_requires_review']
3628,content_881635edbf8b,0.29250089083734826,Low,monitor_and_verify,['model_signal_requires_review']
3629,content_f58210f7b027,0.2924517141398824,Low,monitor_and_verify,['model_signal_requires_review']
3630,content_0e57843e6749,0.2923483833834732,Low,monitor_and_verify,['model_signal_requires_review']
3631,content_496f4619c97a,0.29228856681148957,Low,monitor_and_verify,['model_signal_requires_review']
3632,content_8e315039832c,0.2922830454878733,Low,monitor_and_verify,"['observed_declining_trend', 'large_observed_decline']"
3633,content_335a0d3403d5,0.29225804472339495,Medium,monitor_and_verify,['model_signal_requires_review']
3634,content_a6b316cab1a8,0.29219135820816283,Medium,monitor_and_verify,['model_signal_requires_review']
3635,content_2e9a77d03f78,0.2921318191898498,Low,monitor_and_verify,"['observed_declining_trend', 'large_observed_decline']"
3636,content_b954bc4acaad,0.29211383625701937,Low,monitor_and_verify,"['observed_declining_trend', 'large_observed_decline']"
3637,content_0c9e88b28d11,0.29182961834550836,Low,monitor_and_verify,"['observed_declining_trend', 'large_observed_decline']"
3638,content_02c4842fefe7,0.29173850886706437,Low,monitor_and_verify,['model_signal_requires_review']
3639,content_3ffc8a7a40ee,0.29149830875106386,Low,monitor_and_verify,['model_signal_requires_review']
3640,content_e7a2e37b6eff,0.291478773813832,Medium,monitor_and_verify,"['observed_declining_trend', 'large_observed_decline']"
3641,content_f8c66e2fcefd,0.29146783144702504,Medium,monitor_and_verify,['model_signal_requires_review']
3642,content_31ecff0e6412,0.291340950757045,Low,monitor_and_verify,['model_signal_requires_review']
3643,content_7ccd303329e2,0.29110841203324656,Medium,monitor_and_verify,['model_signal_requires_review']
3644,content_eb1633fa9519,0.2910815596520285,Medium,monitor_and_verify,"['observed_declining_trend', 'large_observed_decline']"
3645,content_adb019dcde61,0.29102925239535565,Medium,monitor_and_verify,['model_signal_requires_review']
3646,content_43a70ba6b218,0.2909984841202743,Medium,monitor_and_verify,"['observed_declining_trend', 'large_observed_decline']"
3647,content_2a649680041f,0.29088284073441145,Medium,monitor_and_verify,['model_signal_requires_review']
3648,content_8f1771536bb6,0.29087198314436125,Low,monitor_and_verify,['model_signal_requires_review']
3649,content_9f9167bde500,0.29087080851898356,Low,monitor_and_verify,['model_signal_requires_review']
3650,content_2ee8ae59b9c6,0.2908699546325526,Medium,monitor_and_verify,"['observed_declining_trend', 'large_observed_decline']"
3651,content_361736a1eea9,0.29062441831868435,Low,monitor_and_verify,"['observed_declining_trend', 'large_observed_decline']"
3652,content_e4d33e5e54a6,0.29048235598268835,Medium,monitor_and_verify,['model_signal_requires_review']
3653,content_d9fd8bb80909,0.29046741197808157,Medium,monitor_and_verify,"['observed_declining_trend', 'large_observed_decline']"
3654,content_8746651a8d7c,0.2903418909890034,Low,monitor_and_verify,"['observed_declining_trend', 'large_observed_decline']"
3655,content_2d517e68e168,0.29020735818152554,Low,monitor_and_verify,['model_signal_requires_review']
3656,content_0d497212b54b,0.29014154025261557,Medium,monitor_and_verify,['model_signal_requires_review']
3657,content_e420ff479117,0.2900961335263169,Medium,monitor_and_verify,['model_signal_requires_review']
3658,content_755581bf4f86,0.29007455079352557,Low,monitor_and_verify,"['observed_declining_trend', 'large_observed_decline']"
3659,content_777f6b11a8eb,0.29004687451424427,Medium,monitor_and_verify,"['observed_declining_trend', 'large_observed_decline']"
3660,content_0f9305fb9daa,0.2899985391537208,Medium,monitor_and_verify,"['observed_declining_trend', 'large_observed_decline']"
3661,content_83e97bdb0ea2,0.2899872033783323,Low,monitor_and_verify,['model_signal_requires_review']
3662,content_deabeb979acb,0.28990097029543105,Medium,monitor_and_verify,"['observed_declining_trend', 'large_observed_decline']"
3663,content_cbd542e4e064,0.28976920709817494,Medium,monitor_and_verify,"['observed_declining_trend', 'large_observed_decline']"
3664,content_485a5eb0adf0,0.28973845147765387,Medium,monitor_and_verify,['model_signal_requires_review']
3665,content_e5a8021fc0d9,0.28973434510669527,Low,monitor_and_verify,"['observed_declining_trend', 'large_observed_decline']"
3666,content_0ae4960b2e20,0.28960422591101725,Low,monitor_and_verify,"['observed_declining_trend', 'large_observed_decline']"
3667,content_40dceebf439d,0.2895631858517051,Low,monitor_and_verify,"['observed_declining_trend', 'large_observed_decline']"
3668,content_ed5667b58b1a,0.2894746540546588,Medium,monitor_and_verify,['model_signal_requires_review']
3669,content_019209346a55,0.2893711218463007,Low,monitor_and_verify,['model_signal_requires_review']
3670,content_faede57cfab7,0.2893706649415343,Low,monitor_and_verify,['model_signal_requires_review']
3671,content_fb4884e34467,0.28921996892729573,Low,monitor_and_verify,"['observed_declining_trend', 'large_observed_decline']"
3672,content_1c189411f713,0.28897665870882,Medium,monitor_and_verify,['model_signal_requires_review']
3673,content_4f6a7e2f3eec,0.288835971485679,Low,monitor_and_verify,['model_signal_requires_review']
3674,content_6ef3dcb7be11,0.2887119417166569,Medium,monitor_and_verify,"['observed_declining_trend', 'large_observed_decline']"
3675,content_1ff006fc1ff9,0.2885354924911324,Medium,monitor_and_verify,"['observed_declining_trend', 'large_observed_decline']"
3676,content_335f13ccec68,0.28847120957436917,Low,monitor_and_verify,['model_signal_requires_review']
3677,content_d337d54366ae,0.2882019620548568,Low,monitor_and_verify,['model_signal_requires_review']
3678,content_8c482a64a3df,0.2881347996386134,Low,monitor_and_verify,"['observed_declining_trend', 'large_observed_decline']"
3679,content_b79633beb5ba,0.28812406782514416,Medium,monitor_and_verify,['model_signal_requires_review']
3680,content_9efd1fabf7d5,0.28806976640892024,Medium,monitor_and_verify,"['observed_declining_trend', 'large_observed_decline']"
3681,content_1fd60831ce3e,0.2880125924962208,Medium,monitor_and_verify,"['observed_declining_trend', 'large_observed_decline']"
3682,content_a4188e703dee,0.28791727177343496,Medium,monitor_and_verify,"['observed_declining_trend', 'large_observed_decline']"
3683,content_06569aa7501b,0.2877767746124455,Low,monitor_and_verify,['model_signal_requires_review']
3684,content_69e05c36b3c7,0.287710834983242,Low,monitor_and_verify,"['observed_declining_trend', 'large_observed_decline']"
3685,content_413796c28a95,0.2875176725726026,Medium,monitor_and_verify,['model_signal_requires_review']
3686,content_66e131a41173,0.28748523667814574,Low,monitor_and_verify,['model_signal_requires_review']
3687,content_f69861481e07,0.2873065167951322,Medium,monitor_and_verify,"['observed_declining_trend', 'large_observed_decline']"
3688,content_74b2102682b9,0.28728554476281093,Low,monitor_and_verify,"['observed_declining_trend', 'large_observed_decline']"
3689,content_e31bcb95fda5,0.2872453109144099,Low,monitor_and_verify,['model_signal_requires_review']
3690,content_0e7efaeb2c67,0.2871872483543389,Low,monitor_and_verify,['model_signal_requires_review']
3691,content_eacbef5e9c0a,0.2871484237182104,Medium,monitor_and_verify,['model_signal_requires_review']
3692,content_9d4244b01f77,0.2871131026603572,Medium,monitor_and_verify,"['observed_declining_trend', 'large_observed_decline']"
3693,content_fb937217a0d0,0.287045496179865,Medium,monitor_and_verify,"['observed_declining_trend', 'large_observed_decline']"
3694,content_b76d7a9a5151,0.2870113754304177,Medium,monitor_and_verify,"['observed_declining_trend', 'large_observed_decline']"
3695,content_cc6c749bcdf2,0.2869887832718261,Low,monitor_and_verify,['model_signal_requires_review']
3696,content_878993918fc2,0.28692949297506914,Medium,monitor_and_verify,"['observed_declining_trend', 'large_observed_decline']"
3697,content_6d69230ca905,0.2869260194678961,Medium,monitor_and_verify,['model_signal_requires_review']
3698,content_bb53ef182899,0.28689118046859036,Medium,monitor_and_verify,['model_signal_requires_review']
3699,content_5fd9b6333fae,0.2868171283734183,Medium,monitor_and_verify,['model_signal_requires_review']
3700,content_7b4261f5afa3,0.2867154200694261,Medium,monitor_and_verify,['model_signal_requires_review']
3701,content_363341185eb0,0.28671478807401946,Medium,monitor_and_verify,"['observed_declining_trend', 'large_observed_decline']"
3702,content_3b11268af36e,0.286674526489354,Low,monitor_and_verify,['model_signal_requires_review']
3703,content_3f7dbbd55f0c,0.2862285504198636,Low,monitor_and_verify,"['observed_declining_trend', 'large_observed_decline']"
3704,content_a138ab3bd14d,0.28616017469424826,Low,monitor_and_verify,"['observed_declining_trend', 'large_observed_decline']"
3705,content_8eb7e7713256,0.28613281336895696,Medium,monitor_and_verify,"['observed_declining_trend', 'large_observed_decline']"
3706,content_f57b0c6391fb,0.28606627016604225,Medium,monitor_and_verify,"['observed_declining_trend', 'large_observed_decline']"
3707,content_a90a92380af2,0.2860384969611293,Low,monitor_and_verify,['model_signal_requires_review']
3708,content_8b088301586d,0.28592032190744693,Low,monitor_and_verify,"['observed_declining_trend', 'large_observed_decline']"
3709,content_bc009cb0995a,0.2858632130124957,Medium,monitor_and_verify,['model_signal_requires_review']
3710,content_0f4f808958c4,0.2858361193903547,Medium,monitor_and_verify,['model_signal_requires_review']
3711,content_9f8414c1ede7,0.2857526643148549,Medium,monitor_and_verify,"['observed_declining_trend', 'large_observed_decline']"
3712,content_039a9883f6ec,0.28571345005563414,Medium,monitor_and_verify,['model_signal_requires_review']
3713,content_eac9815a500f,0.2855976690058999,Medium,monitor_and_verify,"['observed_declining_trend', 'large_observed_decline']"
3714,content_5cadc087c21a,0.285530239156311,Medium,monitor_and_verify,"['observed_declining_trend', 'large_observed_decline']"
3715,content_12772dadb083,0.2855142500169733,Low,monitor_and_verify,"['observed_declining_trend', 'large_observed_decline']"
3716,content_5edd8f8493ed,0.28548927214961806,Medium,monitor_and_verify,"['observed_declining_trend', 'large_observed_decline']"
3717,content_a398152fa8e5,0.2854420040164429,Medium,monitor_and_verify,"['observed_declining_trend', 'large_observed_decline']"
3718,content_384c96b54551,0.2853399796571292,Medium,monitor_and_verify,"['observed_declining_trend', 'large_observed_decline']"
3719,content_d5c4f67a138c,0.28533370436247324,Medium,monitor_and_verify,['model_signal_requires_review']
3720,content_aeb5d182368b,0.2852968452101792,Low,monitor_and_verify,['model_signal_requires_review']
3721,content_2a99104da82a,0.28513892520034434,Low,monitor_and_verify,['model_signal_requires_review']
3722,content_6de8c512827f,0.284922746209494,Medium,monitor_and_verify,['model_signal_requires_review']
3723,content_b45048bf83d0,0.28491671224335885,Medium,monitor_and_verify,"['observed_declining_trend', 'large_observed_decline']"
3724,content_2e18e12a751b,0.2849027421052349,Medium,monitor_and_verify,['model_signal_requires_review']
3725,content_e6ac4ef9f617,0.28490080679125174,Medium,monitor_and_verify,['model_signal_requires_review']
3726,content_09b9a4d97410,0.28487705099318766,Medium,monitor_and_verify,"['observed_declining_trend', 'large_observed_decline']"
3727,content_60cafa032724,0.2848052402214361,Medium,monitor_and_verify,"['observed_declining_trend', 'large_observed_decline']"
3728,content_73ea2e79f832,0.28477666039006566,Low,monitor_and_verify,['model_signal_requires_review']
3729,content_2eab8676deaf,0.2847656002237537,Medium,monitor_and_verify,"['observed_declining_trend', 'large_observed_decline']"
3730,content_39e99864636d,0.2846978377422339,Low,monitor_and_verify,"['observed_declining_trend', 'large_observed_decline']"
3731,content_11bc0410d988,0.28468588148603036,Medium,monitor_and_verify,['model_signal_requires_review']
3732,content_fdab4c5e61d2,0.2846643204536359,Medium,monitor_and_verify,['model_signal_requires_review']
3733,content_bcf1b6a7a986,0.2846018892019978,Medium,monitor_and_verify,"['observed_declining_trend', 'large_observed_decline']"
3734,content_3ed23197a086,0.28459343390936404,Low,monitor_and_verify,['model_signal_requires_review']
3735,content_4de8c62603bf,0.2845229955362937,Low,monitor_and_verify,"['observed_declining_trend', 'large_observed_decline']"
3736,content_ab63f35e0525,0.2845229955362937,Low,monitor_and_verify,"['observed_declining_trend', 'large_observed_decline']"
3737,content_7d147b1c4115,0.28446595068221736,Low,monitor_and_verify,"['observed_declining_trend', 'large_observed_decline']"
3738,content_6ef6a4c45ebe,0.28442489906310325,Medium,monitor_and_verify,['model_signal_requires_review']
3739,content_3283dafb666d,0.28442251171944116,Low,monitor_and_verify,"['observed_declining_trend', 'large_observed_decline']"
3740,content_ea65024247a2,0.2844056943572386,Medium,monitor_and_verify,['model_signal_requires_review']
3741,content_fa6cee5c6d39,0.2844028753856319,Low,monitor_and_verify,"['observed_declining_trend', 'large_observed_decline']"
3742,content_2fbf317387d5,0.28434326357897155,Medium,monitor_and_verify,['model_signal_requires_review']
3743,content_da45945bccb8,0.2842965883284258,Low,monitor_and_verify,['model_signal_requires_review']
3744,content_07915fe7c4d1,0.28424543200065044,Medium,monitor_and_verify,['model_signal_requires_review']
3745,content_8f10833e3ef2,0.2842217421415361,Low,monitor_and_verify,"['observed_declining_trend', 'large_observed_decline']"
3746,content_5fa0d2041379,0.2841305337402472,Low,monitor_and_verify,['model_signal_requires_review']
3747,content_8fb3cacf624f,0.2839786996430858,Medium,monitor_and_verify,"['observed_declining_trend', 'large_observed_decline']"
3748,content_dde90787c795,0.28393664764465343,Medium,monitor_and_verify,['model_signal_requires_review']
3749,content_942399f999b7,0.28386296937254474,Low,monitor_and_verify,"['observed_declining_trend', 'large_observed_decline']"
3750,content_081c68229e69,0.2838437640541323,Medium,monitor_and_verify,['model_signal_requires_review']
3751,content_69dfd503ee88,0.2837991771672251,Medium,monitor_and_verify,['model_signal_requires_review']
3752,content_c9189c302ff1,0.28371939960635684,Medium,monitor_and_verify,"['observed_declining_trend', 'large_observed_decline']"
3753,content_f71a6b4573d3,0.2837119816643528,Low,monitor_and_verify,['model_signal_requires_review']
3754,content_ac3d60f67cb8,0.2836950030553688,Low,monitor_and_verify,['model_signal_requires_review']
3755,content_bf54f1b66e17,0.2836643135228341,Medium,monitor_and_verify,"['observed_declining_trend', 'large_observed_decline']"
3756,content_5d5653c4eb4f,0.2835867242480479,Low,monitor_and_verify,['model_signal_requires_review']
3757,content_bf9940e614a3,0.28356192303348843,Low,monitor_and_verify,['model_signal_requires_review']
3758,content_e084d7507dab,0.2835065641126718,Low,monitor_and_verify,['model_signal_requires_review']
3759,content_2e0b3dc70916,0.283463984130542,Medium,monitor_and_verify,['model_signal_requires_review']
3760,content_fe6d650abc0d,0.28345110010535235,Medium,monitor_and_verify,"['observed_declining_trend', 'large_observed_decline']"
3761,content_ffa457ea510f,0.28341656930594167,Medium,monitor_and_verify,['model_signal_requires_review']
3762,content_3d8dbd98077e,0.28326523865266834,Low,monitor_and_verify,['model_signal_requires_review']
3763,content_ee28deeee58f,0.2831305665852782,Medium,monitor_and_verify,['model_signal_requires_review']
3764,content_7bad04a02737,0.28312492234112685,Low,monitor_and_verify,['model_signal_requires_review']
3765,content_614f5408eab2,0.2830747666460144,Low,monitor_and_verify,['model_signal_requires_review']
3766,content_e25f201f9014,0.28306332641858906,Low,monitor_and_verify,"['observed_declining_trend', 'large_observed_decline']"
3767,content_7ac35f30c3aa,0.2827784645963412,Low,monitor_and_verify,['model_signal_requires_review']
3768,content_3e46637d13e0,0.2827493830548166,Low,monitor_and_verify,"['observed_declining_trend', 'large_observed_decline']"
3769,content_179cf283f9f5,0.2826585789841553,Low,monitor_and_verify,"['observed_declining_trend', 'large_observed_decline']"
3770,content_df8e9474900c,0.28264357816018565,Medium,monitor_and_verify,['model_signal_requires_review']
3771,content_83100747c9cb,0.2826333454441786,Low,monitor_and_verify,['model_signal_requires_review']
3772,content_cb317a98d402,0.2825965574245254,Medium,monitor_and_verify,"['observed_declining_trend', 'large_observed_decline']"
3773,content_5d5a8a61e23b,0.28258839795827084,Medium,monitor_and_verify,['model_signal_requires_review']
3774,content_d2ee474d8489,0.28254888274798257,Low,monitor_and_verify,['model_signal_requires_review']
3775,content_abea74cf6a51,0.28254368335873215,Low,monitor_and_verify,"['observed_declining_trend', 'large_observed_decline']"
3776,content_5b7fb45e8435,0.28254218216818733,Medium,monitor_and_verify,['model_signal_requires_review']
3777,content_cd145ae2eb8c,0.28250892715649056,Medium,monitor_and_verify,"['observed_declining_trend', 'large_observed_decline']"
3778,content_c2bebd7cefa3,0.2824665644424315,Medium,monitor_and_verify,"['observed_declining_trend', 'large_observed_decline']"
3779,content_46d4b8ad705c,0.282378039289033,Medium,monitor_and_verify,"['observed_declining_trend', 'large_observed_decline']"
3780,content_6334610e2b03,0.28237175060940195,Low,monitor_and_verify,['model_signal_requires_review']
3781,content_0f13b329aacb,0.2823687283193648,Low,monitor_and_verify,"['observed_declining_trend', 'large_observed_decline']"
3782,content_825a9788af8d,0.28232804491854574,Medium,monitor_and_verify,"['observed_declining_trend', 'large_observed_decline']"
3783,content_3921a7d7066d,0.28228288222942854,Medium,monitor_and_verify,['model_signal_requires_review']
3784,content_452b4dcb2c2a,0.28206527118142233,Low,monitor_and_verify,['model_signal_requires_review']
3785,content_e83d674179f4,0.28197060007680336,Medium,monitor_and_verify,['model_signal_requires_review']
3786,content_1ce4fc771953,0.2819512999454994,Low,monitor_and_verify,"['observed_declining_trend', 'large_observed_decline']"
3787,content_a1b22f60cfdd,0.2817124674903692,Low,monitor_and_verify,['model_signal_requires_review']
3788,content_18ec38232eba,0.28159493539190583,Medium,monitor_and_verify,['model_signal_requires_review']
3789,content_ac2e5217e4f1,0.2815878477723542,Low,monitor_and_verify,['model_signal_requires_review']
3790,content_8c4071232533,0.28155240532034886,Medium,monitor_and_verify,['model_signal_requires_review']
3791,content_bc9233c49b68,0.2814602094746057,Medium,monitor_and_verify,['model_signal_requires_review']
3792,content_abb29e3b1f19,0.28144842591827834,Low,monitor_and_verify,['model_signal_requires_review']
3793,content_808ba8c29edb,0.2812911645523315,Low,monitor_and_verify,"['observed_declining_trend', 'large_observed_decline']"
3794,content_3a66c4cb0b7c,0.28127391769976,Medium,monitor_and_verify,"['observed_declining_trend', 'large_observed_decline']"
3795,content_7ca01a22d3f9,0.281271905500664,Medium,monitor_and_verify,"['observed_declining_trend', 'large_observed_decline']"
3796,content_82147211de4c,0.28125615507134955,Medium,monitor_and_verify,['model_signal_requires_review']
3797,content_196499f19764,0.28119094724239524,Medium,monitor_and_verify,['model_signal_requires_review']
3798,content_5d8a509aff52,0.28109366941704794,Medium,monitor_and_verify,['model_signal_requires_review']
3799,content_a2de21b4327d,0.2810732321669708,Medium,monitor_and_verify,"['observed_declining_trend', 'large_observed_decline']"
3800,content_ed46f81f54d1,0.28102081546753044,Medium,monitor_and_verify,"['observed_declining_trend', 'large_observed_decline']"
3801,content_b9f24b9a4aba,0.2809567587200926,Medium,monitor_and_verify,['model_signal_requires_review']
3802,content_d3911d52eb83,0.2809260108939371,Medium,monitor_and_verify,['model_signal_requires_review']
3803,content_0ac51e0dae75,0.280897338119943,Medium,monitor_and_verify,['model_signal_requires_review']
3804,content_db4f5dd49b48,0.28062805655811546,Low,monitor_and_verify,['model_signal_requires_review']
3805,content_90facfd9585c,0.28051560481721316,Low,monitor_and_verify,['model_signal_requires_review']
3806,content_da45ecf1bf77,0.28050785976388054,Low,monitor_and_verify,"['observed_declining_trend', 'large_observed_decline']"
3807,content_7d608decaea5,0.2803909490708152,Low,monitor_and_verify,['model_signal_requires_review']
3808,content_2851eb1b0839,0.2803820254715433,Medium,monitor_and_verify,"['observed_declining_trend', 'large_observed_decline']"
3809,content_3d49ab508c58,0.28035291044194227,Low,monitor_and_verify,"['observed_declining_trend', 'large_observed_decline']"
3810,content_aa1b658b630d,0.28034550557866306,Medium,monitor_and_verify,['model_signal_requires_review']
3811,content_377ac4e989ab,0.2803412836295905,Low,monitor_and_verify,"['observed_declining_trend', 'large_observed_decline']"
3812,content_426c066da61c,0.2802456638050182,Low,monitor_and_verify,['model_signal_requires_review']
3813,content_e4d8e2c97976,0.28022319383785044,Medium,monitor_and_verify,['model_signal_requires_review']
3814,content_845548b95290,0.2801649016946571,Medium,monitor_and_verify,"['observed_declining_trend', 'large_observed_decline']"
3815,content_baffc5401eda,0.28015049844000706,Medium,monitor_and_verify,['model_signal_requires_review']
3816,content_2b1e7392a914,0.28014882131367425,Low,monitor_and_verify,"['observed_declining_trend', 'large_observed_decline']"
3817,content_37428ab36250,0.28012214982128464,Low,monitor_and_verify,"['observed_declining_trend', 'large_observed_decline']"
3818,content_dcd0ea5b0fea,0.28009409519497863,Medium,monitor_and_verify,"['observed_declining_trend', 'large_observed_decline']"
3819,content_8d3971bfd976,0.2800283340793236,Medium,monitor_and_verify,"['observed_declining_trend', 'large_observed_decline']"
3820,content_e38fa75ec230,0.27999426626846746,Medium,monitor_and_verify,['model_signal_requires_review']
3821,content_d82e950a6d46,0.2799523533520606,Low,monitor_and_verify,['model_signal_requires_review']
3822,content_0692208777c2,0.27990782196235636,Medium,monitor_and_verify,"['observed_declining_trend', 'large_observed_decline']"
3823,content_90f84ecc4cca,0.27990530685242826,Low,monitor_and_verify,"['observed_declining_trend', 'large_observed_decline']"
3824,content_dceedb71df1d,0.27983468721999083,Low,monitor_and_verify,"['observed_declining_trend', 'large_observed_decline']"
3825,content_bba155c5f227,0.2797782907260506,Medium,monitor_and_verify,['model_signal_requires_review']
3826,content_ee7f28fec27a,0.2797782907260506,Medium,monitor_and_verify,"['observed_declining_trend', 'large_observed_decline']"
3827,content_bd42ced1f902,0.27961672781353486,Medium,monitor_and_verify,"['observed_declining_trend', 'large_observed_decline']"
3828,content_9f9191609d84,0.27948110061594067,Low,monitor_and_verify,['model_signal_requires_review']
3829,content_8d0c7eec258a,0.27942905858231126,Low,monitor_and_verify,['model_signal_requires_review']
3830,content_7750e901635d,0.2791499962611899,Medium,monitor_and_verify,['model_signal_requires_review']
3831,content_c88df307576d,0.27913470109599736,Medium,monitor_and_verify,['model_signal_requires_review']
3832,content_95d3a6437b56,0.27912851177466996,Low,monitor_and_verify,"['observed_declining_trend', 'large_observed_decline']"
3833,content_cd03fd02ad0f,0.27912497055658153,Low,monitor_and_verify,"['observed_declining_trend', 'large_observed_decline']"
3834,content_9e6c26757e7b,0.27911238476251443,Low,monitor_and_verify,"['observed_declining_trend', 'large_observed_decline']"
3835,content_72dbc1d0c990,0.27905585847999054,Medium,monitor_and_verify,"['observed_declining_trend', 'large_observed_decline']"
3836,content_d8fa2f16a127,0.2790487328955188,Low,monitor_and_verify,['model_signal_requires_review']
3837,content_576a0f27a454,0.2789764658678967,Medium,monitor_and_verify,['model_signal_requires_review']
3838,content_08eb507fdfc2,0.2789747817806125,Medium,monitor_and_verify,['model_signal_requires_review']
3839,content_896a19677baf,0.2789550847382454,Medium,monitor_and_verify,['model_signal_requires_review']
3840,content_d831e97bab46,0.2789541812457219,Medium,monitor_and_verify,['model_signal_requires_review']
3841,content_7c92e86bf407,0.27887056026821017,Low,monitor_and_verify,"['observed_declining_trend', 'large_observed_decline']"
3842,content_3e8b99272731,0.2787524939029063,Low,monitor_and_verify,['model_signal_requires_review']
3843,content_5eda48e9e42e,0.2786250206495055,Medium,monitor_and_verify,"['observed_declining_trend', 'large_observed_decline']"
3844,content_03b2146a6662,0.2785796666239243,Low,monitor_and_verify,"['observed_declining_trend', 'large_observed_decline']"
3845,content_6aab4f66d067,0.27857903710188386,Medium,monitor_and_verify,"['observed_declining_trend', 'large_observed_decline']"
3846,content_9748c5853fe6,0.2785487423259613,Low,monitor_and_verify,"['observed_declining_trend', 'large_observed_decline']"
3847,content_da5d26410ae1,0.2785254822516246,Medium,monitor_and_verify,['model_signal_requires_review']
3848,content_0371fc7cdb0a,0.27847324146571173,Medium,monitor_and_verify,['model_signal_requires_review']
3849,content_556f0ae1769f,0.27844983132580614,Medium,monitor_and_verify,['model_signal_requires_review']
3850,content_edd947dc0774,0.2784339693580939,Low,monitor_and_verify,"['observed_declining_trend', 'large_observed_decline']"
3851,content_172a70b37b72,0.27837554971092354,Low,monitor_and_verify,"['observed_declining_trend', 'large_observed_decline']"
3852,content_6a25547cf30b,0.2783716701727802,Medium,monitor_and_verify,"['observed_declining_trend', 'large_observed_decline']"
3853,content_82837d50572c,0.27824497924737346,Medium,monitor_and_verify,['model_signal_requires_review']
3854,content_cc0fbd76e442,0.27818314660640125,Medium,monitor_and_verify,"['observed_declining_trend', 'large_observed_decline']"
3855,content_827b209fa167,0.2781381942165427,Low,monitor_and_verify,"['observed_declining_trend', 'large_observed_decline']"
3856,content_3e8ab67ce1b6,0.2781012800850216,Medium,monitor_and_verify,['model_signal_requires_review']
3857,content_6b296ae2c02f,0.27805427065932053,Medium,monitor_and_verify,['model_signal_requires_review']
3858,content_9ca7b8be5901,0.2779907881008647,Medium,monitor_and_verify,"['observed_declining_trend', 'large_observed_decline']"
3859,content_a080bd4f0f51,0.277975351174215,Medium,monitor_and_verify,"['observed_declining_trend', 'large_observed_decline']"
3860,content_f8b957de1e87,0.2779664051714858,Low,monitor_and_verify,['model_signal_requires_review']
3861,content_2f002563e9cd,0.27793645919396776,Low,monitor_and_verify,"['observed_declining_trend', 'large_observed_decline']"
3862,content_8454508fb369,0.2779200681715363,Low,monitor_and_verify,['model_signal_requires_review']
3863,content_204ed30f3639,0.2777843809586826,Low,monitor_and_verify,['model_signal_requires_review']
3864,content_5c8d86efbed3,0.27777507258625483,Medium,monitor_and_verify,"['observed_declining_trend', 'large_observed_decline']"
3865,content_09c517a3b56d,0.2777664431837214,Medium,monitor_and_verify,"['observed_declining_trend', 'large_observed_decline']"
3866,content_cb5611d87825,0.2777663876281144,Medium,monitor_and_verify,"['observed_declining_trend', 'large_observed_decline']"
3867,content_d81c15506dff,0.27771892321289227,Low,monitor_and_verify,"['observed_declining_trend', 'large_observed_decline']"
3868,content_e06891410fdf,0.2776983515953552,Low,monitor_and_verify,['model_signal_requires_review']
3869,content_dbaf899fbd96,0.2776468511626157,Low,monitor_and_verify,"['observed_declining_trend', 'large_observed_decline']"
3870,content_24ddfbbb780c,0.27762924541152884,Low,monitor_and_verify,"['observed_declining_trend', 'large_observed_decline']"
3871,content_74bb05d20f93,0.2775664585626072,Low,monitor_and_verify,['model_signal_requires_review']
3872,content_880c2fc00805,0.2775026802036369,Low,monitor_and_verify,['model_signal_requires_review']
3873,content_cdc670392ad0,0.27749823733436885,Medium,monitor_and_verify,"['observed_declining_trend', 'large_observed_decline']"
3874,content_ed6d0c40cf19,0.27741700318603324,Medium,monitor_and_verify,"['observed_declining_trend', 'large_observed_decline']"
3875,content_33da44cb09c9,0.27738119385953053,Medium,monitor_and_verify,"['observed_declining_trend', 'large_observed_decline']"
3876,content_1fd355fd66fa,0.2773359630568795,Low,monitor_and_verify,['model_signal_requires_review']
3877,content_a60a1d127749,0.27732129495282726,Medium,monitor_and_verify,['model_signal_requires_review']
3878,content_562545a23ace,0.2772867943118936,Low,monitor_and_verify,"['observed_declining_trend', 'large_observed_decline']"
3879,content_c55f5b73d663,0.27723928434493755,Medium,monitor_and_verify,['model_signal_requires_review']
3880,content_c2fd16a452da,0.27721288787546133,Medium,monitor_and_verify,['model_signal_requires_review']
3881,content_80be70a84a56,0.2772036200106154,Low,monitor_and_verify,"['observed_declining_trend', 'large_observed_decline']"
3882,content_fb87e6cf60af,0.2771356021427762,Medium,monitor_and_verify,['model_signal_requires_review']
3883,content_620e9c1f98e4,0.2771004061657141,Low,monitor_and_verify,['model_signal_requires_review']
3884,content_a145d3a84a67,0.2770110276518524,Low,monitor_and_verify,['model_signal_requires_review']
3885,content_20073d619610,0.2769329169220298,Medium,monitor_and_verify,"['observed_declining_trend', 'large_observed_decline']"
3886,content_45797cfda857,0.27688708708911575,Medium,monitor_and_verify,"['observed_declining_trend', 'large_observed_decline']"
3887,content_0c44f8669d62,0.27683186331139586,Medium,monitor_and_verify,"['observed_declining_trend', 'large_observed_decline']"
3888,content_5b2b722628c2,0.27661168114365237,Low,monitor_and_verify,['model_signal_requires_review']
3889,content_01c129ed7519,0.27659607667992236,Medium,monitor_and_verify,['model_signal_requires_review']
3890,content_16a73fa3a0e3,0.27654186445894885,Low,monitor_and_verify,"['observed_declining_trend', 'large_observed_decline']"
3891,content_313cd30d5631,0.2765120692046369,Low,monitor_and_verify,['model_signal_requires_review']
3892,content_eac627facfe5,0.2764161402924835,Low,monitor_and_verify,"['observed_declining_trend', 'large_observed_decline']"
3893,content_9ecd60ff3bca,0.27637189487195996,Medium,monitor_and_verify,"['observed_declining_trend', 'large_observed_decline']"
3894,content_5c8315e9eb01,0.276356175512039,Medium,monitor_and_verify,"['observed_declining_trend', 'large_observed_decline']"
3895,content_c6ee1892f44b,0.2763401932456606,Low,monitor_and_verify,['model_signal_requires_review']
3896,content_ef5839d610a3,0.2763368068136985,Medium,monitor_and_verify,"['observed_declining_trend', 'large_observed_decline']"
3897,content_fc1213c8f132,0.276315188983148,Low,monitor_and_verify,['model_signal_requires_review']
3898,content_c9666ca71957,0.2762441810942062,Medium,monitor_and_verify,['model_signal_requires_review']
3899,content_7e5ae8620fc5,0.27616659594647,Medium,monitor_and_verify,['model_signal_requires_review']
3900,content_77ac7d024218,0.2761530134111762,Medium,monitor_and_verify,"['observed_declining_trend', 'large_observed_decline']"
3901,content_d9a643e38a0f,0.2761377266353584,Medium,monitor_and_verify,['model_signal_requires_review']
3902,content_2f302204c451,0.2760792602869472,Medium,monitor_and_verify,"['observed_declining_trend', 'large_observed_decline']"
3903,content_2e9e0028cfa7,0.2760332518424486,Medium,monitor_and_verify,"['observed_declining_trend', 'large_observed_decline']"
3904,content_dbaef7ab8871,0.27590777448189796,Low,monitor_and_verify,['model_signal_requires_review']
3905,content_99fb3a5b96a6,0.2758961668970178,Medium,monitor_and_verify,"['observed_declining_trend', 'large_observed_decline']"
3906,content_a3244ad461ce,0.2758892920662311,Low,monitor_and_verify,"['observed_declining_trend', 'large_observed_decline']"
3907,content_58ff81fdb177,0.27587366288850707,Medium,monitor_and_verify,"['observed_declining_trend', 'large_observed_decline']"
3908,content_d3a5200984de,0.27583331100531383,Low,monitor_and_verify,['model_signal_requires_review']
3909,content_80dd61da7ce1,0.275780405303379,Low,monitor_and_verify,['model_signal_requires_review']
3910,content_6560653b173e,0.27575439035658383,Low,monitor_and_verify,['model_signal_requires_review']
3911,content_ccc7c67a69ba,0.2757435205523773,Low,monitor_and_verify,['model_signal_requires_review']
3912,content_17c2de35424d,0.2757403651559268,Low,monitor_and_verify,['model_signal_requires_review']
3913,content_2514cbcf6384,0.27573942721441475,Medium,monitor_and_verify,['model_signal_requires_review']
3914,content_65cd1264927a,0.2757383280939486,Low,monitor_and_verify,"['observed_declining_trend', 'large_observed_decline']"
3915,content_15cfbe902e41,0.275668535897287,Medium,monitor_and_verify,"['observed_declining_trend', 'large_observed_decline']"
3916,content_5d935a36c301,0.2755861522073971,Medium,monitor_and_verify,['model_signal_requires_review']
3917,content_045784691835,0.27558155466944967,Low,monitor_and_verify,['model_signal_requires_review']
3918,content_35b6af913d68,0.27554318887013796,Medium,monitor_and_verify,"['observed_declining_trend', 'large_observed_decline']"
3919,content_cc4b9034027c,0.27552823148053396,Low,monitor_and_verify,['model_signal_requires_review']
3920,content_1287402b44f4,0.2755153240093815,Medium,monitor_and_verify,"['observed_declining_trend', 'large_observed_decline']"
3921,content_a160323051fe,0.27540947632010093,Low,monitor_and_verify,"['observed_declining_trend', 'large_observed_decline']"
3922,content_91fa6e846341,0.2753891180753538,Low,monitor_and_verify,"['observed_declining_trend', 'large_observed_decline']"
3923,content_8ae493fb4fb8,0.2753774953269767,Medium,monitor_and_verify,['model_signal_requires_review']
3924,content_824bd8704dd8,0.2752725876789866,Medium,monitor_and_verify,"['observed_declining_trend', 'large_observed_decline']"
3925,content_1180705d05bb,0.2752474747365399,Low,monitor_and_verify,"['observed_declining_trend', 'large_observed_decline']"
3926,content_cad6ddf10c7f,0.2751900330240924,Medium,monitor_and_verify,"['observed_declining_trend', 'large_observed_decline']"
3927,content_f14e5d1984c9,0.275137928472671,Low,monitor_and_verify,['model_signal_requires_review']
3928,content_6cb62b0178a7,0.27509208024056375,Low,monitor_and_verify,['model_signal_requires_review']
3929,content_b33ed571eded,0.27506534610344974,Medium,monitor_and_verify,['model_signal_requires_review']
3930,content_3b55249bbf1a,0.275054581722429,Low,monitor_and_verify,['model_signal_requires_review']
3931,content_7995b28bf42b,0.2748734792339621,Medium,monitor_and_verify,['model_signal_requires_review']
3932,content_accceffe127e,0.274864944493819,Low,monitor_and_verify,"['observed_declining_trend', 'large_observed_decline']"
3933,content_02023546b403,0.27482240917569245,Medium,monitor_and_verify,['model_signal_requires_review']
3934,content_520c30e40873,0.27481842595808376,Medium,monitor_and_verify,['model_signal_requires_review']
3935,content_6501dc199c51,0.2747461028992817,Low,monitor_and_verify,"['observed_declining_trend', 'large_observed_decline']"
3936,content_373ec112d46d,0.27469773098078726,Medium,monitor_and_verify,"['observed_declining_trend', 'large_observed_decline']"
3937,content_c83476e39f7d,0.27457501781211985,Low,monitor_and_verify,['model_signal_requires_review']
3938,content_2525189bc72e,0.27456596317319676,Medium,monitor_and_verify,"['observed_declining_trend', 'large_observed_decline']"
3939,content_ccd09746f607,0.2745226407075767,Medium,monitor_and_verify,"['observed_declining_trend', 'large_observed_decline']"
3940,content_dc7b81fd2fff,0.27451330896069925,Low,monitor_and_verify,"['observed_declining_trend', 'large_observed_decline']"
3941,content_0b5580e79dfc,0.2744571846878866,Medium,monitor_and_verify,"['observed_declining_trend', 'large_observed_decline']"
3942,content_5f60288fa383,0.2744195073834812,Low,monitor_and_verify,['model_signal_requires_review']
3943,content_15cb6f57162b,0.2743929045622893,Medium,monitor_and_verify,"['observed_declining_trend', 'large_observed_decline']"
3944,content_8d2efba45f13,0.2743591935351867,Low,monitor_and_verify,"['observed_declining_trend', 'large_observed_decline']"
3945,content_f58b02bde09e,0.27425633123714876,Low,monitor_and_verify,"['observed_declining_trend', 'large_observed_decline']"
3946,content_ba260429079f,0.27421681407435433,Low,monitor_and_verify,['model_signal_requires_review']
3947,content_e50271b2ab15,0.2741175366979429,Medium,monitor_and_verify,['model_signal_requires_review']
3948,content_b028e7b30ae6,0.27393205033066487,Medium,monitor_and_verify,['model_signal_requires_review']
3949,content_67e4b2c00ef9,0.2738558401925777,Low,monitor_and_verify,"['observed_declining_trend', 'large_observed_decline']"
3950,content_60f6f7c82d6c,0.2737367341406419,Low,monitor_and_verify,['model_signal_requires_review']
3951,content_a35029d5d818,0.2737247230948024,Low,monitor_and_verify,['model_signal_requires_review']
3952,content_d1e915d03c28,0.27368174501025755,Low,monitor_and_verify,"['observed_declining_trend', 'large_observed_decline']"
3953,content_3d1a10b227a0,0.2736074461105156,Medium,monitor_and_verify,"['observed_declining_trend', 'large_observed_decline']"
3954,content_e7b4e9967ffa,0.2735787351083306,Low,monitor_and_verify,"['observed_declining_trend', 'large_observed_decline']"
3955,content_573ec61cc996,0.27352107235494383,Low,monitor_and_verify,"['observed_declining_trend', 'large_observed_decline']"
3956,content_c8e7e069617c,0.27351563186320654,Low,monitor_and_verify,['model_signal_requires_review']
3957,content_c5160f58ce24,0.27343929719191373,Low,monitor_and_verify,"['observed_declining_trend', 'large_observed_decline']"
3958,content_b40e32d5df10,0.27329771531038716,Low,monitor_and_verify,['model_signal_requires_review']
3959,content_7385e90f8a18,0.27327494640483996,Medium,monitor_and_verify,['model_signal_requires_review']
3960,content_587596d045d3,0.27318754599740996,Medium,monitor_and_verify,"['observed_declining_trend', 'large_observed_decline']"
3961,content_cd2d7b379cbd,0.273132443852522,Medium,monitor_and_verify,"['observed_declining_trend', 'large_observed_decline']"
3962,content_e3a34c1706cf,0.27285126282956834,Low,monitor_and_verify,"['observed_declining_trend', 'large_observed_decline']"
3963,content_4a2d50e15535,0.27278271815300753,Medium,monitor_and_verify,"['observed_declining_trend', 'large_observed_decline']"
3964,content_a0bd500821a8,0.27263577785360316,Medium,monitor_and_verify,['model_signal_requires_review']
3965,content_4cb8ceca114e,0.27262673120738534,Medium,monitor_and_verify,['model_signal_requires_review']
3966,content_72096fc4ecce,0.27262279244109844,Medium,monitor_and_verify,['model_signal_requires_review']
3967,content_067ea1716caf,0.2725990055798674,Medium,monitor_and_verify,['model_signal_requires_review']
3968,content_2725d2bcfac1,0.27249137787116817,Medium,monitor_and_verify,"['observed_declining_trend', 'large_observed_decline']"
3969,content_2d92cc08f225,0.2724297985139884,Low,monitor_and_verify,['model_signal_requires_review']
3970,content_0d61e38b3645,0.27231657309691093,Medium,monitor_and_verify,['model_signal_requires_review']
3971,content_128e7339aeb8,0.2722948190024566,Medium,monitor_and_verify,"['observed_declining_trend', 'large_observed_decline']"
3972,content_3446a7e3222d,0.27212488363648896,Medium,monitor_and_verify,['model_signal_requires_review']
3973,content_67d872c4a067,0.27211452263499597,Medium,monitor_and_verify,['model_signal_requires_review']
3974,content_622373b3957b,0.2721120570292126,Medium,monitor_and_verify,"['observed_declining_trend', 'large_observed_decline']"
3975,content_6b6c0168bc79,0.27211088494405045,Medium,monitor_and_verify,['model_signal_requires_review']
3976,content_9e2f3f2d8b39,0.27208745432692116,Medium,monitor_and_verify,"['observed_declining_trend', 'large_observed_decline']"
3977,content_b52441bdc93f,0.2720371879985139,Low,monitor_and_verify,"['observed_declining_trend', 'large_observed_decline']"
3978,content_c7d02069ea9e,0.27202975910235555,Medium,monitor_and_verify,"['observed_declining_trend', 'large_observed_decline']"
3979,content_71019fde780d,0.2720125334828261,Low,monitor_and_verify,['model_signal_requires_review']
3980,content_7385cae61109,0.2719459692438912,Medium,monitor_and_verify,"['observed_declining_trend', 'large_observed_decline']"
3981,content_2a890496afdb,0.27194560607965357,Low,monitor_and_verify,['model_signal_requires_review']
3982,content_808b0748b38c,0.27186695757997864,Medium,monitor_and_verify,['model_signal_requires_review']
3983,content_a994696540be,0.2718410646791023,Medium,monitor_and_verify,"['observed_declining_trend', 'large_observed_decline']"
3984,content_2da680724b8a,0.2718291275845978,Medium,monitor_and_verify,['model_signal_requires_review']
3985,content_594333a314f6,0.2717715343862128,Medium,monitor_and_verify,"['observed_declining_trend', 'large_observed_decline']"
3986,content_789d2f844a74,0.2717583619222151,Low,monitor_and_verify,"['observed_declining_trend', 'large_observed_decline']"
3987,content_5292478e83f6,0.27174016734866396,Medium,monitor_and_verify,"['observed_declining_trend', 'large_observed_decline']"
3988,content_08951d3e71ad,0.27165437028449785,Low,monitor_and_verify,['large_observed_decline']
3989,content_2c785ed0bb07,0.27164240158608227,Low,monitor_and_verify,"['observed_declining_trend', 'large_observed_decline']"
3990,content_58bf62e65034,0.2715861288195038,Low,monitor_and_verify,"['observed_declining_trend', 'large_observed_decline']"
3991,content_cec88fea7a4f,0.2715723068367197,Medium,monitor_and_verify,"['observed_declining_trend', 'large_observed_decline']"
3992,content_70d0c93f75ab,0.27152285098123524,Medium,monitor_and_verify,"['observed_declining_trend', 'large_observed_decline']"
3993,content_f80f7bed7545,0.271497620370974,Medium,monitor_and_verify,"['observed_declining_trend', 'large_observed_decline']"
3994,content_d2addcc965fe,0.2714841098261509,Medium,monitor_and_verify,['model_signal_requires_review']
3995,content_8f49713685cc,0.27145988205996757,Medium,monitor_and_verify,['model_signal_requires_review']
3996,content_bd6486743ec2,0.27139293229667594,Medium,monitor_and_verify,"['observed_declining_trend', 'large_observed_decline']"
3997,content_f24e819d0999,0.2713764600260259,Medium,monitor_and_verify,"['observed_declining_trend', 'large_observed_decline']"
3998,content_6bdf69aa45ec,0.2713178348548015,Medium,monitor_and_verify,"['observed_declining_trend', 'large_observed_decline']"
3999,content_1a021e549b5d,0.27123596390439125,Medium,monitor_and_verify,"['observed_declining_trend', 'large_observed_decline']"
4000,content_2a42f4cce9c6,0.27121392826549645,Low,monitor_and_verify,"['observed_declining_trend', 'large_observed_decline']"
4001,content_131749bcd0b8,0.27120929982643377,Medium,monitor_and_verify,"['observed_declining_trend', 'large_observed_decline']"
4002,content_9cb43a654c9b,0.2711321757067544,Low,monitor_and_verify,['model_signal_requires_review']
4003,content_83e19a9ce479,0.27111719809234075,Low,monitor_and_verify,['model_signal_requires_review']
4004,content_f05a0395a374,0.2710504040086375,Low,monitor_and_verify,['model_signal_requires_review']
4005,content_6eb16d7a88ae,0.27097900384982215,Low,monitor_and_verify,"['observed_declining_trend', 'large_observed_decline']"
4006,content_1f61c05e5a94,0.2709500021416358,Low,monitor_and_verify,"['observed_declining_trend', 'large_observed_decline']"
4007,content_8f496feec94e,0.2709347408878141,Medium,monitor_and_verify,['model_signal_requires_review']
4008,content_c3b109c7b1e3,0.2708238971301978,Low,monitor_and_verify,['model_signal_requires_review']
4009,content_50aa667977a7,0.27072243753340514,Medium,monitor_and_verify,"['observed_declining_trend', 'large_observed_decline']"
4010,content_9c77e9b370cd,0.2706832275277221,Medium,monitor_and_verify,['model_signal_requires_review']
4011,content_dcf5393a8df9,0.2706397488511386,Medium,monitor_and_verify,['model_signal_requires_review']
4012,content_dac0bab9c931,0.2704999140874309,Medium,monitor_and_verify,['model_signal_requires_review']
4013,content_d09a405acf05,0.27049412368282266,Low,monitor_and_verify,['model_signal_requires_review']
4014,content_3e0d4f33d0b8,0.27049412368282266,Low,monitor_and_verify,['model_signal_requires_review']
4015,content_05688a1937fe,0.2704114430898852,Medium,monitor_and_verify,['model_signal_requires_review']
4016,content_f2047c17e14c,0.2703715228335027,Medium,monitor_and_verify,"['observed_declining_trend', 'large_observed_decline']"
4017,content_2fa382a80d7c,0.27009286626835227,Medium,monitor_and_verify,"['observed_declining_trend', 'large_observed_decline']"
4018,content_50f959fda206,0.27008448757197256,Medium,monitor_and_verify,['model_signal_requires_review']
4019,content_75a92952cd1d,0.27005810628464444,Low,monitor_and_verify,['model_signal_requires_review']
4020,content_00636cafb5a2,0.269951396381972,Low,monitor_and_verify,"['observed_declining_trend', 'large_observed_decline']"
4021,content_390797e1f0b8,0.26992959363500046,Medium,monitor_and_verify,['model_signal_requires_review']
4022,content_04ff14276199,0.26971411456306227,Medium,monitor_and_verify,"['observed_declining_trend', 'large_observed_decline']"
4023,content_5d961699903f,0.2697054218689849,Low,monitor_and_verify,['model_signal_requires_review']
4024,content_76f30eda1e45,0.269608232778271,Medium,monitor_and_verify,"['observed_declining_trend', 'large_observed_decline']"
4025,content_d9f0773a5c22,0.2695543129987058,Low,monitor_and_verify,"['observed_declining_trend', 'large_observed_decline']"
4026,content_8e75e642c497,0.26947135416617457,Medium,monitor_and_verify,['model_signal_requires_review']
4027,content_867d55623add,0.269353132530666,Low,monitor_and_verify,['model_signal_requires_review']
4028,content_44f11d347adf,0.269353132530666,Low,monitor_and_verify,"['observed_declining_trend', 'large_observed_decline']"
4029,content_84e9d43ca93e,0.2693154708700728,Low,monitor_and_verify,['model_signal_requires_review']
4030,content_98e305f0cacc,0.26929205495333963,Low,monitor_and_verify,['model_signal_requires_review']
4031,content_bce4b32775b1,0.26923784196184014,Low,monitor_and_verify,"['observed_declining_trend', 'large_observed_decline']"
4032,content_805c94a358c1,0.26913492200480804,Medium,monitor_and_verify,"['observed_declining_trend', 'large_observed_decline']"
4033,content_6f66c8d9c5b5,0.2689966593900283,Medium,monitor_and_verify,['model_signal_requires_review']
4034,content_3d216e1fd032,0.2689948989823667,Low,monitor_and_verify,['model_signal_requires_review']
4035,content_a9a04ef4d084,0.26886238990874767,Low,monitor_and_verify,['model_signal_requires_review']
4036,content_a058442fa0f6,0.2687356649183696,Medium,monitor_and_verify,['model_signal_requires_review']
4037,content_4d872d8aa28a,0.2687249023450849,Medium,monitor_and_verify,"['observed_declining_trend', 'large_observed_decline']"
4038,content_3b96c7da8a60,0.26872178198007163,Medium,monitor_and_verify,['model_signal_requires_review']
4039,content_b8b445ba5ddc,0.2685280318961864,Medium,monitor_and_verify,"['observed_declining_trend', 'large_observed_decline']"
4040,content_d63c11c0e82c,0.2684576472321767,Low,monitor_and_verify,"['observed_declining_trend', 'large_observed_decline']"
4041,content_0ee9b22a5999,0.26842551005758575,Low,monitor_and_verify,"['observed_declining_trend', 'large_observed_decline']"
4042,content_aa0a0e791d47,0.2684254667248483,Low,monitor_and_verify,['model_signal_requires_review']
4043,content_3bcd83e14b4c,0.26842457069362263,Low,monitor_and_verify,['model_signal_requires_review']
4044,content_0b8d7cb09e68,0.2683513557182341,Medium,monitor_and_verify,"['observed_declining_trend', 'large_observed_decline']"
4045,content_6926821766df,0.26832285796491867,Medium,monitor_and_verify,"['observed_declining_trend', 'large_observed_decline']"
4046,content_eaea09d6891e,0.26824829245662246,Medium,monitor_and_verify,"['observed_declining_trend', 'large_observed_decline']"
4047,content_ace104f58973,0.2682416968372674,Medium,monitor_and_verify,['model_signal_requires_review']
4048,content_bc805497f866,0.2681941370671368,Low,monitor_and_verify,"['observed_declining_trend', 'large_observed_decline']"
4049,content_01eab8520dfa,0.268136861726534,Medium,monitor_and_verify,['model_signal_requires_review']
4050,content_6bf79d7d0a4f,0.26811948105625755,Low,monitor_and_verify,['model_signal_requires_review']
4051,content_3d4ba0dbe63a,0.268025541117559,Medium,monitor_and_verify,"['observed_declining_trend', 'large_observed_decline']"
4052,content_cc1426618cb6,0.2680085659060912,Medium,monitor_and_verify,['model_signal_requires_review']
4053,content_ed130d02c76d,0.2679856374482482,Medium,monitor_and_verify,"['observed_declining_trend', 'large_observed_decline']"
4054,content_0fd688a63532,0.26794867857821325,Low,monitor_and_verify,"['observed_declining_trend', 'large_observed_decline']"
4055,content_4a147f223b0b,0.2679454039683117,Low,monitor_and_verify,"['observed_declining_trend', 'large_observed_decline']"
4056,content_515bb44a0009,0.26786043472419685,Medium,monitor_and_verify,['model_signal_requires_review']
4057,content_3df908376904,0.2677295244322684,Low,monitor_and_verify,['model_signal_requires_review']
4058,content_f87ff9f55f70,0.2677292585093128,Medium,monitor_and_verify,"['observed_declining_trend', 'large_observed_decline']"
4059,content_85bf6763d5c5,0.2677169372626759,Low,monitor_and_verify,"['observed_declining_trend', 'large_observed_decline']"
4060,content_6beb5eb7eefd,0.2676660874215162,Low,monitor_and_verify,['model_signal_requires_review']
4061,content_b0a5c92e100b,0.2676111103857927,Low,monitor_and_verify,"['observed_declining_trend', 'large_observed_decline']"
4062,content_cc6d62e31116,0.2676050884883837,Medium,monitor_and_verify,['model_signal_requires_review']
4063,content_6da57e02084e,0.26754736548171165,Medium,monitor_and_verify,"['observed_declining_trend', 'large_observed_decline']"
4064,content_4809d1306cd4,0.26744048814443055,Medium,monitor_and_verify,"['observed_declining_trend', 'large_observed_decline']"
4065,content_ea9db7a9f75b,0.26732476095542873,Medium,monitor_and_verify,"['observed_declining_trend', 'large_observed_decline']"
4066,content_0c8b0099fc8c,0.2672649570285471,Medium,monitor_and_verify,"['observed_declining_trend', 'large_observed_decline']"
4067,content_8acc02dd9cad,0.2671858837790687,Medium,monitor_and_verify,"['observed_declining_trend', 'large_observed_decline']"
4068,content_71b38cb18504,0.2671679930939325,Medium,monitor_and_verify,['model_signal_requires_review']
4069,content_3bc098c10285,0.26702133783179127,Medium,monitor_and_verify,"['observed_declining_trend', 'large_observed_decline']"
4070,content_f73e0ed1704e,0.2669566928816909,Medium,monitor_and_verify,"['observed_declining_trend', 'large_observed_decline']"
4071,content_dccf69297579,0.2669566928816909,Medium,monitor_and_verify,['model_signal_requires_review']
4072,content_8fd689ed3c47,0.2668753056095164,Medium,monitor_and_verify,"['observed_declining_trend', 'large_observed_decline']"
4073,content_b95e23d40b5d,0.2668435009753648,Medium,monitor_and_verify,['model_signal_requires_review']
4074,content_d2cc2cd378a0,0.2668049159021039,Medium,monitor_and_verify,['model_signal_requires_review']
4075,content_3b4f01eb6c70,0.26677561439290876,Medium,monitor_and_verify,"['observed_declining_trend', 'large_observed_decline']"
4076,content_8d65431b49ac,0.26660389659581585,Medium,monitor_and_verify,"['observed_declining_trend', 'large_observed_decline']"
4077,content_6cbc4c3512a6,0.266555143823757,Low,monitor_and_verify,['model_signal_requires_review']
4078,content_a4f5499a6122,0.2665261828088682,Low,monitor_and_verify,['model_signal_requires_review']
4079,content_6f9a9c5aa19f,0.266517968020494,Medium,monitor_and_verify,['model_signal_requires_review']
4080,content_a8e389b5d661,0.26648882019884507,Low,monitor_and_verify,['model_signal_requires_review']
4081,content_917fc1b11fe1,0.26638042590697075,Low,monitor_and_verify,"['observed_declining_trend', 'large_observed_decline']"
4082,content_8ddf24ab1d3a,0.26637546924497857,Medium,monitor_and_verify,"['observed_declining_trend', 'large_observed_decline']"
4083,content_83351fa8fd7b,0.26635883572901575,Low,monitor_and_verify,"['observed_declining_trend', 'large_observed_decline']"
4084,content_cea90c1d2627,0.2662696652096437,Medium,monitor_and_verify,"['observed_declining_trend', 'large_observed_decline']"
4085,content_b767749a5f38,0.2662545141140314,Medium,monitor_and_verify,"['observed_declining_trend', 'large_observed_decline']"
4086,content_60a90d0ba16a,0.266247077364715,Medium,monitor_and_verify,"['observed_declining_trend', 'large_observed_decline']"
4087,content_67a8646a7b6e,0.2660228232610859,Low,monitor_and_verify,['model_signal_requires_review']
4088,content_8f5c5451afb1,0.2659776850711891,Medium,monitor_and_verify,"['observed_declining_trend', 'large_observed_decline']"
4089,content_632fb68f9191,0.2659573259086912,Medium,monitor_and_verify,['model_signal_requires_review']
4090,content_50182d9d0505,0.26593493610803987,Medium,monitor_and_verify,"['observed_declining_trend', 'large_observed_decline']"
4091,content_cb667ee0948e,0.26593092251533385,Low,monitor_and_verify,['model_signal_requires_review']
4092,content_2702f1dcbd95,0.2658506320505556,Medium,monitor_and_verify,['model_signal_requires_review']
4093,content_9f2ca3ad3165,0.2658450363156838,Medium,monitor_and_verify,"['observed_declining_trend', 'large_observed_decline']"
4094,content_0db1804a6bea,0.2658318488365463,Medium,monitor_and_verify,['model_signal_requires_review']
4095,content_7a6171f6389c,0.26582267378797236,Medium,monitor_and_verify,"['observed_declining_trend', 'large_observed_decline']"
4096,content_eaaa9a5b3878,0.26580376321129706,Low,monitor_and_verify,"['observed_declining_trend', 'large_observed_decline']"
4097,content_774ddafaf91f,0.2657863500229898,Low,monitor_and_verify,['model_signal_requires_review']
4098,content_f896180b75e2,0.2657863500229898,Low,monitor_and_verify,['large_observed_decline']
4099,content_6d93bc61c73d,0.26575848419603115,Medium,monitor_and_verify,['model_signal_requires_review']
4100,content_6b0f184f1493,0.26566416459211967,Medium,monitor_and_verify,"['observed_declining_trend', 'large_observed_decline']"
4101,content_93f5dbaef3e7,0.26555187865850144,Low,monitor_and_verify,"['observed_declining_trend', 'large_observed_decline']"
4102,content_dc6c5df2f682,0.2655363617073368,Medium,monitor_and_verify,['model_signal_requires_review']
4103,content_b8ba5925257a,0.2653802580436949,Medium,monitor_and_verify,"['observed_declining_trend', 'large_observed_decline']"
4104,content_ab2a4711117d,0.26536679194656965,Medium,monitor_and_verify,['model_signal_requires_review']
4105,content_fa37cba3a692,0.2653300220341846,Medium,monitor_and_verify,"['observed_declining_trend', 'large_observed_decline']"
4106,content_e32ec994d05a,0.26520834222304485,Medium,monitor_and_verify,"['observed_declining_trend', 'large_observed_decline']"
4107,content_dbd64dd95335,0.2651957605185417,Low,monitor_and_verify,['model_signal_requires_review']
4108,content_fd7153335627,0.2651916455044953,Medium,monitor_and_verify,"['observed_declining_trend', 'large_observed_decline']"
4109,content_044c06ac12dc,0.26518355344950323,Low,monitor_and_verify,['model_signal_requires_review']
4110,content_6d0b62b434bb,0.2651068843923671,Medium,monitor_and_verify,"['observed_declining_trend', 'large_observed_decline']"
4111,content_3f0ec5aaeb3d,0.26504252276823126,Medium,monitor_and_verify,['model_signal_requires_review']
4112,content_f6fea6270cfd,0.2649941307006251,Low,monitor_and_verify,"['observed_declining_trend', 'large_observed_decline']"
4113,content_914a6de7d899,0.26499014450090674,Medium,monitor_and_verify,"['observed_declining_trend', 'large_observed_decline']"
4114,content_18e124c4f3fa,0.2649512629853664,Low,monitor_and_verify,['model_signal_requires_review']
4115,content_95e06f0741c4,0.2649413935509294,Medium,monitor_and_verify,"['observed_declining_trend', 'large_observed_decline']"
4116,content_f0f639eb2f80,0.2649191349547933,Medium,monitor_and_verify,['model_signal_requires_review']
4117,content_c9dc6a27c2a5,0.26484447612471607,Medium,monitor_and_verify,"['observed_declining_trend', 'large_observed_decline']"
4118,content_9d45a4710a9a,0.2646943572650514,Medium,monitor_and_verify,['model_signal_requires_review']
4119,content_f1268e501bb8,0.26463367945608307,Low,monitor_and_verify,['model_signal_requires_review']
4120,content_929aa622b6a0,0.26462560804790997,Low,monitor_and_verify,['model_signal_requires_review']
4121,content_7d4761d607f7,0.2646077236031945,Low,monitor_and_verify,"['observed_declining_trend', 'large_observed_decline']"
4122,content_43fc29019bad,0.26455007946122394,Medium,monitor_and_verify,"['observed_declining_trend', 'large_observed_decline']"
4123,content_b0b7697f8b78,0.26452210399639153,Medium,monitor_and_verify,['model_signal_requires_review']
4124,content_abe60b93d50e,0.2645158331401549,Low,monitor_and_verify,['model_signal_requires_review']
4125,content_b893116caf50,0.26449496571606435,Medium,monitor_and_verify,['model_signal_requires_review']
4126,content_ee65fbaffa57,0.2644899476211869,Medium,monitor_and_verify,['model_signal_requires_review']
4127,content_7e9d8f999b81,0.2644723336763784,Medium,monitor_and_verify,"['observed_declining_trend', 'large_observed_decline']"
4128,content_a6ca0feab051,0.26444710438790836,Medium,monitor_and_verify,"['observed_declining_trend', 'large_observed_decline']"
4129,content_5c442c2f3977,0.26439247704078933,Low,monitor_and_verify,['model_signal_requires_review']
4130,content_00629d85f855,0.2643392346322784,Low,monitor_and_verify,"['observed_declining_trend', 'large_observed_decline']"
4131,content_f23784f17468,0.2642781769663527,Medium,monitor_and_verify,['model_signal_requires_review']
4132,content_4d0c876fd1af,0.26421376484165277,Low,monitor_and_verify,"['observed_declining_trend', 'large_observed_decline']"
4133,content_32ec692a6061,0.2641086881929019,Medium,monitor_and_verify,"['observed_declining_trend', 'large_observed_decline']"
4134,content_70425373a183,0.26401981147291265,Medium,monitor_and_verify,['model_signal_requires_review']
4135,content_1a1fcc786521,0.26400237202475524,Low,monitor_and_verify,"['observed_declining_trend', 'large_observed_decline']"
4136,content_4f4d11c79373,0.2639759460421569,Low,monitor_and_verify,['model_signal_requires_review']
4137,content_c56b05eb5257,0.2638909218631556,Low,monitor_and_verify,['model_signal_requires_review']
4138,content_a176eeb31e60,0.2638666871693369,Medium,monitor_and_verify,['model_signal_requires_review']
4139,content_f223bccd09b2,0.26379683290263933,Medium,monitor_and_verify,['model_signal_requires_review']
4140,content_f8b502de2f79,0.263762379474281,Medium,monitor_and_verify,"['observed_declining_trend', 'large_observed_decline']"
4141,content_180d34c3f23b,0.26375912910491023,Low,monitor_and_verify,"['observed_declining_trend', 'large_observed_decline']"
4142,content_73a547435602,0.26370504432021735,Low,monitor_and_verify,"['observed_declining_trend', 'large_observed_decline']"
4143,content_4f90f5799520,0.2636980771184365,Low,monitor_and_verify,"['observed_declining_trend', 'large_observed_decline']"
4144,content_b9e11a38fd49,0.26366237088934213,Medium,monitor_and_verify,['model_signal_requires_review']
4145,content_cc830be9dae1,0.2635632085182546,Medium,monitor_and_verify,"['observed_declining_trend', 'large_observed_decline']"
4146,content_142a0115209d,0.2635141713529992,Medium,monitor_and_verify,['model_signal_requires_review']
4147,content_94cfdb2ced37,0.26345928908140614,Low,monitor_and_verify,"['observed_declining_trend', 'large_observed_decline']"
4148,content_9369f0b2380b,0.2634448537430363,Medium,monitor_and_verify,"['observed_declining_trend', 'large_observed_decline']"
4149,content_dc57c1fc055e,0.2634214357373503,Medium,monitor_and_verify,"['observed_declining_trend', 'large_observed_decline']"
4150,content_b45b7246ed2a,0.26336084922412006,Medium,monitor_and_verify,['model_signal_requires_review']
4151,content_0073196442b4,0.263350041951594,Medium,monitor_and_verify,['model_signal_requires_review']
4152,content_5c760dfcec68,0.2632094320630688,Low,monitor_and_verify,"['observed_declining_trend', 'large_observed_decline']"
4153,content_79c56d57697d,0.26320615088721955,Medium,monitor_and_verify,"['observed_declining_trend', 'large_observed_decline']"
4154,content_a83ea5213bce,0.2631297649942402,Medium,monitor_and_verify,['model_signal_requires_review']
4155,content_8eb23fb822ff,0.26304774655874313,Medium,monitor_and_verify,['model_signal_requires_review']
4156,content_864fec53a163,0.2630345025119094,Medium,monitor_and_verify,['model_signal_requires_review']
4157,content_5015134da0ad,0.26298378183633725,Low,monitor_and_verify,['model_signal_requires_review']
4158,content_f0f92eb79cec,0.2627551000585889,Low,monitor_and_verify,"['observed_declining_trend', 'large_observed_decline']"
4159,content_12ef84e911f0,0.26267020911819056,Medium,monitor_and_verify,['model_signal_requires_review']
4160,content_eda7ca2e850c,0.2625868537155433,Medium,monitor_and_verify,['model_signal_requires_review']
4161,content_61f4a24677e0,0.2625615819944322,Medium,monitor_and_verify,"['observed_declining_trend', 'large_observed_decline']"
4162,content_fee4ab8f26b8,0.2625530673233005,Low,monitor_and_verify,['model_signal_requires_review']
4163,content_ea3aaf091973,0.2625024375605516,Medium,monitor_and_verify,"['observed_declining_trend', 'large_observed_decline']"
4164,content_4c126bb257a9,0.2624192782168644,Medium,monitor_and_verify,['model_signal_requires_review']
4165,content_672947e34836,0.2622668924918367,Low,monitor_and_verify,['model_signal_requires_review']
4166,content_de17f2965799,0.2622003975973825,Low,monitor_and_verify,"['observed_declining_trend', 'large_observed_decline']"
4167,content_f9d4d7acb62e,0.2622001910510659,Low,monitor_and_verify,['model_signal_requires_review']
4168,content_42ce7d82d38d,0.262068576426697,Medium,monitor_and_verify,"['observed_declining_trend', 'large_observed_decline']"
4169,content_63138be04619,0.2620521683944713,Medium,monitor_and_verify,['model_signal_requires_review']
4170,content_f64da6f9371a,0.2620448877804087,Low,monitor_and_verify,"['observed_declining_trend', 'large_observed_decline']"
4171,content_957a5bd57448,0.2620434114975593,Medium,monitor_and_verify,"['observed_declining_trend', 'large_observed_decline']"
4172,content_e18144cbd19d,0.26196383814372154,Low,monitor_and_verify,"['observed_declining_trend', 'large_observed_decline']"
4173,content_46a4efea2592,0.261959787140686,Medium,monitor_and_verify,['model_signal_requires_review']
4174,content_74f585f21ba3,0.2619404274049955,Medium,monitor_and_verify,['model_signal_requires_review']
4175,content_41e386e2f5f9,0.2618591930294581,Low,monitor_and_verify,"['observed_declining_trend', 'large_observed_decline']"
4176,content_3bd8c9090458,0.26185201665708097,Medium,monitor_and_verify,"['observed_declining_trend', 'large_observed_decline']"
4177,content_7448304bec7f,0.26181891895540677,Medium,monitor_and_verify,['model_signal_requires_review']
4178,content_131927c00278,0.26180370971767264,Low,monitor_and_verify,"['observed_declining_trend', 'large_observed_decline']"
4179,content_569382ff9950,0.2618006134585497,Low,monitor_and_verify,['model_signal_requires_review']
4180,content_22ce386dda2c,0.2617938113099752,Low,monitor_and_verify,"['observed_declining_trend', 'large_observed_decline']"
4181,content_919c68ff757c,0.2617260171071693,Medium,monitor_and_verify,['model_signal_requires_review']
4182,content_6b42235cade4,0.261568354582207,Medium,monitor_and_verify,['model_signal_requires_review']
4183,content_12865e681d4a,0.26151787697819107,Medium,monitor_and_verify,"['observed_declining_trend', 'large_observed_decline']"
4184,content_4a1694ef8899,0.26151092865060943,Medium,monitor_and_verify,"['observed_declining_trend', 'large_observed_decline']"
4185,content_865f992b7cbc,0.26147798628486335,Low,monitor_and_verify,['model_signal_requires_review']
4186,content_61503690505f,0.2614334728894629,Medium,monitor_and_verify,['model_signal_requires_review']
4187,content_b2bf50ecada6,0.26138705768544845,Medium,monitor_and_verify,"['observed_declining_trend', 'large_observed_decline']"
4188,content_3a49576fd0e1,0.2613619528881437,Medium,monitor_and_verify,"['observed_declining_trend', 'large_observed_decline']"
4189,content_62f73707683b,0.2612884017212683,Low,monitor_and_verify,['model_signal_requires_review']
4190,content_4abe558a7264,0.2612881018357517,Medium,monitor_and_verify,['model_signal_requires_review']
4191,content_1561909ed20a,0.26125510740502844,Low,monitor_and_verify,"['observed_declining_trend', 'large_observed_decline']"
4192,content_649c63664f77,0.26118535896040757,Medium,monitor_and_verify,['model_signal_requires_review']
4193,content_e582f6082563,0.2611245767141768,Medium,monitor_and_verify,['model_signal_requires_review']
4194,content_0cce6a2fb242,0.26111706602469426,Low,monitor_and_verify,['model_signal_requires_review']
4195,content_23c380f126ad,0.260986862320034,Low,monitor_and_verify,['model_signal_requires_review']
4196,content_0bbf9f8f0ba1,0.2609564115521614,Medium,monitor_and_verify,"['observed_declining_trend', 'large_observed_decline']"
4197,content_67e912e3e2b5,0.26091180900967925,Low,monitor_and_verify,['model_signal_requires_review']
4198,content_64405ee1d117,0.2607154396170936,Medium,monitor_and_verify,['model_signal_requires_review']
4199,content_a8054ef7fc19,0.26066570074740164,Low,monitor_and_verify,"['observed_declining_trend', 'large_observed_decline']"
4200,content_db6479551754,0.2606316817606958,Medium,monitor_and_verify,"['observed_declining_trend', 'large_observed_decline']"
4201,content_ee6f9dbdaf4a,0.26058614234446215,Low,monitor_and_verify,['model_signal_requires_review']
4202,content_6659c30f0631,0.260519972238152,Medium,monitor_and_verify,"['observed_declining_trend', 'large_observed_decline']"
4203,content_d6a454462332,0.2604854037937784,Medium,monitor_and_verify,['model_signal_requires_review']
4204,content_c69f0baaa1af,0.26045792799229983,Medium,monitor_and_verify,['model_signal_requires_review']
4205,content_4368a8cc3092,0.26025812936224313,Low,monitor_and_verify,['model_signal_requires_review']
4206,content_0457c48d8fc3,0.26023685499866245,Medium,monitor_and_verify,"['observed_declining_trend', 'large_observed_decline']"
4207,content_77d84ff69f78,0.26015731631388384,Medium,monitor_and_verify,['model_signal_requires_review']
4208,content_0ed6c37ef084,0.26015602735767657,Low,monitor_and_verify,"['observed_declining_trend', 'large_observed_decline']"
4209,content_dd55a66e608f,0.2601142804305307,Medium,monitor_and_verify,['model_signal_requires_review']
4210,content_fcfe44d0a076,0.260112184998717,Medium,monitor_and_verify,"['observed_declining_trend', 'large_observed_decline']"
4211,content_414de552cad7,0.2600113142842209,Low,monitor_and_verify,"['observed_declining_trend', 'large_observed_decline']"
4212,content_4aeb7ad6d5d3,0.259964960097347,Medium,monitor_and_verify,['model_signal_requires_review']
4213,content_ee43ec7cc83b,0.2599416863642161,Medium,monitor_and_verify,['model_signal_requires_review']
4214,content_40c4fad48474,0.25994128123860494,Medium,monitor_and_verify,"['observed_declining_trend', 'large_observed_decline']"
4215,content_4ad3b273bba8,0.2599242275951295,Low,monitor_and_verify,"['observed_declining_trend', 'large_observed_decline']"
4216,content_a85c0ad3e6b2,0.2599242275951295,Low,monitor_and_verify,"['observed_declining_trend', 'large_observed_decline']"
4217,content_a1fb4e703a9e,0.2599211676096758,Medium,monitor_and_verify,"['observed_declining_trend', 'large_observed_decline']"
4218,content_53e38ea20dcd,0.25984022349362906,Medium,monitor_and_verify,['model_signal_requires_review']
4219,content_19b8db713236,0.2597645726511907,Medium,monitor_and_verify,"['observed_declining_trend', 'large_observed_decline']"
4220,content_fbc59eee1017,0.25968588749625576,Low,monitor_and_verify,"['observed_declining_trend', 'large_observed_decline']"
4221,content_8fdf7d642814,0.25961941775468117,Medium,monitor_and_verify,['model_signal_requires_review']
4222,content_00603386e331,0.25961015529775094,Medium,monitor_and_verify,"['observed_declining_trend', 'large_observed_decline']"
4223,content_f74385cef4cf,0.25953652179520864,Medium,monitor_and_verify,['model_signal_requires_review']
4224,content_f3a6399711da,0.2595341483801648,Medium,monitor_and_verify,['model_signal_requires_review']
4225,content_ce296f93e007,0.2594801581497257,Low,monitor_and_verify,"['observed_declining_trend', 'large_observed_decline']"
4226,content_31b1a77e5fd5,0.2594389149245427,Low,monitor_and_verify,['model_signal_requires_review']
4227,content_49477c375c09,0.25939253497571985,Low,monitor_and_verify,['model_signal_requires_review']
4228,content_476b20d68337,0.25937187505994636,Low,monitor_and_verify,['model_signal_requires_review']
4229,content_8045caf2bb16,0.25937187505994636,Low,monitor_and_verify,['model_signal_requires_review']
4230,content_34ad55d8ae44,0.25937187505994636,Low,monitor_and_verify,['model_signal_requires_review']
4231,content_1f6909d0ba54,0.25935897712961176,Low,monitor_and_verify,"['observed_declining_trend', 'large_observed_decline']"
4232,content_1089c7c8b99b,0.2592853047319644,Low,monitor_and_verify,"['observed_declining_trend', 'large_observed_decline']"
4233,content_ccc3299baa8a,0.2592571419631823,Low,monitor_and_verify,['model_signal_requires_review']
4234,content_41d6ee667372,0.25925628552870267,Low,monitor_and_verify,['model_signal_requires_review']
4235,content_8d0a8cbf9d1e,0.2592378510237798,Medium,monitor_and_verify,['model_signal_requires_review']
4236,content_f8f3899a82eb,0.25911096019146124,Medium,monitor_and_verify,"['observed_declining_trend', 'large_observed_decline']"
4237,content_b3e34e9fe5a7,0.25910859069745323,Medium,monitor_and_verify,"['observed_declining_trend', 'large_observed_decline']"
4238,content_1d637966d2d2,0.25902287298429316,Medium,monitor_and_verify,['model_signal_requires_review']
4239,content_a580f210e5e6,0.2590120274142777,Medium,monitor_and_verify,"['observed_declining_trend', 'large_observed_decline']"
4240,content_6f9b4c2b2615,0.25901177015211135,Low,monitor_and_verify,['model_signal_requires_review']
4241,content_c745b79afd66,0.25900943091339795,Medium,monitor_and_verify,"['observed_declining_trend', 'large_observed_decline']"
4242,content_594686bcfe8a,0.2589810682815586,Medium,monitor_and_verify,"['observed_declining_trend', 'large_observed_decline']"
4243,content_ceaa28bba4ca,0.25894617505169604,Medium,monitor_and_verify,['model_signal_requires_review']
4244,content_8d8538e7cbbf,0.2588956611254462,Low,monitor_and_verify,"['observed_declining_trend', 'large_observed_decline']"
4245,content_8399b3c2cd89,0.25887403290161587,Medium,monitor_and_verify,"['observed_declining_trend', 'large_observed_decline']"
4246,content_ddd78ab60f97,0.25883738873217815,Low,monitor_and_verify,"['observed_declining_trend', 'large_observed_decline']"
4247,content_658a39f88a25,0.25865828877979546,Medium,monitor_and_verify,['model_signal_requires_review']
4248,content_d5a7049e8dcd,0.25861665755313545,Low,monitor_and_verify,['model_signal_requires_review']
4249,content_42c092b2c296,0.25860998917128003,Medium,monitor_and_verify,['model_signal_requires_review']
4250,content_2e2195595695,0.25845224971419467,Medium,monitor_and_verify,"['observed_declining_trend', 'large_observed_decline']"
4251,content_739ec77b846a,0.25834805751716355,Medium,monitor_and_verify,"['observed_declining_trend', 'large_observed_decline']"
4252,content_d46d85035ad2,0.2583018693005004,Medium,monitor_and_verify,['model_signal_requires_review']
4253,content_fc8c21563057,0.2582865620720342,Low,monitor_and_verify,"['observed_declining_trend', 'large_observed_decline']"
4254,content_86185661ae1f,0.2581745763475967,Low,monitor_and_verify,['model_signal_requires_review']
4255,content_3c54e95a9ac8,0.2580944734761095,Medium,monitor_and_verify,['model_signal_requires_review']
4256,content_6c720cb9fbe0,0.2580749460763863,Medium,monitor_and_verify,"['observed_declining_trend', 'large_observed_decline']"
4257,content_d80af9aac3c7,0.25806631993332163,Low,monitor_and_verify,['model_signal_requires_review']
4258,content_5c7a9bd6cbfe,0.25803352183479017,Low,monitor_and_verify,['model_signal_requires_review']
4259,content_e102455367e5,0.2579231368226562,Low,monitor_and_verify,['model_signal_requires_review']
4260,content_a1d3c702561a,0.2579192185475993,Medium,monitor_and_verify,"['observed_declining_trend', 'large_observed_decline']"
4261,content_670746e86425,0.25787559061161464,Medium,monitor_and_verify,['model_signal_requires_review']
4262,content_6c3ce93e9680,0.2577832488170547,Medium,monitor_and_verify,['model_signal_requires_review']
4263,content_754c0acf2e40,0.257776976345304,Medium,monitor_and_verify,"['observed_declining_trend', 'large_observed_decline']"
4264,content_05d71853e0f1,0.25771608331204116,Medium,monitor_and_verify,['model_signal_requires_review']
4265,content_c24703aeed68,0.25769903232765307,Medium,monitor_and_verify,"['observed_declining_trend', 'large_observed_decline']"
4266,content_894e06751cee,0.25762360734923284,Low,monitor_and_verify,"['observed_declining_trend', 'large_observed_decline']"
4267,content_222dca007515,0.2575441439317686,Low,monitor_and_verify,['model_signal_requires_review']
4268,content_854c9a6ae832,0.25754139779174656,Low,monitor_and_verify,"['observed_declining_trend', 'large_observed_decline']"
4269,content_e2e22643adae,0.2574828798018528,Medium,monitor_and_verify,"['observed_declining_trend', 'large_observed_decline']"
4270,content_f0571d121bc4,0.2573912411970304,Low,monitor_and_verify,"['observed_declining_trend', 'large_observed_decline']"
4271,content_0a4e3e70597a,0.25735894935401593,Medium,monitor_and_verify,"['observed_declining_trend', 'large_observed_decline']"
4272,content_9357e2dc8d36,0.2573371124635241,Low,monitor_and_verify,"['observed_declining_trend', 'large_observed_decline']"
4273,content_e540f63bc134,0.2573285555375329,Medium,monitor_and_verify,"['observed_declining_trend', 'large_observed_decline']"
4274,content_580d98a707e0,0.2573033182029663,Medium,monitor_and_verify,"['observed_declining_trend', 'large_observed_decline']"
4275,content_6e348eb06763,0.25726532142233993,Low,monitor_and_verify,['model_signal_requires_review']
4276,content_8202c37e994f,0.25725643139065674,Medium,monitor_and_verify,"['observed_declining_trend', 'large_observed_decline']"
4277,content_976d5deeab73,0.2572344346748771,Medium,monitor_and_verify,['large_observed_decline']
4278,content_5c8b57a6b009,0.2570853166254771,Medium,monitor_and_verify,"['observed_declining_trend', 'large_observed_decline']"
4279,content_5fdd3001da55,0.2568945931405206,Medium,monitor_and_verify,['model_signal_requires_review']
4280,content_ada4f0b8bc65,0.25679660602362386,Medium,monitor_and_verify,['model_signal_requires_review']
4281,content_79fe2665cb9d,0.25673241067415004,Low,monitor_and_verify,"['observed_declining_trend', 'large_observed_decline']"
4282,content_0718b5188109,0.25662876552225733,Low,monitor_and_verify,['model_signal_requires_review']
4283,content_21612db808d2,0.25659328404646575,Medium,monitor_and_verify,['model_signal_requires_review']
4284,content_3aabed76ae3a,0.2565352188463954,Low,monitor_and_verify,['model_signal_requires_review']
4285,content_cc7d8d370b5d,0.25652956074350286,Low,monitor_and_verify,['model_signal_requires_review']
4286,content_4bfb50b1823e,0.25646232944174896,Low,monitor_and_verify,['model_signal_requires_review']
4287,content_20bc9a3dbbc8,0.25643027495420073,Low,monitor_and_verify,"['observed_declining_trend', 'large_observed_decline']"
4288,content_74e5927a9ac1,0.25641471324459686,Medium,monitor_and_verify,['model_signal_requires_review']
4289,content_1a5b585a87b4,0.2563978504571033,Medium,monitor_and_verify,"['observed_declining_trend', 'large_observed_decline']"
4290,content_09a781f18604,0.256396184780218,Low,monitor_and_verify,"['observed_declining_trend', 'large_observed_decline']"
4291,content_e12868d1f396,0.2563816507424629,Medium,monitor_and_verify,['model_signal_requires_review']
4292,content_4db66d3d418c,0.2560446935527771,Low,monitor_and_verify,['model_signal_requires_review']
4293,content_9f81f02fcc7c,0.25593443910001457,Low,monitor_and_verify,['model_signal_requires_review']
4294,content_9acd1f0a15e7,0.2558420163209239,Medium,monitor_and_verify,"['observed_declining_trend', 'large_observed_decline']"
4295,content_7b721c50ff02,0.2558270114570189,Medium,monitor_and_verify,"['observed_declining_trend', 'large_observed_decline']"
4296,content_d08553fbe31d,0.25581576936945233,Low,monitor_and_verify,['model_signal_requires_review']
4297,content_5d4048cb5ff4,0.2557875389055441,Medium,monitor_and_verify,['model_signal_requires_review']
4298,content_28fdc9b17c26,0.25574195498512114,Medium,monitor_and_verify,"['observed_declining_trend', 'large_observed_decline']"
4299,content_eb7015b56be9,0.25572101834019334,Low,monitor_and_verify,['model_signal_requires_review']
4300,content_10f40939e637,0.25567962650839515,Low,monitor_and_verify,['model_signal_requires_review']
4301,content_ed042e51f683,0.25555977932471036,Medium,monitor_and_verify,['model_signal_requires_review']
4302,content_a37cded67cd7,0.255551088254745,Low,monitor_and_verify,"['observed_declining_trend', 'large_observed_decline']"
4303,content_2326b09b5e1f,0.25553098081596615,Medium,monitor_and_verify,['model_signal_requires_review']
4304,content_609902f4bc8c,0.255510750403543,Medium,monitor_and_verify,"['observed_declining_trend', 'large_observed_decline']"
4305,content_74fda8dfc96f,0.25537115965534374,Low,monitor_and_verify,['model_signal_requires_review']
4306,content_c4ac5b91b3d9,0.2553659459486658,Medium,monitor_and_verify,"['observed_declining_trend', 'large_observed_decline']"
4307,content_20333b30ef06,0.2553583844794562,Medium,monitor_and_verify,"['observed_declining_trend', 'large_observed_decline']"
4308,content_a025f0314b16,0.25532770276339917,Medium,monitor_and_verify,['model_signal_requires_review']
4309,content_339f96ee9de3,0.25531023324239605,Low,monitor_and_verify,"['observed_declining_trend', 'large_observed_decline']"
4310,content_a7452d4e5f24,0.2553008454263684,Medium,monitor_and_verify,['model_signal_requires_review']
4311,content_69e07bfa6f0a,0.25524838257573196,Medium,monitor_and_verify,"['observed_declining_trend', 'large_observed_decline']"
4312,content_023fc9d33cd0,0.25518884365471206,Low,monitor_and_verify,"['observed_declining_trend', 'large_observed_decline']"
4313,content_b433416426f6,0.254956082681875,Low,monitor_and_verify,"['observed_declining_trend', 'large_observed_decline']"
4314,content_d8de98b4e1b9,0.2548472210087771,Medium,monitor_and_verify,"['observed_declining_trend', 'large_observed_decline']"
4315,content_af59c0a2deb3,0.25480223878865077,Low,monitor_and_verify,"['observed_declining_trend', 'large_observed_decline']"
4316,content_2e3ed35f801f,0.25475033517447454,Medium,monitor_and_verify,['model_signal_requires_review']
4317,content_e4f2c3ab5b54,0.25469537388572955,Medium,monitor_and_verify,['model_signal_requires_review']
4318,content_32ff84795595,0.25469361124022194,Low,monitor_and_verify,['model_signal_requires_review']
4319,content_65f5983ec5f7,0.2546549774500544,Medium,monitor_and_verify,"['observed_declining_trend', 'large_observed_decline']"
4320,content_c19242097fe9,0.25463389924858615,Low,monitor_and_verify,['model_signal_requires_review']
4321,content_63205770dbcd,0.25445488367348207,Low,monitor_and_verify,"['observed_declining_trend', 'large_observed_decline']"
4322,content_a78a64d5caf8,0.2544001749209786,Medium,monitor_and_verify,"['observed_declining_trend', 'large_observed_decline']"
4323,content_a11f793d5f24,0.25436523742406664,Medium,monitor_and_verify,['model_signal_requires_review']
4324,content_c09a11d9c224,0.2542747788142464,Medium,monitor_and_verify,['model_signal_requires_review']
4325,content_06954b8a7f8d,0.2542515368706035,Low,monitor_and_verify,"['observed_declining_trend', 'large_observed_decline']"
4326,content_91f2041326a0,0.2542057501621732,Low,monitor_and_verify,['model_signal_requires_review']
4327,content_c59a181ee3c0,0.2541491085504927,Medium,monitor_and_verify,"['observed_declining_trend', 'large_observed_decline']"
4328,content_96688198c848,0.25408189225825967,Low,monitor_and_verify,"['observed_declining_trend', 'large_observed_decline']"
4329,content_80ccd59a719f,0.2540724429339161,Medium,monitor_and_verify,['model_signal_requires_review']
4330,content_19e8e0ca29e9,0.2540470446349701,Low,monitor_and_verify,"['observed_declining_trend', 'large_observed_decline']"
4331,content_f5c34d912af8,0.2539910328687125,Medium,monitor_and_verify,['model_signal_requires_review']
4332,content_fd31ddf5ba2a,0.2538550862646904,Low,monitor_and_verify,['model_signal_requires_review']
4333,content_0919434d503e,0.2538223878935404,Medium,monitor_and_verify,"['observed_declining_trend', 'large_observed_decline']"
4334,content_fff8e7360d01,0.253799039730924,Medium,monitor_and_verify,['model_signal_requires_review']
4335,content_d03e59748526,0.2536834955610306,Medium,monitor_and_verify,"['observed_declining_trend', 'large_observed_decline']"
4336,content_fd80a1010807,0.2535105157546054,Medium,monitor_and_verify,"['observed_declining_trend', 'large_observed_decline']"
4337,content_12d060c367de,0.25349329698163103,Low,monitor_and_verify,['model_signal_requires_review']
4338,content_283fb243c9b8,0.2534699485993549,Low,monitor_and_verify,['model_signal_requires_review']
4339,content_b0981fa41b7a,0.2534609185157852,Medium,monitor_and_verify,['model_signal_requires_review']
4340,content_a4e083d8c665,0.2534128759811781,Low,monitor_and_verify,['model_signal_requires_review']
4341,content_d9cf8835e2a7,0.25341255759202,Medium,monitor_and_verify,"['observed_declining_trend', 'large_observed_decline']"
4342,content_3e1884b53656,0.2533731702710392,Medium,monitor_and_verify,"['observed_declining_trend', 'large_observed_decline']"
4343,content_7ce6f63886c8,0.2533547856532301,Medium,monitor_and_verify,['model_signal_requires_review']
4344,content_eeb8f4de4796,0.2533513806707055,Low,monitor_and_verify,"['observed_declining_trend', 'large_observed_decline']"
4345,content_bbe814c133ff,0.25327030323547417,Medium,monitor_and_verify,['model_signal_requires_review']
4346,content_10ec67c6a68d,0.2532310284860515,Medium,monitor_and_verify,['model_signal_requires_review']
4347,content_53b1751856e3,0.2532078317137761,Medium,monitor_and_verify,['model_signal_requires_review']
4348,content_000c896649cc,0.2532038989199964,Low,monitor_and_verify,"['observed_declining_trend', 'large_observed_decline']"
4349,content_ebfc24b941ad,0.25306719755638096,Low,monitor_and_verify,['model_signal_requires_review']
4350,content_4aa228eef7a1,0.25306719755638096,Low,monitor_and_verify,['model_signal_requires_review']
4351,content_125c53fdf1e7,0.2530221649639065,Medium,monitor_and_verify,"['observed_declining_trend', 'large_observed_decline']"
4352,content_b3994ba17e82,0.2529995017925398,Low,monitor_and_verify,['model_signal_requires_review']
4353,content_08500acfbe7c,0.2529993878002274,Medium,monitor_and_verify,"['observed_declining_trend', 'large_observed_decline']"
4354,content_7a82fa0b634e,0.2529710076755797,Low,monitor_and_verify,"['observed_declining_trend', 'large_observed_decline']"
4355,content_0d318a83f1a7,0.25296690250484793,Low,monitor_and_verify,"['observed_declining_trend', 'large_observed_decline']"
4356,content_4a8ed6268c17,0.2528668391032132,Medium,monitor_and_verify,"['observed_declining_trend', 'large_observed_decline']"
4357,content_fc815a8369f5,0.25280252919681884,Low,monitor_and_verify,"['observed_declining_trend', 'large_observed_decline']"
4358,content_1fc0d3390fc0,0.25276210641958574,Low,monitor_and_verify,"['observed_declining_trend', 'large_observed_decline']"
4359,content_b6a86abcee0d,0.2527369095417227,Low,monitor_and_verify,['model_signal_requires_review']
4360,content_899bf6f73251,0.25271897435023183,Medium,monitor_and_verify,"['observed_declining_trend', 'large_observed_decline']"
4361,content_7a883d489406,0.2526948426819683,Low,monitor_and_verify,['model_signal_requires_review']
4362,content_607f0f3bceae,0.25264524370238933,Low,monitor_and_verify,['model_signal_requires_review']
4363,content_6cb53d8fe521,0.25252074785292306,Medium,monitor_and_verify,"['observed_declining_trend', 'large_observed_decline']"
4364,content_56846ce78c82,0.2524079583686231,Medium,monitor_and_verify,"['observed_declining_trend', 'large_observed_decline']"
4365,content_37db2a63c9c7,0.2523832109483003,Low,monitor_and_verify,"['observed_declining_trend', 'large_observed_decline']"
4366,content_dcda112812f6,0.2523656215222831,Medium,monitor_and_verify,"['observed_declining_trend', 'large_observed_decline']"
4367,content_599f9c953f91,0.2523579373629506,Low,monitor_and_verify,"['observed_declining_trend', 'large_observed_decline']"
4368,content_52beab51fc39,0.2523359707863114,Medium,monitor_and_verify,['model_signal_requires_review']
4369,content_387c447c4e95,0.25231042458977665,Medium,monitor_and_verify,"['observed_declining_trend', 'large_observed_decline']"
4370,content_2b7a8c568e92,0.25230603008337393,Low,monitor_and_verify,['model_signal_requires_review']
4371,content_cff0e3db64d0,0.2522496699399392,Medium,monitor_and_verify,['model_signal_requires_review']
4372,content_9a1f2555b1eb,0.252238895786384,Medium,monitor_and_verify,['model_signal_requires_review']
4373,content_c3e4231878b4,0.25223419311771766,Medium,monitor_and_verify,['model_signal_requires_review']
4374,content_7fe7914ad0e0,0.2521586618966156,Medium,monitor_and_verify,"['observed_declining_trend', 'large_observed_decline']"
4375,content_71c7b5968117,0.252152303714215,Medium,monitor_and_verify,"['observed_declining_trend', 'large_observed_decline']"
4376,content_7768e375a15e,0.252081201356146,Medium,monitor_and_verify,"['observed_declining_trend', 'large_observed_decline']"
4377,content_2bb3a85eb290,0.2520271920502158,Low,monitor_and_verify,['model_signal_requires_review']
4378,content_3855328dee7a,0.2519912299873306,Medium,monitor_and_verify,['model_signal_requires_review']
4379,content_479f8ec909fe,0.2519149157788902,Medium,monitor_and_verify,['model_signal_requires_review']
4380,content_99f32aaf9234,0.2517938823983204,Medium,monitor_and_verify,['model_signal_requires_review']
4381,content_02560826d24f,0.251781833231994,Medium,monitor_and_verify,['model_signal_requires_review']
4382,content_9b97cccdaefb,0.2517145615945704,Low,monitor_and_verify,['model_signal_requires_review']
4383,content_03625cd1150b,0.25170885076264016,Low,monitor_and_verify,"['observed_declining_trend', 'large_observed_decline']"
4384,content_256a6c212300,0.2516813262692904,Medium,monitor_and_verify,"['observed_declining_trend', 'large_observed_decline']"
4385,content_cb46cf928f85,0.2515690143090646,Low,monitor_and_verify,"['observed_declining_trend', 'large_observed_decline']"
4386,content_43086d953bcc,0.25152131799525235,Low,monitor_and_verify,['model_signal_requires_review']
4387,content_213caf5cf556,0.25135890425467167,Low,monitor_and_verify,['model_signal_requires_review']
4388,content_1346eb73396d,0.2513096218008726,Medium,monitor_and_verify,"['observed_declining_trend', 'large_observed_decline']"
4389,content_39eaae5bce4a,0.2512920731784864,Medium,monitor_and_verify,['model_signal_requires_review']
4390,content_b5518d4f3fea,0.25127164055068635,Medium,monitor_and_verify,"['observed_declining_trend', 'large_observed_decline']"
4391,content_eed67fb12c02,0.25117311574689716,Medium,monitor_and_verify,['model_signal_requires_review']
4392,content_3c4dcf6dfc89,0.25105635430000234,Low,monitor_and_verify,"['observed_declining_trend', 'large_observed_decline']"
4393,content_26085fbfb7ee,0.2510331071447569,Low,monitor_and_verify,"['observed_declining_trend', 'large_observed_decline']"
4394,content_8738328a9c87,0.2510331071447569,Low,monitor_and_verify,['large_observed_decline']
4395,content_3caffc05c7f0,0.25101850613429866,Medium,monitor_and_verify,"['observed_declining_trend', 'large_observed_decline']"
4396,content_04e97796ac4d,0.2509841239851557,Medium,monitor_and_verify,"['observed_declining_trend', 'large_observed_decline']"
4397,content_e68adee72e4d,0.25090934008773585,Medium,monitor_and_verify,['model_signal_requires_review']
4398,content_c33897073127,0.2508877347548127,Low,monitor_and_verify,['model_signal_requires_review']
4399,content_b8dab8a0987f,0.2508736188016404,Low,monitor_and_verify,"['observed_declining_trend', 'large_observed_decline']"
4400,content_6a2383b4296f,0.25078953980429997,Medium,monitor_and_verify,"['observed_declining_trend', 'large_observed_decline']"
4401,content_70252984654c,0.25073100979344365,Medium,monitor_and_verify,"['observed_declining_trend', 'large_observed_decline']"
4402,content_925dd4890383,0.2507039427630628,Medium,monitor_and_verify,['model_signal_requires_review']
4403,content_f8a2a1141001,0.2506963665621713,Medium,monitor_and_verify,['model_signal_requires_review']
4404,content_54d3d871d13e,0.2506399647378025,Medium,monitor_and_verify,['model_signal_requires_review']
4405,content_ed4f9ab58560,0.2506100412075709,Low,monitor_and_verify,"['observed_declining_trend', 'large_observed_decline']"
4406,content_47e03bf0b0b8,0.25055406127867014,Medium,monitor_and_verify,['model_signal_requires_review']
4407,content_27fb9892d000,0.25054839695547804,Medium,monitor_and_verify,['model_signal_requires_review']
4408,content_b72b06434946,0.2503968928990493,Low,monitor_and_verify,"['observed_declining_trend', 'large_observed_decline']"
4409,content_a3548d64df7d,0.2503714386215399,Medium,monitor_and_verify,"['observed_declining_trend', 'large_observed_decline']"
4410,content_8bdf571e5d0e,0.2502842830684849,Low,monitor_and_verify,['model_signal_requires_review']
4411,content_c5c1e3c0d9c2,0.2502841228476976,Medium,monitor_and_verify,['model_signal_requires_review']
4412,content_37af3f678ecf,0.25028373160801903,Medium,monitor_and_verify,"['observed_declining_trend', 'large_observed_decline']"
4413,content_cb850da6bf12,0.25025968508006013,Medium,monitor_and_verify,"['observed_declining_trend', 'large_observed_decline']"
4414,content_abfd15f46882,0.2501728906954301,Medium,monitor_and_verify,['model_signal_requires_review']
4415,content_c3b95e6baf84,0.25016918900103036,Medium,monitor_and_verify,"['observed_declining_trend', 'large_observed_decline']"
4416,content_b80b0230d0a9,0.2501625318496829,Medium,monitor_and_verify,"['observed_declining_trend', 'large_observed_decline']"
4417,content_9e910c76fe4c,0.2501483194784098,Medium,monitor_and_verify,['model_signal_requires_review']
4418,content_2b8bf3b855a2,0.2501237647398097,Medium,monitor_and_verify,"['observed_declining_trend', 'large_observed_decline']"
4419,content_38fbb36fa36c,0.25008448080232193,Medium,monitor_and_verify,['model_signal_requires_review']
4420,content_ef1f45c34441,0.25004013594854835,Medium,monitor_and_verify,['model_signal_requires_review']
4421,content_46556f2240aa,0.2500251817375508,Medium,monitor_and_verify,['model_signal_requires_review']
4422,content_d943da81dc4e,0.24998583613665246,Medium,monitor_and_verify,['model_signal_requires_review']
4423,content_da7ad11e10c3,0.24998495310221125,Medium,monitor_and_verify,"['observed_declining_trend', 'large_observed_decline']"
4424,content_cf2d28cf95ec,0.24996019182169887,Low,monitor_and_verify,['model_signal_requires_review']
4425,content_2783e25b0710,0.24994158025178037,Medium,monitor_and_verify,"['observed_declining_trend', 'large_observed_decline']"
4426,content_bf73646cd408,0.2498883408834536,Low,monitor_and_verify,['model_signal_requires_review']
4427,content_4b9726e167a8,0.24981899400239493,Medium,monitor_and_verify,"['observed_declining_trend', 'large_observed_decline']"
4428,content_5d0a1ea004df,0.24981365874837627,Medium,monitor_and_verify,['model_signal_requires_review']
4429,content_6f24984bd099,0.2497470014566261,Low,monitor_and_verify,"['observed_declining_trend', 'large_observed_decline']"
4430,content_19f86b2807b8,0.24970148263569902,Low,monitor_and_verify,"['observed_declining_trend', 'large_observed_decline']"
4431,content_297ffbe239f4,0.24957522664661014,Medium,monitor_and_verify,"['observed_declining_trend', 'large_observed_decline']"
4432,content_97edd9d31897,0.2494405006794517,Medium,monitor_and_verify,"['observed_declining_trend', 'large_observed_decline']"
4433,content_95b01798e6f3,0.24929130852942863,Low,monitor_and_verify,['model_signal_requires_review']
4434,content_438fb51507ea,0.24926491707536916,Medium,monitor_and_verify,"['observed_declining_trend', 'large_observed_decline']"
4435,content_08dd19ebe332,0.24922399766989226,Medium,monitor_and_verify,['model_signal_requires_review']
4436,content_0513586edfbc,0.24920645643155878,Medium,monitor_and_verify,"['observed_declining_trend', 'large_observed_decline']"
4437,content_d8bed4cdd252,0.24919038361023382,Medium,monitor_and_verify,"['observed_declining_trend', 'large_observed_decline']"
4438,content_76b80127fd2b,0.24918465643321094,Low,monitor_and_verify,['model_signal_requires_review']
4439,content_7a84a9b5bf05,0.24917296628682592,Medium,monitor_and_verify,['model_signal_requires_review']
4440,content_75274ab02acb,0.2491645683507369,Low,monitor_and_verify,['model_signal_requires_review']
4441,content_093ab3c24de7,0.24915588545091574,Medium,monitor_and_verify,"['observed_declining_trend', 'large_observed_decline']"
4442,content_d54f809b260c,0.24909858518019348,Medium,monitor_and_verify,['model_signal_requires_review']
4443,content_365ffb2ca896,0.24901255229773345,Low,monitor_and_verify,['model_signal_requires_review']
4444,content_86e83855c103,0.2489511240337862,Medium,monitor_and_verify,"['observed_declining_trend', 'large_observed_decline']"
4445,content_ad5f9478d603,0.24894285498772148,Medium,monitor_and_verify,"['observed_declining_trend', 'large_observed_decline']"
4446,content_63a7db0259ce,0.2488737319232019,Medium,monitor_and_verify,"['observed_declining_trend', 'large_observed_decline']"
4447,content_c4b6fe20fadf,0.2488350938722462,Medium,monitor_and_verify,"['observed_declining_trend', 'large_observed_decline']"
4448,content_b046d6f5fcd8,0.24876283217804143,Medium,monitor_and_verify,['model_signal_requires_review']
4449,content_830b63c8dbac,0.24863375449310207,Medium,monitor_and_verify,['model_signal_requires_review']
4450,content_4870cf275fec,0.24857066148939466,Low,monitor_and_verify,['model_signal_requires_review']
4451,content_d70ada757917,0.24852896608156513,Medium,monitor_and_verify,['model_signal_requires_review']
4452,content_261dc1c0fb9c,0.2484562944494874,Medium,monitor_and_verify,['model_signal_requires_review']
4453,content_deb2676eeef1,0.24838180406209975,Medium,monitor_and_verify,"['observed_declining_trend', 'large_observed_decline']"
4454,content_e0da57a62e16,0.2483651906426488,Low,monitor_and_verify,"['observed_declining_trend', 'large_observed_decline']"
4455,content_7e69b13d445e,0.24831362278638985,Medium,monitor_and_verify,"['observed_declining_trend', 'large_observed_decline']"
4456,content_0a4f17a4ab54,0.24828525080349717,Medium,monitor_and_verify,['model_signal_requires_review']
4457,content_80f00957d4e7,0.24825161253333547,Low,monitor_and_verify,['model_signal_requires_review']
4458,content_9be26bd0feb2,0.24824070227328013,Low,monitor_and_verify,"['observed_declining_trend', 'large_observed_decline']"
4459,content_516d51b2955c,0.24816814401624876,Medium,monitor_and_verify,"['observed_declining_trend', 'large_observed_decline']"
4460,content_011ba6714bb6,0.24807176865310765,Medium,monitor_and_verify,['model_signal_requires_review']
4461,content_2c8956be0d58,0.24800635880865865,Medium,monitor_and_verify,['model_signal_requires_review']
4462,content_95c980a35562,0.24792515042128366,Medium,monitor_and_verify,"['observed_declining_trend', 'large_observed_decline']"
4463,content_dd93df6e704a,0.24790508310209514,Low,monitor_and_verify,['model_signal_requires_review']
4464,content_58144ba2f74e,0.24780400166306696,Medium,monitor_and_verify,['model_signal_requires_review']
4465,content_0d5a75339f4b,0.2477959226941168,Medium,monitor_and_verify,['model_signal_requires_review']
4466,content_73c54f78c06a,0.2477509475639257,Medium,monitor_and_verify,['model_signal_requires_review']
4467,content_8fe5aff59d1f,0.24770804273944264,Low,monitor_and_verify,['model_signal_requires_review']
4468,content_f8acd89eb9ef,0.24767497418453388,Low,monitor_and_verify,"['observed_declining_trend', 'large_observed_decline']"
4469,content_e734ce8f057a,0.24759988815533002,Medium,monitor_and_verify,['model_signal_requires_review']
4470,content_30facd2143b7,0.247573602332214,Medium,monitor_and_verify,"['observed_declining_trend', 'large_observed_decline']"
4471,content_0b689c5667de,0.24754168057623047,Medium,monitor_and_verify,['model_signal_requires_review']
4472,content_65b1c7d69af0,0.24752520876696393,Low,monitor_and_verify,['model_signal_requires_review']
4473,content_6589c04b58ce,0.2471749656650979,Low,monitor_and_verify,"['observed_declining_trend', 'large_observed_decline']"
4474,content_6da233543753,0.24712020372393367,Medium,monitor_and_verify,"['observed_declining_trend', 'large_observed_decline']"
4475,content_c0438e3c5c6d,0.24709139415236217,Medium,monitor_and_verify,"['observed_declining_trend', 'large_observed_decline']"
4476,content_76a30972876b,0.24707451111948112,Low,monitor_and_verify,"['observed_declining_trend', 'large_observed_decline']"
4477,content_75b513a6aaba,0.24693423501206355,Low,monitor_and_verify,"['observed_declining_trend', 'large_observed_decline']"
4478,content_d0f0593601de,0.24692922809353288,Medium,monitor_and_verify,['model_signal_requires_review']
4479,content_906507ad95ce,0.24691610997358832,Low,monitor_and_verify,['model_signal_requires_review']
4480,content_bfe7c8113aed,0.2468837454693984,Medium,monitor_and_verify,['model_signal_requires_review']
4481,content_5c70e097f613,0.24678227860841118,Medium,monitor_and_verify,"['observed_declining_trend', 'large_observed_decline']"
4482,content_45b120bb0885,0.24671065142293888,Medium,monitor_and_verify,['model_signal_requires_review']
4483,content_79fdc2a90e0a,0.24669296153912693,Medium,monitor_and_verify,['model_signal_requires_review']
4484,content_d6d6981499b6,0.24666554973990146,Medium,monitor_and_verify,"['observed_declining_trend', 'large_observed_decline']"
4485,content_ed62f10eacd4,0.24665502785777624,Low,monitor_and_verify,['model_signal_requires_review']
4486,content_b8300b053e43,0.24660657411936646,Medium,monitor_and_verify,['model_signal_requires_review']
4487,content_f62069a9208a,0.24658899227467798,Low,monitor_and_verify,['model_signal_requires_review']
4488,content_e12f86c29ff8,0.24651995668221072,Medium,monitor_and_verify,"['observed_declining_trend', 'large_observed_decline']"
4489,content_529faed5f67d,0.2464752464747534,Medium,monitor_and_verify,['model_signal_requires_review']
4490,content_1d00ce3850e6,0.24644801649584266,Medium,monitor_and_verify,"['observed_declining_trend', 'large_observed_decline']"
4491,content_521ea9c60b02,0.2463796160407476,Low,monitor_and_verify,['model_signal_requires_review']
4492,content_1583bfd6f804,0.24634014570578203,Medium,monitor_and_verify,['model_signal_requires_review']
4493,content_ee2303f5bdba,0.24631597638246167,Low,monitor_and_verify,"['observed_declining_trend', 'large_observed_decline']"
4494,content_c1fffa18961c,0.24631055983531985,Low,monitor_and_verify,['model_signal_requires_review']
4495,content_8b88debf6d35,0.24630238058664516,Medium,monitor_and_verify,['model_signal_requires_review']
4496,content_1f7b831ee01f,0.2462888936769988,Low,monitor_and_verify,"['observed_declining_trend', 'large_observed_decline']"
4497,content_6a96ab0bd63c,0.24623135910735125,Low,monitor_and_verify,"['observed_declining_trend', 'large_observed_decline']"
4498,content_32e0398ac750,0.2462293735967963,Medium,monitor_and_verify,"['observed_declining_trend', 'large_observed_decline']"
4499,content_09c4f5f03a74,0.24622019530165,Low,monitor_and_verify,"['observed_declining_trend', 'large_observed_decline']"
4500,content_e1638e7a3cb9,0.2461661189026204,Medium,monitor_and_verify,['model_signal_requires_review']
4501,content_28aba8137d93,0.24614350593042403,Medium,monitor_and_verify,"['observed_declining_trend', 'large_observed_decline']"
4502,content_4afa8f4c4754,0.2461377612955366,Medium,monitor_and_verify,"['observed_declining_trend', 'large_observed_decline']"
4503,content_59d53da68015,0.24610655185792746,Medium,monitor_and_verify,['model_signal_requires_review']
4504,content_7d03a05295b2,0.24593836911663602,Medium,monitor_and_verify,['model_signal_requires_review']
4505,content_b84c319494b9,0.2459345602806768,Low,monitor_and_verify,['model_signal_requires_review']
4506,content_395a0b5c7287,0.24591090270067004,Medium,monitor_and_verify,['model_signal_requires_review']
4507,content_19415130d5ee,0.245872299285439,Low,monitor_and_verify,"['observed_declining_trend', 'large_observed_decline']"
4508,content_b92a65abeeab,0.2458081688244534,Medium,monitor_and_verify,"['observed_declining_trend', 'large_observed_decline']"
4509,content_5a9d3d70cd90,0.24580042334490343,Low,monitor_and_verify,['model_signal_requires_review']
4510,content_54d639e084af,0.2457710729218624,Medium,monitor_and_verify,"['observed_declining_trend', 'large_observed_decline']"
4511,content_9612ed8d6a05,0.24572034422180636,Medium,monitor_and_verify,['model_signal_requires_review']
4512,content_f258849b08ca,0.24569010950652811,Medium,monitor_and_verify,"['observed_declining_trend', 'large_observed_decline']"
4513,content_5d01e2a93be7,0.24568211160343698,Low,monitor_and_verify,"['observed_declining_trend', 'large_observed_decline']"
4514,content_0f1399caa1ae,0.24562657154370252,Low,monitor_and_verify,['model_signal_requires_review']
4515,content_fdbcf987fae1,0.24561839961873563,Medium,monitor_and_verify,['model_signal_requires_review']
4516,content_e7cb53c0f89e,0.2455795690719287,Medium,monitor_and_verify,"['observed_declining_trend', 'large_observed_decline']"
4517,content_9483a12a1ecc,0.24556477567656576,Medium,monitor_and_verify,"['observed_declining_trend', 'large_observed_decline']"
4518,content_1939180bfe36,0.24554219288501802,Low,monitor_and_verify,['model_signal_requires_review']
4519,content_fd945d13065f,0.24552287359407368,Medium,monitor_and_verify,['model_signal_requires_review']
4520,content_8b34042b7a96,0.2454450795788504,Medium,monitor_and_verify,['model_signal_requires_review']
4521,content_39687f105016,0.24539708274588065,Medium,monitor_and_verify,"['observed_declining_trend', 'large_observed_decline']"
4522,content_2fac394011e7,0.2453164151985321,Medium,monitor_and_verify,['model_signal_requires_review']
4523,content_f7261959d3e4,0.24529293620132478,Medium,monitor_and_verify,['model_signal_requires_review']
4524,content_03b07ca887ed,0.24526305222768827,Medium,monitor_and_verify,['model_signal_requires_review']
4525,content_af276dd998e0,0.24517053080356585,Medium,monitor_and_verify,['model_signal_requires_review']
4526,content_64c9e22f23f7,0.24516643949047265,Low,monitor_and_verify,['model_signal_requires_review']
4527,content_7e7d333c0af0,0.24514186597144094,Medium,monitor_and_verify,['model_signal_requires_review']
4528,content_cf11e5bef79f,0.24510712147783154,Low,monitor_and_verify,['model_signal_requires_review']
4529,content_05331cba6ad3,0.24506195720948223,Low,monitor_and_verify,['model_signal_requires_review']
4530,content_712fbbbb3481,0.24497884722115335,Low,monitor_and_verify,['model_signal_requires_review']
4531,content_9ac3d96b5b48,0.24489491722277673,Medium,monitor_and_verify,['model_signal_requires_review']
4532,content_609c24246177,0.2448081999002336,Low,monitor_and_verify,"['observed_declining_trend', 'large_observed_decline']"
4533,content_99fd29e602b6,0.24478199599915437,Low,monitor_and_verify,['model_signal_requires_review']
4534,content_51240b821461,0.24474145716036327,Medium,monitor_and_verify,['model_signal_requires_review']
4535,content_cd6fdaf35403,0.24470676474537698,Medium,monitor_and_verify,"['observed_declining_trend', 'large_observed_decline']"
4536,content_264fd4d30b6f,0.24463142350817496,Low,monitor_and_verify,['model_signal_requires_review']
4537,content_4baabeaad579,0.24456707840497965,Medium,monitor_and_verify,['model_signal_requires_review']
4538,content_0b0829e2c111,0.24453588466863815,Medium,monitor_and_verify,"['observed_declining_trend', 'large_observed_decline']"
4539,content_7207683d060b,0.24435717248795355,Medium,monitor_and_verify,"['observed_declining_trend', 'large_observed_decline']"
4540,content_5d69d55ace24,0.24423053056594354,Medium,monitor_and_verify,"['observed_declining_trend', 'large_observed_decline']"
4541,content_8dcf8c4b3e9a,0.24420223613291236,Low,monitor_and_verify,"['observed_declining_trend', 'large_observed_decline']"
4542,content_b4c79208b569,0.24418849639952636,Medium,monitor_and_verify,"['observed_declining_trend', 'large_observed_decline']"
4543,content_a8178a8101ee,0.24415986266807152,Medium,monitor_and_verify,"['observed_declining_trend', 'large_observed_decline']"
4544,content_82572b951646,0.24413016073930716,Medium,monitor_and_verify,['model_signal_requires_review']
4545,content_f0eab88acf23,0.244007918605404,Low,monitor_and_verify,['model_signal_requires_review']
4546,content_d885bca1f73f,0.24397109850571208,Medium,monitor_and_verify,['model_signal_requires_review']
4547,content_208f24e28209,0.24391444122915099,Low,monitor_and_verify,['model_signal_requires_review']
4548,content_7064f36b02dc,0.2439074010512848,Low,monitor_and_verify,['model_signal_requires_review']
4549,content_53eff13437f9,0.24387194618326707,Low,monitor_and_verify,['model_signal_requires_review']
4550,content_56f4652c9b6e,0.24382395922358435,Medium,monitor_and_verify,['model_signal_requires_review']
4551,content_da6a103cafcf,0.2438202082021372,Medium,monitor_and_verify,['model_signal_requires_review']
4552,content_1bfca0e6bb66,0.24370663583784463,Medium,monitor_and_verify,['model_signal_requires_review']
4553,content_abc4bde782c9,0.24369665658508713,Low,monitor_and_verify,['model_signal_requires_review']
4554,content_2cde073b39dd,0.2436817223050644,Low,monitor_and_verify,"['observed_declining_trend', 'large_observed_decline']"
4555,content_2021dc8bd93e,0.24362256089503684,Medium,monitor_and_verify,['model_signal_requires_review']
4556,content_5008a184a9ed,0.24358902700930532,Medium,monitor_and_verify,['model_signal_requires_review']
4557,content_e172e24d3024,0.24355812031672527,Medium,monitor_and_verify,"['observed_declining_trend', 'large_observed_decline']"
4558,content_0d884f1a931e,0.24355372957083699,Medium,monitor_and_verify,['model_signal_requires_review']
4559,content_d52640dd8dca,0.24353692139194869,Low,monitor_and_verify,"['observed_declining_trend', 'large_observed_decline']"
4560,content_059abcdaf2f2,0.24353172586496735,Low,monitor_and_verify,['model_signal_requires_review']
4561,content_b5fe0e1f8942,0.2434054285728867,Low,monitor_and_verify,"['observed_declining_trend', 'large_observed_decline']"
4562,content_277879fdcbcd,0.24338647995383453,Medium,monitor_and_verify,"['observed_declining_trend', 'large_observed_decline']"
4563,content_1ba4ccc84cde,0.2433593113128847,Low,monitor_and_verify,['model_signal_requires_review']
4564,content_a411cfe253c1,0.2433378892108772,Low,monitor_and_verify,['model_signal_requires_review']
4565,content_e0f75f03ddb9,0.24331181182099873,Low,monitor_and_verify,"['observed_declining_trend', 'large_observed_decline']"
4566,content_9e3816a4198e,0.24315609155889858,Medium,monitor_and_verify,['model_signal_requires_review']
4567,content_ede4d2a70581,0.2431023642812853,Medium,monitor_and_verify,"['observed_declining_trend', 'large_observed_decline']"
4568,content_abfa53fe7911,0.24307805856116194,Low,monitor_and_verify,"['observed_declining_trend', 'large_observed_decline']"
4569,content_eedb339e78fb,0.2430035817249361,Medium,monitor_and_verify,"['observed_declining_trend', 'large_observed_decline']"
4570,content_a07e64a2cea4,0.24290857541741773,Low,monitor_and_verify,['model_signal_requires_review']
4571,content_749fea292449,0.24290646923917175,Medium,monitor_and_verify,['model_signal_requires_review']
4572,content_38b9529bf1b6,0.24275451420890543,Low,monitor_and_verify,"['observed_declining_trend', 'large_observed_decline']"
4573,content_3171371a75e6,0.24270244067429136,Low,monitor_and_verify,"['observed_declining_trend', 'large_observed_decline']"
4574,content_bede649d3b3e,0.24265132260132233,Low,monitor_and_verify,['model_signal_requires_review']
4575,content_3f38d9d022e2,0.24254414262552623,Medium,monitor_and_verify,"['observed_declining_trend', 'large_observed_decline']"
4576,content_c94b98f60924,0.24247489771100533,Medium,monitor_and_verify,"['observed_declining_trend', 'large_observed_decline']"
4577,content_c9a70fe6cdbd,0.24241310942532862,Low,monitor_and_verify,"['observed_declining_trend', 'large_observed_decline']"
4578,content_09f36a8feb8c,0.24236023235017104,Medium,monitor_and_verify,"['observed_declining_trend', 'large_observed_decline']"
4579,content_ff150bc51704,0.24222783853629673,Medium,monitor_and_verify,['model_signal_requires_review']
4580,content_c170ab55d53b,0.24202324137667341,Medium,monitor_and_verify,"['observed_declining_trend', 'large_observed_decline']"
4581,content_47dd9599d562,0.2419981991870219,Low,monitor_and_verify,"['observed_declining_trend', 'large_observed_decline']"
4582,content_ea6e74b671e3,0.24197323781529487,Medium,monitor_and_verify,['model_signal_requires_review']
4583,content_59012b44adb8,0.2418699904871526,Medium,monitor_and_verify,['model_signal_requires_review']
4584,content_ffffc9a0c08c,0.2418522197153143,Low,monitor_and_verify,['model_signal_requires_review']
4585,content_931cf9e44e8a,0.2417898918716584,Medium,monitor_and_verify,['model_signal_requires_review']
4586,content_9173ca4982b5,0.24166612084867828,Medium,monitor_and_verify,"['observed_declining_trend', 'large_observed_decline']"
4587,content_a1defa0ee34a,0.24158671914800214,Low,monitor_and_verify,['model_signal_requires_review']
4588,content_464f17868335,0.24141040027774974,Low,monitor_and_verify,"['observed_declining_trend', 'large_observed_decline']"
4589,content_b8b3a9403cee,0.24138792890052707,Medium,monitor_and_verify,['model_signal_requires_review']
4590,content_10a4180682c1,0.24131451518340868,Medium,monitor_and_verify,"['observed_declining_trend', 'large_observed_decline']"
4591,content_f04ac0af071c,0.24129936141740121,Medium,monitor_and_verify,['model_signal_requires_review']
4592,content_5214de409e4f,0.24128584609300038,Low,monitor_and_verify,['model_signal_requires_review']
4593,content_c2d3553f8ada,0.2412565444822072,Low,monitor_and_verify,"['observed_declining_trend', 'large_observed_decline']"
4594,content_9cf876e274c8,0.24111930776044588,Medium,monitor_and_verify,"['observed_declining_trend', 'large_observed_decline']"
4595,content_a82df1afd767,0.241089117101418,Medium,monitor_and_verify,['model_signal_requires_review']
4596,content_d9adbf211a24,0.24099365731175246,Medium,monitor_and_verify,['model_signal_requires_review']
4597,content_3f5bc363a67d,0.2409724806059204,Medium,monitor_and_verify,['model_signal_requires_review']
4598,content_d643674bfdca,0.2409263462914053,Medium,monitor_and_verify,"['observed_declining_trend', 'large_observed_decline']"
4599,content_f68a0cf4e545,0.2409096062800323,Low,monitor_and_verify,"['observed_declining_trend', 'large_observed_decline']"
4600,content_f8c0a48792e2,0.24070812582636658,Low,monitor_and_verify,['model_signal_requires_review']
4601,content_9c141384124b,0.24065829826402307,Medium,monitor_and_verify,['model_signal_requires_review']
4602,content_be6adc2dbd63,0.24063040156923468,Medium,monitor_and_verify,['model_signal_requires_review']
4603,content_81aacf180df3,0.24056439903053017,Medium,monitor_and_verify,['model_signal_requires_review']
4604,content_5b4202c5f7f0,0.2405050101769188,Medium,monitor_and_verify,"['observed_declining_trend', 'large_observed_decline']"
4605,content_7ec8e8518ecf,0.24049639285022154,Low,monitor_and_verify,"['observed_declining_trend', 'large_observed_decline']"
4606,content_0978243e4aa3,0.240399946031616,Low,monitor_and_verify,['model_signal_requires_review']
4607,content_7928e72dd6d8,0.2403798073528056,Medium,monitor_and_verify,['model_signal_requires_review']
4608,content_2ca0ae59a3e0,0.24033020133551675,Medium,monitor_and_verify,"['observed_declining_trend', 'large_observed_decline']"
4609,content_a8a2c6189790,0.24022071980064505,Medium,monitor_and_verify,['model_signal_requires_review']
4610,content_c567607d2989,0.24020468553422689,Medium,monitor_and_verify,['model_signal_requires_review']
4611,content_727a25d0f92f,0.24018810872988142,Medium,monitor_and_verify,"['observed_declining_trend', 'large_observed_decline']"
4612,content_d34c82e5ddeb,0.2401769718618372,Medium,monitor_and_verify,['model_signal_requires_review']
4613,content_0315b4020af3,0.24015350892366863,Medium,monitor_and_verify,['model_signal_requires_review']
4614,content_62d0407f1998,0.2401377670002365,Medium,monitor_and_verify,['model_signal_requires_review']
4615,content_adaec15ef2e5,0.24011383248993715,Low,monitor_and_verify,"['observed_declining_trend', 'large_observed_decline']"
4616,content_38d0f423e408,0.23998494184220892,Medium,monitor_and_verify,['model_signal_requires_review']
4617,content_2b5359e179b0,0.23989820269633844,Medium,monitor_and_verify,['model_signal_requires_review']
4618,content_ecb80fffef19,0.2398869151549282,Medium,monitor_and_verify,"['observed_declining_trend', 'large_observed_decline']"
4619,content_54e54c775717,0.2398637899000891,Medium,monitor_and_verify,['model_signal_requires_review']
4620,content_9d393029065a,0.23985958157424528,Medium,monitor_and_verify,['model_signal_requires_review']
4621,content_ccfdda6793b4,0.2398497989114378,Low,monitor_and_verify,['model_signal_requires_review']
4622,content_e523840da724,0.2398382765582331,Medium,monitor_and_verify,"['observed_declining_trend', 'large_observed_decline']"
4623,content_c5e109e0af90,0.23982164125675653,Medium,monitor_and_verify,"['observed_declining_trend', 'large_observed_decline']"
4624,content_0663ba1a1822,0.23979911214537022,Medium,monitor_and_verify,"['observed_declining_trend', 'large_observed_decline']"
4625,content_de3344df3971,0.23977534907692277,Low,monitor_and_verify,"['observed_declining_trend', 'large_observed_decline']"
4626,content_c623da9bd614,0.23974683260973773,Low,monitor_and_verify,['model_signal_requires_review']
4627,content_3cb81c72e3c4,0.23973148054100857,Medium,monitor_and_verify,['model_signal_requires_review']
4628,content_63c5cd559eaf,0.23972159526105968,Medium,monitor_and_verify,['model_signal_requires_review']
4629,content_7280552cadf0,0.23966007005959425,Medium,monitor_and_verify,['model_signal_requires_review']
4630,content_78afcf3ee0f4,0.239606984021543,Medium,monitor_and_verify,['model_signal_requires_review']
4631,content_ae8502b547de,0.23953440846133262,Medium,monitor_and_verify,"['observed_declining_trend', 'large_observed_decline']"
4632,content_e4ac3c6df79b,0.23951847228112594,Low,monitor_and_verify,"['observed_declining_trend', 'large_observed_decline']"
4633,content_d0a8a882c042,0.23934579427786098,Medium,monitor_and_verify,['model_signal_requires_review']
4634,content_2869acd96e48,0.239344299999515,Low,monitor_and_verify,"['observed_declining_trend', 'large_observed_decline']"
4635,content_a89bd32e72e6,0.239265868983295,Medium,monitor_and_verify,['model_signal_requires_review']
4636,content_98c3a1265641,0.23924797553455585,Medium,monitor_and_verify,"['observed_declining_trend', 'large_observed_decline']"
4637,content_75d0436e9f47,0.23922159612634444,Low,monitor_and_verify,['model_signal_requires_review']
4638,content_a7c0affbca5a,0.23920648155140298,Low,monitor_and_verify,"['observed_declining_trend', 'large_observed_decline']"
4639,content_ec7b8098875c,0.23918147321072022,Medium,monitor_and_verify,['model_signal_requires_review']
4640,content_21b65e455525,0.23915005236810452,Medium,monitor_and_verify,['model_signal_requires_review']
4641,content_6da3125ed2a5,0.2391030243660526,Medium,monitor_and_verify,['model_signal_requires_review']
4642,content_f710d08f195d,0.23908388322284654,Low,monitor_and_verify,"['observed_declining_trend', 'large_observed_decline']"
4643,content_343e4608e829,0.2389911978056323,Medium,monitor_and_verify,"['observed_declining_trend', 'large_observed_decline']"
4644,content_1884353791a8,0.23894095116895603,Low,monitor_and_verify,['model_signal_requires_review']
4645,content_756881a4736b,0.2389371017554739,Medium,monitor_and_verify,"['observed_declining_trend', 'large_observed_decline']"
4646,content_a77bd5e6de66,0.23889569353734033,Medium,monitor_and_verify,['model_signal_requires_review']
4647,content_5a6e508b7597,0.23889230688850494,Medium,monitor_and_verify,"['observed_declining_trend', 'large_observed_decline']"
4648,content_31b37ae51c0c,0.23886886913689812,Low,monitor_and_verify,['model_signal_requires_review']
4649,content_0ef7040d504a,0.23883401734713264,Medium,monitor_and_verify,"['observed_declining_trend', 'large_observed_decline']"
4650,content_4ffdd573fb33,0.2388085221668517,Low,monitor_and_verify,['model_signal_requires_review']
4651,content_47d62e68cd7a,0.23875814667202075,Low,monitor_and_verify,"['observed_declining_trend', 'large_observed_decline']"
4652,content_ea1f99ab1032,0.2387302829860723,Low,monitor_and_verify,"['observed_declining_trend', 'large_observed_decline']"
4653,content_b43d011aff4f,0.23872767845100956,Medium,monitor_and_verify,['model_signal_requires_review']
4654,content_57971022aadc,0.238703071095941,Medium,monitor_and_verify,"['observed_declining_trend', 'large_observed_decline']"
4655,content_a498b30af4f7,0.23865725914350927,Medium,monitor_and_verify,['model_signal_requires_review']
4656,content_60c3cb54ea34,0.2385588032271698,Low,monitor_and_verify,['model_signal_requires_review']
4657,content_d9b22972eaae,0.23845856807695343,Medium,monitor_and_verify,"['observed_declining_trend', 'large_observed_decline']"
4658,content_aa6869ca9d28,0.23844942239835296,Low,monitor_and_verify,['model_signal_requires_review']
4659,content_f663c691f998,0.23842868722699728,Low,monitor_and_verify,['model_signal_requires_review']
4660,content_f3a2520e3120,0.23840273591252611,Low,monitor_and_verify,"['observed_declining_trend', 'large_observed_decline']"
4661,content_ab86fe44dea1,0.23838974178506642,Low,monitor_and_verify,"['observed_declining_trend', 'large_observed_decline']"
4662,content_eee936f70d76,0.23838800348234845,Medium,monitor_and_verify,"['observed_declining_trend', 'large_observed_decline']"
4663,content_023735e65055,0.2382018163484563,Medium,monitor_and_verify,"['observed_declining_trend', 'large_observed_decline']"
4664,content_fd65ddd3504b,0.23819161287632487,Medium,monitor_and_verify,['model_signal_requires_review']
4665,content_ab05043f1175,0.238179350337174,Medium,monitor_and_verify,['model_signal_requires_review']
4666,content_93d5f1ac34c8,0.23814658321541213,Low,monitor_and_verify,['model_signal_requires_review']
4667,content_106e2d24c1ea,0.23813698917045367,Low,monitor_and_verify,"['observed_declining_trend', 'large_observed_decline']"
4668,content_adb76cf9c286,0.23811924563164935,Low,monitor_and_verify,"['observed_declining_trend', 'large_observed_decline']"
4669,content_f346692204a7,0.23805956498437578,Medium,monitor_and_verify,"['observed_declining_trend', 'large_observed_decline']"
4670,content_f70494633820,0.23805821557162252,Medium,monitor_and_verify,"['observed_declining_trend', 'large_observed_decline']"
4671,content_279959931918,0.23800994152474075,Medium,monitor_and_verify,"['observed_declining_trend', 'large_observed_decline']"
4672,content_ff8ea1364b59,0.2380085500675693,Low,monitor_and_verify,"['observed_declining_trend', 'large_observed_decline']"
4673,content_e9e556620469,0.23797476197766046,Medium,monitor_and_verify,"['observed_declining_trend', 'large_observed_decline']"
4674,content_cc0f20917ee0,0.2379722399488817,Low,monitor_and_verify,['model_signal_requires_review']
4675,content_c62c6e689038,0.23793198520293993,Medium,monitor_and_verify,['model_signal_requires_review']
4676,content_a428af48d0c7,0.2378824772813395,Medium,monitor_and_verify,['model_signal_requires_review']
4677,content_0816b4288e05,0.23786998164247852,Low,monitor_and_verify,"['observed_declining_trend', 'large_observed_decline']"
4678,content_cb889e05f912,0.23786598297482034,Medium,monitor_and_verify,"['observed_declining_trend', 'large_observed_decline']"
4679,content_5af81363d22c,0.23776674387247104,Medium,monitor_and_verify,['model_signal_requires_review']
4680,content_048f3a500f56,0.23772763614282658,Low,monitor_and_verify,"['observed_declining_trend', 'large_observed_decline']"
4681,content_406db3266689,0.23770941308652277,Low,monitor_and_verify,"['observed_declining_trend', 'large_observed_decline']"
4682,content_d7b2eb5af17b,0.23770261651387378,Low,monitor_and_verify,['model_signal_requires_review']
4683,content_6a312aed27fd,0.2376957794791875,Low,monitor_and_verify,['model_signal_requires_review']
4684,content_76a23395000b,0.2376508803778279,Medium,monitor_and_verify,"['observed_declining_trend', 'large_observed_decline']"
4685,content_83c7b7f65e6b,0.2376350859878967,Medium,monitor_and_verify,['model_signal_requires_review']
4686,content_2b45109000cf,0.23757860887197524,Low,monitor_and_verify,['model_signal_requires_review']
4687,content_07df47f48572,0.23755306998472336,Medium,monitor_and_verify,['model_signal_requires_review']
4688,content_9a5a48758da3,0.23748338239550573,Medium,monitor_and_verify,"['observed_declining_trend', 'large_observed_decline']"
4689,content_468aa3110cc6,0.23742703263747222,Medium,monitor_and_verify,['model_signal_requires_review']
4690,content_141dc5ae59a8,0.2373579172975101,Medium,monitor_and_verify,"['observed_declining_trend', 'large_observed_decline']"
4691,content_024dc43acfa4,0.23734654426318513,Low,monitor_and_verify,['model_signal_requires_review']
4692,content_a00c249b224d,0.2372941350975971,Medium,monitor_and_verify,"['observed_declining_trend', 'large_observed_decline']"
4693,content_aba4b4460e47,0.23718067139875704,Low,monitor_and_verify,"['observed_declining_trend', 'large_observed_decline']"
4694,content_16cea6dfd98d,0.23717603258152242,Medium,monitor_and_verify,"['observed_declining_trend', 'large_observed_decline']"
4695,content_165eddf73584,0.23716858337842037,Low,monitor_and_verify,['model_signal_requires_review']
4696,content_f670e8a58608,0.23714597619063005,Low,monitor_and_verify,"['observed_declining_trend', 'large_observed_decline']"
4697,content_2204f2f125c2,0.23709435709922208,Medium,monitor_and_verify,"['observed_declining_trend', 'large_observed_decline']"
4698,content_38083c7ee912,0.2370664673696349,Medium,monitor_and_verify,['model_signal_requires_review']
4699,content_7c385e8da058,0.23705233460276645,Low,monitor_and_verify,"['observed_declining_trend', 'large_observed_decline']"
4700,content_c4fc2f43eaa0,0.23695275590353124,Medium,monitor_and_verify,"['observed_declining_trend', 'large_observed_decline']"
4701,content_3db5f4f440b0,0.23693037056223148,Medium,monitor_and_verify,['model_signal_requires_review']
4702,content_f3fc70cb226d,0.23687626209722468,Medium,monitor_and_verify,"['observed_declining_trend', 'large_observed_decline']"
4703,content_e8743787bbef,0.23687625359614445,Medium,monitor_and_verify,"['observed_declining_trend', 'large_observed_decline']"
4704,content_c103df72e15c,0.2368401838305769,Medium,monitor_and_verify,['model_signal_requires_review']
4705,content_b918aa98486b,0.23683062874525893,Medium,monitor_and_verify,['model_signal_requires_review']
4706,content_62abc4bd66be,0.2367648256977464,Medium,monitor_and_verify,['model_signal_requires_review']
4707,content_dc99a69a88c9,0.23672982275441076,Medium,monitor_and_verify,"['observed_declining_trend', 'large_observed_decline']"
4708,content_7b54202bac86,0.2367099086927417,Medium,monitor_and_verify,['model_signal_requires_review']
4709,content_c3cef2b615f9,0.23659002438402074,Medium,monitor_and_verify,['model_signal_requires_review']
4710,content_7a80a53817b0,0.23651655247649586,Low,monitor_and_verify,"['observed_declining_trend', 'large_observed_decline']"
4711,content_4f2533184943,0.23647285556306727,Low,monitor_and_verify,"['observed_declining_trend', 'large_observed_decline']"
4712,content_06c9e43d1287,0.23646347530228576,Low,monitor_and_verify,"['observed_declining_trend', 'large_observed_decline']"
4713,content_54289eb1f9e1,0.23645093393958969,Medium,monitor_and_verify,['model_signal_requires_review']
4714,content_2b79e83ac9a0,0.23643276847010236,Medium,monitor_and_verify,['model_signal_requires_review']
4715,content_11bec72dc466,0.2364234339085022,Low,monitor_and_verify,['model_signal_requires_review']
4716,content_fb7d625be26f,0.23639264059625642,Medium,monitor_and_verify,['model_signal_requires_review']
4717,content_d67d4369c4a3,0.23633419025686114,Medium,monitor_and_verify,['model_signal_requires_review']
4718,content_6989c356365e,0.23633310645788977,Medium,monitor_and_verify,"['observed_declining_trend', 'large_observed_decline']"
4719,content_24a63ec7c93b,0.23630770088965966,Medium,monitor_and_verify,['model_signal_requires_review']
4720,content_9625b0d86d2d,0.23629988517404574,Medium,monitor_and_verify,['model_signal_requires_review']
4721,content_026916bfa9ab,0.2362957513353803,Medium,monitor_and_verify,['model_signal_requires_review']
4722,content_204d81c4117d,0.23627397816941273,Medium,monitor_and_verify,['model_signal_requires_review']
4723,content_735fb136742e,0.23626577330575363,Medium,monitor_and_verify,"['observed_declining_trend', 'large_observed_decline']"
4724,content_8e2937f1645f,0.23617176752262053,Medium,monitor_and_verify,"['observed_declining_trend', 'large_observed_decline']"
4725,content_2a42480087db,0.23616229764860208,Low,monitor_and_verify,"['observed_declining_trend', 'large_observed_decline']"
4726,content_385ad5955fc2,0.23614201456689907,Medium,monitor_and_verify,['model_signal_requires_review']
4727,content_92c1ef947ff8,0.23614062658147783,Medium,monitor_and_verify,['model_signal_requires_review']
4728,content_66c2d265640d,0.23607725464265472,Medium,monitor_and_verify,['model_signal_requires_review']
4729,content_405c5da29913,0.23606936408038084,Low,monitor_and_verify,"['observed_declining_trend', 'large_observed_decline']"
4730,content_ca35d6668c8e,0.23605168408871152,Medium,monitor_and_verify,"['observed_declining_trend', 'large_observed_decline']"
4731,content_2054b8cda81d,0.23596894274164754,Low,monitor_and_verify,['model_signal_requires_review']
4732,content_d663eacf9688,0.23594809168970368,Medium,monitor_and_verify,"['observed_declining_trend', 'large_observed_decline']"
4733,content_2bde19bfd8f8,0.23590787619065381,Medium,monitor_and_verify,['model_signal_requires_review']
4734,content_99c747369612,0.23576188823715205,Medium,monitor_and_verify,"['observed_declining_trend', 'large_observed_decline']"
4735,content_234d710c86b9,0.23567891805675714,Medium,monitor_and_verify,['model_signal_requires_review']
4736,content_7de54e2da10a,0.235672791406973,Low,monitor_and_verify,"['observed_declining_trend', 'large_observed_decline']"
4737,content_35548a435e63,0.23564437571875005,Low,monitor_and_verify,['model_signal_requires_review']
4738,content_4b25a482ad4d,0.2356364462825383,Low,monitor_and_verify,['model_signal_requires_review']
4739,content_2560766fc02b,0.23560518843844463,Medium,monitor_and_verify,['model_signal_requires_review']
4740,content_52f1e9ee9923,0.23554861392194842,Medium,monitor_and_verify,['model_signal_requires_review']
4741,content_b996521be9c9,0.2355391684264426,Medium,monitor_and_verify,['model_signal_requires_review']
4742,content_d7e222df21c9,0.23551301944129763,Medium,monitor_and_verify,['model_signal_requires_review']
4743,content_7fb8a56336e1,0.23546269995874378,Medium,monitor_and_verify,['model_signal_requires_review']
4744,content_f1c903c71329,0.23532182660600293,Low,monitor_and_verify,['model_signal_requires_review']
4745,content_b6bb24742416,0.23526120156033112,Low,monitor_and_verify,['model_signal_requires_review']
4746,content_d7ccad3f6bbc,0.23522903911085113,Medium,monitor_and_verify,['model_signal_requires_review']
4747,content_25d4eaa6ee1f,0.23521315481609467,Medium,monitor_and_verify,"['observed_declining_trend', 'large_observed_decline']"
4748,content_d7bf08e6602a,0.2352097412718383,Low,monitor_and_verify,"['observed_declining_trend', 'large_observed_decline']"
4749,content_d50a0cf19bc3,0.23513106106352832,Medium,monitor_and_verify,"['observed_declining_trend', 'large_observed_decline']"
4750,content_b3733b63fe1d,0.23511633069303245,Medium,monitor_and_verify,['model_signal_requires_review']
4751,content_a4d677c4395d,0.23499220127029366,Low,monitor_and_verify,"['observed_declining_trend', 'large_observed_decline']"
4752,content_4b70c9928c35,0.23497068490984485,Medium,monitor_and_verify,"['observed_declining_trend', 'large_observed_decline']"
4753,content_f516cec15df8,0.2348916706695113,Medium,monitor_and_verify,['model_signal_requires_review']
4754,content_c81b352b270b,0.23486905480719425,Medium,monitor_and_verify,['model_signal_requires_review']
4755,content_670b08a87508,0.23469074426222303,Medium,monitor_and_verify,['model_signal_requires_review']
4756,content_5e4e7b5040b9,0.23463097856582654,Medium,monitor_and_verify,['model_signal_requires_review']
4757,content_de2ac3a1cb77,0.23454725794397438,Low,monitor_and_verify,['model_signal_requires_review']
4758,content_09e9eee59a4b,0.23445914088798872,Low,monitor_and_verify,['model_signal_requires_review']
4759,content_4f2854b20942,0.2344431469374536,Low,monitor_and_verify,"['observed_declining_trend', 'large_observed_decline']"
4760,content_a818957b3a1f,0.2343854505448177,Medium,monitor_and_verify,['model_signal_requires_review']
4761,content_5ad0e75a5119,0.23437615741763432,Medium,monitor_and_verify,['model_signal_requires_review']
4762,content_cf358d1c9b18,0.23436411873314156,Medium,monitor_and_verify,['model_signal_requires_review']
4763,content_6f35a935faca,0.23435321846158436,Low,monitor_and_verify,"['observed_declining_trend', 'large_observed_decline']"
4764,content_e69538673155,0.23431723303084737,Medium,monitor_and_verify,"['observed_declining_trend', 'large_observed_decline']"
4765,content_8fbd1be8db88,0.2342356620681707,Medium,monitor_and_verify,['model_signal_requires_review']
4766,content_1ebadcc705b1,0.23415614650464553,Medium,monitor_and_verify,['model_signal_requires_review']
4767,content_1a5295d1b61a,0.23407069708968328,Low,monitor_and_verify,"['observed_declining_trend', 'large_observed_decline']"
4768,content_fa014137b3ea,0.23394438885790927,Medium,monitor_and_verify,"['observed_declining_trend', 'large_observed_decline']"
4769,content_cb5032bdf834,0.23394349975291134,Medium,monitor_and_verify,"['observed_declining_trend', 'large_observed_decline']"
4770,content_b6e0c24b198f,0.23390752332277662,Medium,monitor_and_verify,['model_signal_requires_review']
4771,content_f783272376bf,0.23383879331145882,Medium,monitor_and_verify,['model_signal_requires_review']
4772,content_b567edd38e17,0.2338201090853844,Medium,monitor_and_verify,"['observed_declining_trend', 'large_observed_decline']"
4773,content_d68e83f92ed9,0.23376615384546245,Medium,monitor_and_verify,['model_signal_requires_review']
4774,content_2cb5e2e836e6,0.2336487698395758,Low,monitor_and_verify,['model_signal_requires_review']
4775,content_02141810795a,0.23353239521681415,Medium,monitor_and_verify,"['observed_declining_trend', 'large_observed_decline']"
4776,content_8b9d2f4109de,0.2333737128975288,Medium,monitor_and_verify,"['observed_declining_trend', 'large_observed_decline']"
4777,content_8a1fbaf0f871,0.23336567789760088,Medium,monitor_and_verify,"['observed_declining_trend', 'large_observed_decline']"
4778,content_15e922d2d8a0,0.23336521640792682,Medium,monitor_and_verify,"['observed_declining_trend', 'large_observed_decline']"
4779,content_5de502fdd86c,0.2332009752513056,Low,monitor_and_verify,"['observed_declining_trend', 'large_observed_decline']"
4780,content_63804e59025a,0.2331568127494905,Low,monitor_and_verify,"['observed_declining_trend', 'large_observed_decline']"
4781,content_c789a815d8bb,0.2331482654741778,Medium,monitor_and_verify,"['observed_declining_trend', 'large_observed_decline']"
4782,content_7efca55e8633,0.23313493967260404,Low,monitor_and_verify,['model_signal_requires_review']
4783,content_2cb8b923f6d8,0.23312104648734988,Medium,monitor_and_verify,"['observed_declining_trend', 'large_observed_decline']"
4784,content_0354fa127deb,0.2330983712325643,Medium,monitor_and_verify,['model_signal_requires_review']
4785,content_651f3931aac1,0.23298807785955977,Medium,monitor_and_verify,"['observed_declining_trend', 'large_observed_decline']"
4786,content_63b0155fe5f8,0.23295592245229546,Medium,monitor_and_verify,"['observed_declining_trend', 'large_observed_decline']"
4787,content_1e9de4c9542e,0.23292457412255554,Low,monitor_and_verify,"['observed_declining_trend', 'large_observed_decline']"
4788,content_064a15965ec5,0.23288438808353035,Low,monitor_and_verify,"['observed_declining_trend', 'large_observed_decline']"
4789,content_973ec83cacf8,0.23288074160958536,Medium,monitor_and_verify,"['observed_declining_trend', 'large_observed_decline']"
4790,content_1f76ff378fde,0.23283564548892968,Medium,monitor_and_verify,['model_signal_requires_review']
4791,content_a1a42ba58fbf,0.23279025889351956,Low,monitor_and_verify,['model_signal_requires_review']
4792,content_ed73cc77ea29,0.23268956485719539,Medium,monitor_and_verify,"['observed_declining_trend', 'large_observed_decline']"
4793,content_a534caf61146,0.23253057389581827,Low,monitor_and_verify,"['observed_declining_trend', 'large_observed_decline']"
4794,content_29d504c9de3a,0.23247521051132486,Medium,monitor_and_verify,['model_signal_requires_review']
4795,content_1cc4c660d80f,0.23245679069883052,Medium,monitor_and_verify,['model_signal_requires_review']
4796,content_52a5b8e806e0,0.23237538121427065,Medium,monitor_and_verify,['model_signal_requires_review']
4797,content_06071662e631,0.232357036106585,Medium,monitor_and_verify,"['observed_declining_trend', 'large_observed_decline']"
4798,content_7bffd6c03696,0.2323250287589462,Medium,monitor_and_verify,['model_signal_requires_review']
4799,content_fbd7e6d85ff9,0.2322907730734543,Medium,monitor_and_verify,['model_signal_requires_review']
4800,content_7ffc04e52e2e,0.23223980893555166,Medium,monitor_and_verify,"['observed_declining_trend', 'large_observed_decline']"
4801,content_37d03b4246ba,0.2322307046802271,Medium,monitor_and_verify,['model_signal_requires_review']
4802,content_ea52aa5790c1,0.23218240707965984,Medium,monitor_and_verify,"['observed_declining_trend', 'large_observed_decline']"
4803,content_a388f562e286,0.2321468338219031,Medium,monitor_and_verify,['model_signal_requires_review']
4804,content_bdf67436ad54,0.23210592593377594,Low,monitor_and_verify,"['observed_declining_trend', 'large_observed_decline']"
4805,content_e3bbb49f7641,0.23208497237981832,Low,monitor_and_verify,"['observed_declining_trend', 'large_observed_decline']"
4806,content_318aee3fed8c,0.23206528327515605,Medium,monitor_and_verify,"['observed_declining_trend', 'large_observed_decline']"
4807,content_dc4aa707636e,0.23201563524480587,Medium,monitor_and_verify,"['observed_declining_trend', 'large_observed_decline']"
4808,content_365f191de6d2,0.2320064639787133,Medium,monitor_and_verify,['model_signal_requires_review']
4809,content_81a91fe32bc2,0.2319419116198011,Medium,monitor_and_verify,['model_signal_requires_review']
4810,content_8faa834d6d1f,0.23190856074723123,Medium,monitor_and_verify,"['observed_declining_trend', 'large_observed_decline']"
4811,content_a9ca10b9f6d8,0.23189989409541029,Medium,monitor_and_verify,"['observed_declining_trend', 'large_observed_decline']"
4812,content_03ca1c3278cf,0.23189868162923144,Low,monitor_and_verify,"['observed_declining_trend', 'large_observed_decline']"
4813,content_78434abcbc10,0.2318535113249007,Medium,monitor_and_verify,"['observed_declining_trend', 'large_observed_decline']"
4814,content_a849b24b9925,0.23184471657137906,Medium,monitor_and_verify,"['observed_declining_trend', 'large_observed_decline']"
4815,content_430834d9caa6,0.23173896867776908,Medium,monitor_and_verify,"['observed_declining_trend', 'large_observed_decline']"
4816,content_a05de90216c2,0.2316823926225265,Medium,monitor_and_verify,"['observed_declining_trend', 'large_observed_decline']"
4817,content_88ca90719c48,0.23166929564980654,Medium,monitor_and_verify,['model_signal_requires_review']
4818,content_5aec55001b8d,0.23162864971560335,Medium,monitor_and_verify,['model_signal_requires_review']
4819,content_a5d788111216,0.23157366118181538,Medium,monitor_and_verify,"['observed_declining_trend', 'large_observed_decline']"
4820,content_9b20894f75c1,0.23154684860326857,Medium,monitor_and_verify,['model_signal_requires_review']
4821,content_6c4878bc9fe1,0.2314405236719908,Medium,monitor_and_verify,"['observed_declining_trend', 'large_observed_decline']"
4822,content_4a8b3ceff582,0.23139834852606864,Low,monitor_and_verify,"['observed_declining_trend', 'large_observed_decline']"
4823,content_54619de5edd3,0.23127900692206027,Low,monitor_and_verify,['model_signal_requires_review']
4824,content_cde8f1b6d71e,0.23122648658195732,Low,monitor_and_verify,"['observed_declining_trend', 'large_observed_decline']"
4825,content_2b52f4ec6d10,0.23112709993689223,Low,monitor_and_verify,"['observed_declining_trend', 'large_observed_decline']"
4826,content_db499a36bfa5,0.23111336029680088,Medium,monitor_and_verify,"['observed_declining_trend', 'large_observed_decline']"
4827,content_848779dc2781,0.23110400631031094,Medium,monitor_and_verify,"['observed_declining_trend', 'large_observed_decline']"
4828,content_791a0ba510e4,0.23105612882132268,Low,monitor_and_verify,['model_signal_requires_review']
4829,content_e965fefb4422,0.23102696060692055,Medium,monitor_and_verify,['model_signal_requires_review']
4830,content_8fa5820a87f9,0.2309762363089266,Low,monitor_and_verify,['model_signal_requires_review']
4831,content_edbf8a7109de,0.23082224846389685,Medium,monitor_and_verify,['model_signal_requires_review']
4832,content_e81b02320098,0.2307121513402854,Medium,monitor_and_verify,['model_signal_requires_review']
4833,content_0ba896169af5,0.23070656083932065,Medium,monitor_and_verify,"['observed_declining_trend', 'large_observed_decline']"
4834,content_568fc9ae5509,0.23068981652286222,Low,monitor_and_verify,['model_signal_requires_review']
4835,content_01375f53651c,0.23063742802592277,Medium,monitor_and_verify,['model_signal_requires_review']
4836,content_1cba252b4de2,0.23057678829951306,Low,monitor_and_verify,"['observed_declining_trend', 'large_observed_decline']"
4837,content_5d38d5f6a623,0.23053333716563187,Medium,monitor_and_verify,"['observed_declining_trend', 'large_observed_decline']"
4838,content_6d772c85e856,0.2304397413679692,Low,monitor_and_verify,"['observed_declining_trend', 'large_observed_decline']"
4839,content_9b8bc70a7157,0.23037567574377074,Medium,monitor_and_verify,"['observed_declining_trend', 'large_observed_decline']"
4840,content_f3681e435c36,0.2303564670593658,Low,monitor_and_verify,"['observed_declining_trend', 'large_observed_decline']"
4841,content_584e6896455d,0.23029776855606318,Low,monitor_and_verify,"['observed_declining_trend', 'large_observed_decline']"
4842,content_0f7afb8f94e5,0.23026089818614012,Low,monitor_and_verify,['model_signal_requires_review']
4843,content_30577c46e262,0.2301859580462164,Low,monitor_and_verify,['model_signal_requires_review']
4844,content_349dcc3424de,0.23018279312439285,Low,monitor_and_verify,['model_signal_requires_review']
4845,content_f39d455f5d38,0.23010973756403535,Medium,monitor_and_verify,"['observed_declining_trend', 'large_observed_decline']"
4846,content_fdc8df9bd949,0.23009270040524982,Low,monitor_and_verify,"['observed_declining_trend', 'large_observed_decline']"
4847,content_dcb66bc3eea4,0.2300798192643812,Medium,monitor_and_verify,"['observed_declining_trend', 'large_observed_decline']"
4848,content_076e8dccff24,0.2298869977309038,Low,monitor_and_verify,"['observed_declining_trend', 'large_observed_decline']"
4849,content_1e3803e3f3e1,0.22988361838918153,Medium,monitor_and_verify,"['observed_declining_trend', 'large_observed_decline']"
4850,content_5e1febd65aa2,0.22980495131243284,Medium,monitor_and_verify,"['observed_declining_trend', 'large_observed_decline']"
4851,content_36d97c9bb0d4,0.2297828730138428,Medium,monitor_and_verify,"['observed_declining_trend', 'large_observed_decline']"
4852,content_e25a5ef7ae33,0.22978150742217043,Medium,monitor_and_verify,['model_signal_requires_review']
4853,content_ff9511e0254e,0.22973676879967145,Medium,monitor_and_verify,"['observed_declining_trend', 'large_observed_decline']"
4854,content_7c9b3e0182d1,0.22972880246083743,Medium,monitor_and_verify,"['observed_declining_trend', 'large_observed_decline']"
4855,content_1277794b437d,0.22969499238221308,Medium,monitor_and_verify,"['observed_declining_trend', 'large_observed_decline']"
4856,content_f771dd30be73,0.2296853332937375,Medium,monitor_and_verify,"['observed_declining_trend', 'large_observed_decline']"
4857,content_83390968e32e,0.2296851029087379,Medium,monitor_and_verify,"['observed_declining_trend', 'large_observed_decline']"
4858,content_508d030c8162,0.22967197738178394,Medium,monitor_and_verify,"['observed_declining_trend', 'large_observed_decline']"
4859,content_920a46c32b74,0.2296437278313163,Medium,monitor_and_verify,['model_signal_requires_review']
4860,content_382ab3b384e4,0.22955202892425045,Low,monitor_and_verify,['model_signal_requires_review']
4861,content_5714f0813b1a,0.22953802841424992,Medium,monitor_and_verify,"['observed_declining_trend', 'large_observed_decline']"
4862,content_78c8822eccc9,0.22953291806849752,Medium,monitor_and_verify,['model_signal_requires_review']
4863,content_01de991d8888,0.22952315852672375,Low,monitor_and_verify,"['observed_declining_trend', 'large_observed_decline']"
4864,content_9c917d971ad8,0.22952208111709865,Low,monitor_and_verify,['model_signal_requires_review']
4865,content_895ea7bfb9e6,0.22949841837599919,Medium,monitor_and_verify,"['observed_declining_trend', 'large_observed_decline']"
4866,content_30597609fcc6,0.22949157932428893,Low,monitor_and_verify,['model_signal_requires_review']
4867,content_1bc6afcea27b,0.2293960127057733,Low,monitor_and_verify,['model_signal_requires_review']
4868,content_9de9afdada19,0.22936533086268848,Low,monitor_and_verify,"['observed_declining_trend', 'large_observed_decline']"
4869,content_5b382a819126,0.2293229057577447,Low,monitor_and_verify,['model_signal_requires_review']
4870,content_015dd044ee9f,0.2293202248068474,Medium,monitor_and_verify,"['observed_declining_trend', 'large_observed_decline']"
4871,content_4989b0404949,0.22928073354549733,Medium,monitor_and_verify,['model_signal_requires_review']
4872,content_89c6d52042f5,0.22927280350255055,Medium,monitor_and_verify,['model_signal_requires_review']
4873,content_7886b1e2013b,0.22919981041103774,Medium,monitor_and_verify,"['observed_declining_trend', 'large_observed_decline']"
4874,content_01dd96037a80,0.22918763075060228,Medium,monitor_and_verify,"['observed_declining_trend', 'large_observed_decline']"
4875,content_e888c01e45bb,0.2291808376395475,Low,monitor_and_verify,['model_signal_requires_review']
4876,content_9d86f68b3295,0.22913006267530447,Low,monitor_and_verify,['model_signal_requires_review']
4877,content_a597ab82b14c,0.22910076054763195,Medium,monitor_and_verify,['model_signal_requires_review']
4878,content_df23b4bc766d,0.22905604105298033,Low,monitor_and_verify,"['observed_declining_trend', 'large_observed_decline']"
4879,content_2a0a5f36a397,0.22904827347521434,Medium,monitor_and_verify,['model_signal_requires_review']
4880,content_dec1969b7db5,0.22894448575517506,Low,monitor_and_verify,"['observed_declining_trend', 'large_observed_decline']"
4881,content_b6bb672d24a4,0.22891298115239558,Medium,monitor_and_verify,"['observed_declining_trend', 'large_observed_decline']"
4882,content_01618358b525,0.22887920401364417,Medium,monitor_and_verify,['model_signal_requires_review']
4883,content_f5334f59cc82,0.22884695344559455,Medium,monitor_and_verify,['model_signal_requires_review']
4884,content_2293091e01f7,0.22883750435793554,Medium,monitor_and_verify,['model_signal_requires_review']
4885,content_1b5a245cf579,0.2287932152114338,Medium,monitor_and_verify,['model_signal_requires_review']
4886,content_905daf4b6ccc,0.2287834394505288,Medium,monitor_and_verify,['model_signal_requires_review']
4887,content_524beeec873c,0.22876731358053567,Medium,monitor_and_verify,"['observed_declining_trend', 'large_observed_decline']"
4888,content_be7835abed78,0.22873662191101754,Medium,monitor_and_verify,['model_signal_requires_review']
4889,content_17d206dcc70b,0.22870203502323155,Medium,monitor_and_verify,"['observed_declining_trend', 'large_observed_decline']"
4890,content_0a5e0981dc87,0.22866995416976943,Medium,monitor_and_verify,"['observed_declining_trend', 'large_observed_decline']"
4891,content_d4cd013f21bb,0.22863630252661934,Medium,monitor_and_verify,['model_signal_requires_review']
4892,content_896b4b3c39f7,0.2286264443008557,Low,monitor_and_verify,['model_signal_requires_review']
4893,content_b573ebf82028,0.22856597469690546,Medium,monitor_and_verify,"['observed_declining_trend', 'large_observed_decline']"
4894,content_9b723fbd3669,0.22851471897196915,Medium,monitor_and_verify,"['observed_declining_trend', 'large_observed_decline']"
4895,content_5401533af67f,0.22845728506417448,Low,monitor_and_verify,['model_signal_requires_review']
4896,content_4ebbca3ca29a,0.2284389727788675,Medium,monitor_and_verify,['model_signal_requires_review']
4897,content_9f127b1f663f,0.22842209708151306,Medium,monitor_and_verify,['model_signal_requires_review']
4898,content_8118ace068f8,0.22837025331078864,Medium,monitor_and_verify,['model_signal_requires_review']
4899,content_9bab10667e8a,0.22833922469470375,Low,monitor_and_verify,['model_signal_requires_review']
4900,content_7f489ad8915c,0.22832314718542496,Medium,monitor_and_verify,['model_signal_requires_review']
4901,content_c618a74471ef,0.22831455920898805,Medium,monitor_and_verify,['model_signal_requires_review']
4902,content_f2ac0b4ca7b0,0.22829619371546248,Medium,monitor_and_verify,['model_signal_requires_review']
4903,content_c6eaf20a0189,0.22825253946121937,Medium,monitor_and_verify,['model_signal_requires_review']
4904,content_ca5a0a727aca,0.22824533667771368,Low,monitor_and_verify,"['observed_declining_trend', 'large_observed_decline']"
4905,content_931a4ddcbb47,0.22818150905758444,Medium,monitor_and_verify,['model_signal_requires_review']
4906,content_6e6e8c6fcd2a,0.2281798597547792,Low,monitor_and_verify,"['observed_declining_trend', 'large_observed_decline']"
4907,content_b8601f59729d,0.22813061897853898,Low,monitor_and_verify,"['observed_declining_trend', 'large_observed_decline']"
4908,content_c1e40f7d1fa5,0.2281060616574448,Medium,monitor_and_verify,['model_signal_requires_review']
4909,content_95476eb48784,0.22804422879801056,Medium,monitor_and_verify,['model_signal_requires_review']
4910,content_93e1ede1502b,0.22803813757628025,Low,monitor_and_verify,"['observed_declining_trend', 'large_observed_decline']"
4911,content_c62b377fa3d3,0.22790633455210085,Medium,monitor_and_verify,"['observed_declining_trend', 'large_observed_decline']"
4912,content_15aefc83749a,0.22789774061356174,Medium,monitor_and_verify,"['observed_declining_trend', 'large_observed_decline']"
4913,content_886b73d4b098,0.22779530832230752,Medium,monitor_and_verify,['model_signal_requires_review']
4914,content_044135b038e6,0.22778988516288293,Medium,monitor_and_verify,['model_signal_requires_review']
4915,content_5825f1c45ece,0.22771777871197135,Medium,monitor_and_verify,"['observed_declining_trend', 'large_observed_decline']"
4916,content_21dc27c85117,0.22768649004401695,Medium,monitor_and_verify,['model_signal_requires_review']
4917,content_0aef7080e0ce,0.2276831002721897,Medium,monitor_and_verify,['model_signal_requires_review']
4918,content_358b2b10f5b6,0.22765597249401207,Medium,monitor_and_verify,"['observed_declining_trend', 'large_observed_decline']"
4919,content_0bd50f97af71,0.22764246125041093,Low,monitor_and_verify,['model_signal_requires_review']
4920,content_65ab749279c8,0.2275932529339785,Low,monitor_and_verify,"['observed_declining_trend', 'large_observed_decline']"
4921,content_9c6d0b4a1ee8,0.22757014514840473,Low,monitor_and_verify,['model_signal_requires_review']
4922,content_3267ef2a83a7,0.22756229819001325,Medium,monitor_and_verify,"['observed_declining_trend', 'large_observed_decline']"
4923,content_66d0af18b66f,0.22755667269012975,Medium,monitor_and_verify,"['observed_declining_trend', 'large_observed_decline']"
4924,content_8a541e403b7f,0.22748597505969725,Medium,monitor_and_verify,['model_signal_requires_review']
4925,content_4466cd3c0ca5,0.22744870866354627,Low,monitor_and_verify,['model_signal_requires_review']
4926,content_371e6e08c996,0.22735046749719368,Medium,monitor_and_verify,"['observed_declining_trend', 'large_observed_decline']"
4927,content_6bcc05d40b17,0.22718791591101956,Medium,monitor_and_verify,['model_signal_requires_review']
4928,content_3864816aa8ee,0.22714454410726945,Medium,monitor_and_verify,"['observed_declining_trend', 'large_observed_decline']"
4929,content_5cbcdc58b3d4,0.22713117465039062,Low,monitor_and_verify,['model_signal_requires_review']
4930,content_57e8be94618e,0.22710817295786054,Medium,monitor_and_verify,['model_signal_requires_review']
4931,content_e6955a2c59dc,0.22707453294983015,Medium,monitor_and_verify,"['observed_declining_trend', 'large_observed_decline']"
4932,content_e5087c1ca2c9,0.22694760847574727,Low,monitor_and_verify,"['observed_declining_trend', 'large_observed_decline']"
4933,content_0929b60950cb,0.22693803380962166,Medium,monitor_and_verify,['model_signal_requires_review']
4934,content_5498901f83fb,0.22692027072003848,Medium,monitor_and_verify,"['observed_declining_trend', 'large_observed_decline']"
4935,content_aa8208824668,0.22685788687431074,Medium,monitor_and_verify,['model_signal_requires_review']
4936,content_1f0c90cf2d41,0.22677951205028815,Medium,monitor_and_verify,['model_signal_requires_review']
4937,content_b26ac45aca5d,0.2265258116012591,Medium,monitor_and_verify,"['observed_declining_trend', 'large_observed_decline']"
4938,content_af082b61dd15,0.22648407680300514,Low,monitor_and_verify,['model_signal_requires_review']
4939,content_1df00efe44a1,0.22648185119973813,Low,monitor_and_verify,"['observed_declining_trend', 'large_observed_decline']"
4940,content_a1583c483d51,0.22633652282877773,Medium,monitor_and_verify,"['observed_declining_trend', 'large_observed_decline']"
4941,content_3fe9924209db,0.2263304241669484,Low,monitor_and_verify,['model_signal_requires_review']
4942,content_33b66ae561a7,0.22630018786598982,Medium,monitor_and_verify,"['observed_declining_trend', 'large_observed_decline']"
4943,content_0feda4547722,0.2262572247443202,Low,monitor_and_verify,"['observed_declining_trend', 'large_observed_decline']"
4944,content_dc01e2cc035d,0.2261888338128272,Low,monitor_and_verify,"['observed_declining_trend', 'large_observed_decline']"
4945,content_99c03a69af85,0.22616805461225606,Medium,monitor_and_verify,['model_signal_requires_review']
4946,content_1b36cd795189,0.22616390731110522,Medium,monitor_and_verify,"['observed_declining_trend', 'large_observed_decline']"
4947,content_d4c1e7b51c19,0.22609216589343148,Medium,monitor_and_verify,['model_signal_requires_review']
4948,content_82f54bb9c586,0.22607469827140478,Medium,monitor_and_verify,"['observed_declining_trend', 'large_observed_decline']"
4949,content_b65c621c6c0b,0.22584580251326736,Low,monitor_and_verify,"['observed_declining_trend', 'large_observed_decline']"
4950,content_8fe5f40fd036,0.22583402795646595,Medium,monitor_and_verify,['model_signal_requires_review']
4951,content_354948ef61d1,0.22579169987537748,Medium,monitor_and_verify,['model_signal_requires_review']
4952,content_fde14d5b0b8f,0.22578492900668365,Medium,monitor_and_verify,['model_signal_requires_review']
4953,content_4f9eb48d371e,0.2256679241380345,Low,monitor_and_verify,['model_signal_requires_review']
4954,content_d6d891125266,0.2255763040322005,Medium,monitor_and_verify,"['observed_declining_trend', 'large_observed_decline']"
4955,content_459d056652a0,0.22551762036009,Medium,monitor_and_verify,['model_signal_requires_review']
4956,content_be5220c4102d,0.22551532023312157,Medium,monitor_and_verify,"['observed_declining_trend', 'large_observed_decline']"
4957,content_66849e29a8eb,0.22539612690936744,Medium,monitor_and_verify,['model_signal_requires_review']
4958,content_9432d8024b8e,0.22534588552510898,Low,monitor_and_verify,['model_signal_requires_review']
4959,content_0474319403e9,0.22534494453866874,Medium,monitor_and_verify,['model_signal_requires_review']
4960,content_1775b46859ce,0.22527021703787278,Low,monitor_and_verify,['model_signal_requires_review']
4961,content_87d0b0fed1c1,0.2252696389631654,Low,monitor_and_verify,"['observed_declining_trend', 'large_observed_decline']"
4962,content_695e73901409,0.22521709419685518,Low,monitor_and_verify,"['observed_declining_trend', 'large_observed_decline']"
4963,content_43908979b8b2,0.22518540202426876,Medium,monitor_and_verify,['model_signal_requires_review']
4964,content_972356a4c7c6,0.22516442345302867,Medium,monitor_and_verify,['model_signal_requires_review']
4965,content_02aea76abbdd,0.2250750996445784,Low,monitor_and_verify,['model_signal_requires_review']
4966,content_23e2c21019bd,0.2250456995482261,Medium,monitor_and_verify,['model_signal_requires_review']
4967,content_a0d9819c4569,0.22499867518532643,Medium,monitor_and_verify,['model_signal_requires_review']
4968,content_33adbae8f837,0.22486984069026558,Medium,monitor_and_verify,['model_signal_requires_review']
4969,content_ed6e36769104,0.224806272242556,Low,monitor_and_verify,['model_signal_requires_review']
4970,content_ea30d6a7603d,0.22472797483400053,Medium,monitor_and_verify,"['observed_declining_trend', 'large_observed_decline']"
4971,content_afc1690a3312,0.2247236572520574,Low,monitor_and_verify,['model_signal_requires_review']
4972,content_2d177700b7ae,0.2247129812225521,Medium,monitor_and_verify,['model_signal_requires_review']
4973,content_7a24738c1004,0.22469835935317092,Medium,monitor_and_verify,"['observed_declining_trend', 'large_observed_decline']"
4974,content_8ee3d6eae306,0.22457809341462753,Medium,monitor_and_verify,"['observed_declining_trend', 'large_observed_decline']"
4975,content_0a4a2b15186e,0.22451030563554478,Low,monitor_and_verify,"['observed_declining_trend', 'large_observed_decline']"
4976,content_815d19a0553b,0.22443091941724144,Low,monitor_and_verify,"['observed_declining_trend', 'large_observed_decline']"
4977,content_da284c9673e7,0.22439459804162573,Low,monitor_and_verify,"['observed_declining_trend', 'large_observed_decline']"
4978,content_779ecf1b4554,0.22436599177480834,Low,monitor_and_verify,"['observed_declining_trend', 'large_observed_decline']"
4979,content_f3ca73f0f3f3,0.22436273109589172,Low,monitor_and_verify,"['observed_declining_trend', 'large_observed_decline']"
4980,content_02c0b7bcc4d2,0.22433476109332265,Medium,monitor_and_verify,['model_signal_requires_review']
4981,content_99c842680c4e,0.22428597210882453,Medium,monitor_and_verify,"['observed_declining_trend', 'large_observed_decline']"
4982,content_8a8b6089b6da,0.22427353013684473,Medium,monitor_and_verify,"['observed_declining_trend', 'large_observed_decline']"
4983,content_a169d1caf094,0.22420296087354713,Medium,monitor_and_verify,"['observed_declining_trend', 'large_observed_decline']"
4984,content_3bac7b908a99,0.22419921888781771,Low,monitor_and_verify,"['observed_declining_trend', 'large_observed_decline']"
4985,content_c3c0f999f8c1,0.2241483066944032,Low,monitor_and_verify,"['observed_declining_trend', 'large_observed_decline']"
4986,content_d11aa36e122c,0.22414079249299892,Medium,monitor_and_verify,['model_signal_requires_review']
4987,content_66945e57b109,0.2240568006421817,Medium,monitor_and_verify,"['observed_declining_trend', 'large_observed_decline']"
4988,content_a20c25627ed7,0.22405467444665267,Medium,monitor_and_verify,"['observed_declining_trend', 'large_observed_decline']"
4989,content_d53208a3d2ae,0.224032653187377,Low,monitor_and_verify,['model_signal_requires_review']
4990,content_51295f0b7748,0.2240078012640997,Medium,monitor_and_verify,"['observed_declining_trend', 'large_observed_decline']"
4991,content_4657bf5fc7bf,0.22395305743015034,Medium,monitor_and_verify,"['observed_declining_trend', 'large_observed_decline']"
4992,content_818a291377e2,0.2239525047128469,Medium,monitor_and_verify,"['observed_declining_trend', 'large_observed_decline']"
4993,content_010b9063e59e,0.2239396321944751,Medium,monitor_and_verify,['model_signal_requires_review']
4994,content_09a0dcb0bb26,0.22390275242026955,Medium,monitor_and_verify,['model_signal_requires_review']
4995,content_61f5643dedd8,0.22388032545368644,Medium,monitor_and_verify,['model_signal_requires_review']
4996,content_27b5f3558e46,0.22385568525955188,Medium,monitor_and_verify,['model_signal_requires_review']
4997,content_a16d664f3f07,0.2237953293068034,Low,monitor_and_verify,['model_signal_requires_review']
4998,content_d191038eb3da,0.2237221020424122,Medium,monitor_and_verify,"['observed_declining_trend', 'large_observed_decline']"
4999,content_0a1954a48717,0.22371421255632687,Low,monitor_and_verify,['model_signal_requires_review']
5000,content_a102c4a3c1ec,0.22364225035297097,Medium,monitor_and_verify,['model_signal_requires_review']
5001,content_f947529ce924,0.22362830616440973,Medium,monitor_and_verify,"['observed_declining_trend', 'large_observed_decline']"
5002,content_3769a1b69016,0.22353092581596887,Medium,monitor_and_verify,['model_signal_requires_review']
5003,content_a2730bca63ef,0.2235272066487182,Low,monitor_and_verify,"['observed_declining_trend', 'large_observed_decline']"
5004,content_3b66ce5fb84c,0.2235081074855414,Medium,monitor_and_verify,['model_signal_requires_review']
5005,content_1794327a4d44,0.22348617794594616,Low,monitor_and_verify,"['observed_declining_trend', 'large_observed_decline']"
5006,content_def2f2195183,0.22339445141969946,Medium,monitor_and_verify,['model_signal_requires_review']
5007,content_c51ef4a61f24,0.22334279626701667,Low,monitor_and_verify,"['observed_declining_trend', 'large_observed_decline']"
5008,content_a30a53f72561,0.22332290302595714,Medium,monitor_and_verify,['model_signal_requires_review']
5009,content_9bf785e9c6d8,0.22314904205389083,Medium,monitor_and_verify,['model_signal_requires_review']
5010,content_dc67ab936666,0.22313725461376235,Medium,monitor_and_verify,"['observed_declining_trend', 'large_observed_decline']"
5011,content_8fff64fc5401,0.2229976571266451,Low,monitor_and_verify,['model_signal_requires_review']
5012,content_3c2ef1901bee,0.22296855206118263,Medium,monitor_and_verify,['model_signal_requires_review']
5013,content_897e2f86b975,0.2229459489837791,Low,monitor_and_verify,"['observed_declining_trend', 'large_observed_decline']"
5014,content_3548657b4b4e,0.22294041025120734,Medium,monitor_and_verify,['model_signal_requires_review']
5015,content_e40fb14ef126,0.22292765992688393,Medium,monitor_and_verify,"['observed_declining_trend', 'large_observed_decline']"
5016,content_cfbb81c693df,0.2228589821997486,Medium,monitor_and_verify,"['observed_declining_trend', 'large_observed_decline']"
5017,content_8350242b2df4,0.22283801170859902,Medium,monitor_and_verify,['model_signal_requires_review']
5018,content_07cdfa4c7271,0.2227954553953703,Low,monitor_and_verify,['model_signal_requires_review']
5019,content_55351455d2bc,0.22279126807008406,Low,monitor_and_verify,['model_signal_requires_review']
5020,content_224198868263,0.2227731957500205,Low,monitor_and_verify,['model_signal_requires_review']
5021,content_430f0e467f3a,0.2227113922266064,Medium,monitor_and_verify,"['observed_declining_trend', 'large_observed_decline']"
5022,content_57366dedc8a1,0.22267736728412368,Low,monitor_and_verify,"['observed_declining_trend', 'large_observed_decline']"
5023,content_449bd374c824,0.22248834640147333,Low,monitor_and_verify,"['observed_declining_trend', 'large_observed_decline']"
5024,content_b171875a25de,0.22248821631823087,Medium,monitor_and_verify,"['observed_declining_trend', 'large_observed_decline']"
5025,content_780059759ff5,0.22245603090268565,Medium,monitor_and_verify,"['observed_declining_trend', 'large_observed_decline']"
5026,content_0cf9e335a07c,0.22241982747212763,Medium,monitor_and_verify,"['observed_declining_trend', 'large_observed_decline']"
5027,content_d4038d81b261,0.22230185949532497,Medium,monitor_and_verify,['model_signal_requires_review']
5028,content_a5462d216754,0.22228755874701192,Low,monitor_and_verify,['model_signal_requires_review']
5029,content_193dfde4a2d3,0.22226290085649011,Medium,monitor_and_verify,['model_signal_requires_review']
5030,content_ce50f5fc5afe,0.22224154806387242,Low,monitor_and_verify,['model_signal_requires_review']
5031,content_28479e269858,0.22220672685914886,Medium,monitor_and_verify,"['observed_declining_trend', 'large_observed_decline']"
5032,content_da1d4b97f7f5,0.22216745967362972,Low,monitor_and_verify,['model_signal_requires_review']
5033,content_0c38972c44d6,0.22215711066397853,Medium,monitor_and_verify,"['observed_declining_trend', 'large_observed_decline']"
5034,content_08f887455134,0.22214482401091498,Low,monitor_and_verify,"['observed_declining_trend', 'large_observed_decline']"
5035,content_9f0c88110232,0.2221421919684653,Low,monitor_and_verify,['model_signal_requires_review']
5036,content_3b65412af818,0.22213828780422384,Medium,monitor_and_verify,['model_signal_requires_review']
5037,content_abe0ccdc1f64,0.22213809130084372,Medium,monitor_and_verify,"['observed_declining_trend', 'large_observed_decline']"
5038,content_4db4da60384e,0.22212110722114167,Medium,monitor_and_verify,['model_signal_requires_review']
5039,content_df33710fdefd,0.22208203139650215,Medium,monitor_and_verify,['model_signal_requires_review']
5040,content_cec7e5c712ef,0.2220627234668236,Medium,monitor_and_verify,['model_signal_requires_review']
5041,content_3f703336ec8d,0.22202734946382927,Medium,monitor_and_verify,['model_signal_requires_review']
5042,content_64a482194d7a,0.22200940001792682,Medium,monitor_and_verify,"['observed_declining_trend', 'large_observed_decline']"
5043,content_2cb87e388022,0.22194976025539187,Medium,monitor_and_verify,['model_signal_requires_review']
5044,content_e04b14da018b,0.22187800755783296,Medium,monitor_and_verify,['model_signal_requires_review']
5045,content_82dab8cbf876,0.22185895756928056,Medium,monitor_and_verify,['model_signal_requires_review']
5046,content_e3258a34514b,0.22183521588218733,Medium,monitor_and_verify,['model_signal_requires_review']
5047,content_2c52330077a0,0.22183274059900365,Medium,monitor_and_verify,['model_signal_requires_review']
5048,content_467db1d7f145,0.22179315846163888,Low,monitor_and_verify,"['observed_declining_trend', 'large_observed_decline']"
5049,content_136040f6cced,0.22177660247354306,Medium,monitor_and_verify,['model_signal_requires_review']
5050,content_da01e568d56b,0.22172526492205832,Medium,monitor_and_verify,['model_signal_requires_review']
5051,content_e7ad40523cbc,0.22164096644655615,Low,monitor_and_verify,['model_signal_requires_review']
5052,content_0d55333269d5,0.22161364715332554,Low,monitor_and_verify,['model_signal_requires_review']
5053,content_438de6fb2e89,0.2216050583872203,Medium,monitor_and_verify,['model_signal_requires_review']
5054,content_6e73a9ee394d,0.22155705710677154,Medium,monitor_and_verify,"['observed_declining_trend', 'large_observed_decline']"
5055,content_e3c80264bcf6,0.2214874026456713,Low,monitor_and_verify,['model_signal_requires_review']
5056,content_889c1b421608,0.22147079833405775,Low,monitor_and_verify,"['observed_declining_trend', 'large_observed_decline']"
5057,content_c213697430c0,0.22146437261664995,Medium,monitor_and_verify,['model_signal_requires_review']
5058,content_b74b7e3fcb62,0.22138369716970757,Medium,monitor_and_verify,"['observed_declining_trend', 'large_observed_decline']"
5059,content_d4e4525866ed,0.22136284288668218,Low,monitor_and_verify,"['observed_declining_trend', 'large_observed_decline']"
5060,content_490c19f4dfce,0.22116801459137064,Medium,monitor_and_verify,"['observed_declining_trend', 'large_observed_decline']"
5061,content_f34a56ef21b0,0.22113732846492032,Medium,monitor_and_verify,"['observed_declining_trend', 'large_observed_decline']"
5062,content_a08f9daab49c,0.22105370084556006,Low,monitor_and_verify,['model_signal_requires_review']
5063,content_fb420d1701ee,0.2209972658010437,Medium,monitor_and_verify,['model_signal_requires_review']
5064,content_a0fff30c920a,0.2209553262889202,Medium,monitor_and_verify,"['observed_declining_trend', 'large_observed_decline']"
5065,content_6e49b6d291af,0.22090938116473954,Medium,monitor_and_verify,['model_signal_requires_review']
5066,content_0ec1d72a3487,0.22084937756639178,Low,monitor_and_verify,['model_signal_requires_review']
5067,content_474d63127936,0.2208319773380797,Low,monitor_and_verify,['model_signal_requires_review']
5068,content_5f72fd7c6698,0.2206971264845384,Medium,monitor_and_verify,['model_signal_requires_review']
5069,content_62d1c8c930d1,0.2206944005760243,Medium,monitor_and_verify,['model_signal_requires_review']
5070,content_cd0666cdd7ce,0.2205705117064126,Low,monitor_and_verify,"['observed_declining_trend', 'large_observed_decline']"
5071,content_671f4a1e9081,0.2205163606953811,Medium,monitor_and_verify,"['observed_declining_trend', 'large_observed_decline']"
5072,content_a3b4f619337e,0.2204545004311189,Medium,monitor_and_verify,['model_signal_requires_review']
5073,content_a69a7896a1cb,0.22041851292866443,Medium,monitor_and_verify,"['observed_declining_trend', 'large_observed_decline']"
5074,content_d8a3c9484a1b,0.22028345218494422,Low,monitor_and_verify,"['observed_declining_trend', 'large_observed_decline']"
5075,content_c3b4f551e745,0.22025597406105382,Medium,monitor_and_verify,['model_signal_requires_review']
5076,content_12e3dbb55fb7,0.2201602646837192,Medium,monitor_and_verify,['model_signal_requires_review']
5077,content_e38ce65f50a8,0.2201212552871522,Medium,monitor_and_verify,['model_signal_requires_review']
5078,content_a21177bddb8e,0.22010574024860133,Low,monitor_and_verify,['model_signal_requires_review']
5079,content_5240ab05dc75,0.22008897873281527,Medium,monitor_and_verify,"['observed_declining_trend', 'large_observed_decline']"
5080,content_b85bf0f7330b,0.2200732519039154,Medium,monitor_and_verify,"['observed_declining_trend', 'large_observed_decline']"
5081,content_c57990e5d51b,0.22003718408086934,Low,monitor_and_verify,"['observed_declining_trend', 'large_observed_decline']"
5082,content_05b68f8f80d4,0.22000898685960693,Medium,monitor_and_verify,"['observed_declining_trend', 'large_observed_decline']"
5083,content_03b0b358361b,0.21989169080437784,Low,monitor_and_verify,['model_signal_requires_review']
5084,content_129d26f2c0e8,0.21985737501534397,Low,monitor_and_verify,"['observed_declining_trend', 'large_observed_decline']"
5085,content_180776016615,0.2197609421255467,Low,monitor_and_verify,['model_signal_requires_review']
5086,content_956a0bca24e5,0.21974164742624158,Low,monitor_and_verify,['model_signal_requires_review']
5087,content_6f56be29dcf1,0.2195664488381714,Low,monitor_and_verify,"['observed_declining_trend', 'large_observed_decline']"
5088,content_ad25fc1532c8,0.21956562252861458,Medium,monitor_and_verify,['model_signal_requires_review']
5089,content_ad361d0f210a,0.21950064336822242,Medium,monitor_and_verify,['model_signal_requires_review']
5090,content_5c411304f88c,0.21940434953371687,Medium,monitor_and_verify,['model_signal_requires_review']
5091,content_84b504f830bf,0.2193605220712539,Medium,monitor_and_verify,['model_signal_requires_review']
5092,content_a3bc7e259402,0.2193602374830883,Low,monitor_and_verify,['model_signal_requires_review']
5093,content_023998ba5a1b,0.21933618591042214,Medium,monitor_and_verify,['model_signal_requires_review']
5094,content_9e390d63ef52,0.21925333458231658,Medium,monitor_and_verify,"['observed_declining_trend', 'large_observed_decline']"
5095,content_f309ff5ddc25,0.21925200590968308,Medium,monitor_and_verify,"['observed_declining_trend', 'large_observed_decline']"
5096,content_4a01d23dba2d,0.2190862939242319,Medium,monitor_and_verify,"['observed_declining_trend', 'large_observed_decline']"
5097,content_6882583fb48d,0.21903963995352213,Medium,monitor_and_verify,['model_signal_requires_review']
5098,content_222a0181afee,0.2190381628507942,Medium,monitor_and_verify,"['observed_declining_trend', 'large_observed_decline']"
5099,content_5af418e9358d,0.21902971573808883,Low,monitor_and_verify,['model_signal_requires_review']
5100,content_f7cf83f3d4f3,0.21902960738871144,Medium,monitor_and_verify,"['observed_declining_trend', 'large_observed_decline']"
5101,content_ccff1ae0b99f,0.2189542123695173,Low,monitor_and_verify,"['observed_declining_trend', 'large_observed_decline']"
5102,content_0cf10a71b943,0.21889523136678488,Medium,monitor_and_verify,"['observed_declining_trend', 'large_observed_decline']"
5103,content_f5475c3cab1c,0.21889297286514695,Medium,monitor_and_verify,['model_signal_requires_review']
5104,content_a4e95083ad61,0.2188464172266646,Medium,monitor_and_verify,"['observed_declining_trend', 'large_observed_decline']"
5105,content_3b4446e9659d,0.21874601117299827,Medium,monitor_and_verify,"['observed_declining_trend', 'large_observed_decline']"
5106,content_ead17e13e806,0.21873712612994106,Low,monitor_and_verify,['model_signal_requires_review']
5107,content_5dcb5c533cad,0.21852898606743268,Low,monitor_and_verify,['model_signal_requires_review']
5108,content_5e387e075b1e,0.21852384221922047,Medium,monitor_and_verify,"['observed_declining_trend', 'large_observed_decline']"
5109,content_57a091adbcdf,0.2185165417022544,Low,monitor_and_verify,['model_signal_requires_review']
5110,content_d6024d73c1c0,0.21846496971034474,Medium,monitor_and_verify,['model_signal_requires_review']
5111,content_1c0a41630b5c,0.21842824689749743,Medium,monitor_and_verify,['model_signal_requires_review']
5112,content_f5884b3c1784,0.21835131254615214,Medium,monitor_and_verify,['model_signal_requires_review']
5113,content_337aed6750c0,0.21804847147290024,Medium,monitor_and_verify,['model_signal_requires_review']
5114,content_bfeb4fe71a02,0.21803716805765896,Low,monitor_and_verify,['model_signal_requires_review']
5115,content_a33b9df1b504,0.21795959685512434,Medium,monitor_and_verify,['model_signal_requires_review']
5116,content_5078bca8d0b0,0.21793024124427873,Low,monitor_and_verify,['model_signal_requires_review']
5117,content_c2f9a9a48cc4,0.21782390249853156,Medium,monitor_and_verify,['model_signal_requires_review']
5118,content_c76e5e55b95b,0.2177359135789516,Medium,monitor_and_verify,"['observed_declining_trend', 'large_observed_decline']"
5119,content_47a0b1d6fe94,0.2177087161852695,Low,monitor_and_verify,['model_signal_requires_review']
5120,content_1f3b8e699416,0.21752787436989743,Medium,monitor_and_verify,['model_signal_requires_review']
5121,content_7bf0aff635f4,0.2174543654756818,Medium,monitor_and_verify,['model_signal_requires_review']
5122,content_b2beaf2fc81c,0.21743438576546376,Low,monitor_and_verify,"['observed_declining_trend', 'large_observed_decline']"
5123,content_0a95ca5e3efa,0.21742538821307453,Low,monitor_and_verify,"['observed_declining_trend', 'large_observed_decline']"
5124,content_2db251d1a841,0.21741743456552987,Medium,monitor_and_verify,['model_signal_requires_review']
5125,content_d7826181fcfa,0.21739085278255293,Medium,monitor_and_verify,['model_signal_requires_review']
5126,content_f18c99b3daa2,0.2173616852688233,Medium,monitor_and_verify,"['observed_declining_trend', 'large_observed_decline']"
5127,content_ff9d27a58b7b,0.21730091906064505,Medium,monitor_and_verify,"['observed_declining_trend', 'large_observed_decline']"
5128,content_5787a7c37cfb,0.21725075570293967,Medium,monitor_and_verify,['model_signal_requires_review']
5129,content_a72c3d511056,0.2172315343515541,Medium,monitor_and_verify,"['observed_declining_trend', 'large_observed_decline']"
5130,content_faa3719c835d,0.2172122724705468,Medium,monitor_and_verify,['model_signal_requires_review']
5131,content_ff131dc63405,0.21718312669408504,Low,monitor_and_verify,"['observed_declining_trend', 'large_observed_decline']"
5132,content_d9878c9ba883,0.21714740120186657,Low,monitor_and_verify,['model_signal_requires_review']
5133,content_720f4b195ab8,0.21706903013886522,Low,monitor_and_verify,"['observed_declining_trend', 'large_observed_decline']"
5134,content_63dfb10d2ca8,0.21699406918613334,Medium,monitor_and_verify,['model_signal_requires_review']
5135,content_b770da13569d,0.2169759425956776,Medium,monitor_and_verify,['model_signal_requires_review']
5136,content_fecb3b1efda1,0.21696620146841766,Low,monitor_and_verify,['model_signal_requires_review']
5137,content_54b554d74ecd,0.2169468165059647,Medium,monitor_and_verify,"['observed_declining_trend', 'large_observed_decline']"
5138,content_f9f6d07ef81e,0.2169148669931244,Medium,monitor_and_verify,['model_signal_requires_review']
5139,content_1f37eb0c4230,0.21689197550378247,Medium,monitor_and_verify,"['observed_declining_trend', 'large_observed_decline']"
5140,content_15727c386643,0.21686588780884614,Low,monitor_and_verify,"['observed_declining_trend', 'large_observed_decline']"
5141,content_3da8c7b2f0cd,0.21683065159152523,Medium,monitor_and_verify,"['observed_declining_trend', 'large_observed_decline']"
5142,content_bffb5fb92a47,0.21670728369945394,Medium,monitor_and_verify,"['observed_declining_trend', 'large_observed_decline']"
5143,content_5450f0a658b5,0.21663719414351276,Medium,monitor_and_verify,['model_signal_requires_review']
5144,content_cb68dbec7d3d,0.21661362700875206,Medium,monitor_and_verify,['model_signal_requires_review']
5145,content_28742531f88c,0.2165650282782371,Medium,monitor_and_verify,"['observed_declining_trend', 'large_observed_decline']"
5146,content_86d082c14077,0.2165586415222854,Medium,monitor_and_verify,"['observed_declining_trend', 'large_observed_decline']"
5147,content_602b15fbc2df,0.21655813348123043,Low,monitor_and_verify,"['observed_declining_trend', 'large_observed_decline']"
5148,content_93398333ccfb,0.2164709228656117,Low,monitor_and_verify,"['observed_declining_trend', 'large_observed_decline']"
5149,content_d9177ef7753c,0.2164564799597538,Low,monitor_and_verify,"['observed_declining_trend', 'large_observed_decline']"
5150,content_b2c531fd32f1,0.2164508753962274,Low,monitor_and_verify,['model_signal_requires_review']
5151,content_0ee95e1b4aa2,0.21636452686388916,Medium,monitor_and_verify,['model_signal_requires_review']
5152,content_73ac7b16944a,0.21635426585641834,Low,monitor_and_verify,['model_signal_requires_review']
5153,content_6df19f8eb4d4,0.21620761853935203,Medium,monitor_and_verify,['model_signal_requires_review']
5154,content_fe0a9670a08e,0.21618162868395482,Low,monitor_and_verify,['model_signal_requires_review']
5155,content_be6eafb216ba,0.21613621165072705,Medium,monitor_and_verify,"['observed_declining_trend', 'large_observed_decline']"
5156,content_30c6570a99d5,0.21604509992685697,Medium,monitor_and_verify,"['observed_declining_trend', 'large_observed_decline']"
5157,content_6320064497fd,0.21601848930352338,Medium,monitor_and_verify,['model_signal_requires_review']
5158,content_9a7bf93d67da,0.21598839052801158,Low,monitor_and_verify,"['observed_declining_trend', 'large_observed_decline']"
5159,content_9106f1ec4a21,0.21596104225038032,Medium,monitor_and_verify,['model_signal_requires_review']
5160,content_761859531bb8,0.21595995580556826,Medium,monitor_and_verify,['model_signal_requires_review']
5161,content_1763888c1a5b,0.21590096528530067,Medium,monitor_and_verify,['model_signal_requires_review']
5162,content_69be0182f4d8,0.215890513074677,Medium,monitor_and_verify,"['observed_declining_trend', 'large_observed_decline']"
5163,content_f3a075fa8dff,0.21588618709198026,Medium,monitor_and_verify,['model_signal_requires_review']
5164,content_ba144a526cbb,0.21588399792778618,Medium,monitor_and_verify,['model_signal_requires_review']
5165,content_c05562111bb2,0.21582768880986744,Medium,monitor_and_verify,['model_signal_requires_review']
5166,content_7f02ea9e3edd,0.21576274540949456,Medium,monitor_and_verify,"['observed_declining_trend', 'large_observed_decline']"
5167,content_6cac3cdb43ec,0.21574703718628077,Low,monitor_and_verify,['model_signal_requires_review']
5168,content_284df888e0cb,0.21574703718628077,Low,monitor_and_verify,"['observed_declining_trend', 'large_observed_decline']"
5169,content_918ef45edb9f,0.2157345845974746,Medium,monitor_and_verify,['model_signal_requires_review']
5170,content_7e08ff98fa58,0.21570186850685963,Medium,monitor_and_verify,['model_signal_requires_review']
5171,content_8ab9f1033843,0.21569070121989328,Medium,monitor_and_verify,"['observed_declining_trend', 'large_observed_decline']"
5172,content_941f15099b91,0.21563558728450402,Medium,monitor_and_verify,['model_signal_requires_review']
5173,content_47055dd56ef5,0.21563369942502428,Low,monitor_and_verify,"['observed_declining_trend', 'large_observed_decline']"
5174,content_5b10564b32ea,0.21562211638383919,Medium,monitor_and_verify,['model_signal_requires_review']
5175,content_665727ccadb3,0.21547748928788413,Medium,monitor_and_verify,['model_signal_requires_review']
5176,content_ce83293c6615,0.21544152987917892,Medium,monitor_and_verify,['model_signal_requires_review']
5177,content_033581b09704,0.21543325502911603,Medium,monitor_and_verify,"['observed_declining_trend', 'large_observed_decline']"
5178,content_f757709ea42f,0.21538077193912392,Medium,monitor_and_verify,['model_signal_requires_review']
5179,content_72348d55e12c,0.21534317714909923,Low,monitor_and_verify,['model_signal_requires_review']
5180,content_a268e1e77380,0.21525576255982537,Low,monitor_and_verify,['model_signal_requires_review']
5181,content_a87f21d52681,0.2151039550539056,Medium,monitor_and_verify,['model_signal_requires_review']
5182,content_55f5054a6267,0.21508681667822296,Low,monitor_and_verify,['model_signal_requires_review']
5183,content_d4c2ea3c5f63,0.21503095069955747,Medium,monitor_and_verify,['model_signal_requires_review']
5184,content_5324c7411a7c,0.21499484799452423,Medium,monitor_and_verify,['model_signal_requires_review']
5185,content_d6882ad218ce,0.2149944780642517,Medium,monitor_and_verify,['model_signal_requires_review']
5186,content_9ff0419d067b,0.214985024318216,Medium,monitor_and_verify,['model_signal_requires_review']
5187,content_f6563999cf20,0.21493761356522725,Medium,monitor_and_verify,"['observed_declining_trend', 'large_observed_decline']"
5188,content_2b084c9efd91,0.21490063455933742,Low,monitor_and_verify,['model_signal_requires_review']
5189,content_c358125a167f,0.2148491849262701,Medium,monitor_and_verify,['model_signal_requires_review']
5190,content_1e0b605fa2f5,0.214784284185942,Low,monitor_and_verify,['model_signal_requires_review']
5191,content_d41fcbf17a8a,0.21464648052559748,Medium,monitor_and_verify,['model_signal_requires_review']
5192,content_529f37482797,0.214597207385798,Medium,monitor_and_verify,['model_signal_requires_review']
5193,content_df6bfdcee746,0.21455676490239517,Medium,monitor_and_verify,"['observed_declining_trend', 'large_observed_decline']"
5194,content_f35bdfbc3b7e,0.214519469484019,Medium,monitor_and_verify,['model_signal_requires_review']
5195,content_ad0d7f127516,0.21450406809533168,Medium,monitor_and_verify,['model_signal_requires_review']
5196,content_63ccce1a850e,0.214333707586058,Medium,monitor_and_verify,"['observed_declining_trend', 'large_observed_decline']"
5197,content_328de8c25c7c,0.21430248538439486,Medium,monitor_and_verify,"['observed_declining_trend', 'large_observed_decline']"
5198,content_b3658670d2a5,0.21429983065295052,Low,monitor_and_verify,['model_signal_requires_review']
5199,content_1ba3c39b667c,0.21426910091684118,Medium,monitor_and_verify,['model_signal_requires_review']
5200,content_32b39bf12b85,0.21423679517454122,Medium,monitor_and_verify,['model_signal_requires_review']
5201,content_727fd10b04fc,0.21422883277380425,Low,monitor_and_verify,"['observed_declining_trend', 'large_observed_decline']"
5202,content_2acee0ce6421,0.21420566612414083,Medium,monitor_and_verify,"['observed_declining_trend', 'large_observed_decline']"
5203,content_e8ee489ad4fd,0.21412905095674897,Medium,monitor_and_verify,['model_signal_requires_review']
5204,content_b138c0b35a91,0.21410181583302892,Medium,monitor_and_verify,"['observed_declining_trend', 'large_observed_decline']"
5205,content_3488f80b0d20,0.21407094935944324,Low,monitor_and_verify,['model_signal_requires_review']
5206,content_315ef9b31f21,0.21402824872403434,Medium,monitor_and_verify,"['observed_declining_trend', 'large_observed_decline']"
5207,content_b303d8f83f33,0.21401201414031196,Medium,monitor_and_verify,"['observed_declining_trend', 'large_observed_decline']"
5208,content_47c8976129fc,0.21396039005722017,Low,monitor_and_verify,['model_signal_requires_review']
5209,content_1cac2e47c58f,0.21389117642591354,Medium,monitor_and_verify,"['observed_declining_trend', 'large_observed_decline']"
5210,content_d39a41ec2a0e,0.2138521578698251,Low,monitor_and_verify,['model_signal_requires_review']
5211,content_885ea290764c,0.21384199218002356,Low,monitor_and_verify,['model_signal_requires_review']
5212,content_aa522a6beecb,0.21375446656724625,Medium,monitor_and_verify,"['observed_declining_trend', 'large_observed_decline']"
5213,content_40cc2e94403b,0.21371835175994364,Medium,monitor_and_verify,['model_signal_requires_review']
5214,content_16788821b64a,0.2136904668318229,Low,monitor_and_verify,"['observed_declining_trend', 'large_observed_decline']"
5215,content_2ad1d9248424,0.21365724965997818,Low,monitor_and_verify,"['observed_declining_trend', 'large_observed_decline']"
5216,content_5b7267c26cc2,0.21350450125319648,Low,monitor_and_verify,['model_signal_requires_review']
5217,content_d0ea28283d46,0.21331759461958133,Low,monitor_and_verify,"['observed_declining_trend', 'large_observed_decline']"
5218,content_d0ab3354a660,0.2132614326182245,Medium,monitor_and_verify,"['observed_declining_trend', 'large_observed_decline']"
5219,content_8379c02e9fad,0.21326008576302183,Medium,monitor_and_verify,"['observed_declining_trend', 'large_observed_decline']"
5220,content_51358c64f062,0.21325738854122966,Medium,monitor_and_verify,"['observed_declining_trend', 'large_observed_decline']"
5221,content_bcaf29cf76c1,0.21325465408949124,Medium,monitor_and_verify,"['observed_declining_trend', 'large_observed_decline']"
5222,content_20a46ffa0f35,0.21323974275734123,Low,monitor_and_verify,"['observed_declining_trend', 'large_observed_decline']"
5223,content_7d91b762b534,0.21314858067663656,Medium,monitor_and_verify,['model_signal_requires_review']
5224,content_5c97197b4049,0.21307635164464897,Medium,monitor_and_verify,"['observed_declining_trend', 'large_observed_decline']"
5225,content_5dbfd76e584f,0.2127841484550201,Medium,monitor_and_verify,['model_signal_requires_review']
5226,content_f615d968944f,0.2127379399758681,Medium,monitor_and_verify,"['observed_declining_trend', 'large_observed_decline']"
5227,content_8725d0090607,0.2125885718988759,Medium,monitor_and_verify,['model_signal_requires_review']
5228,content_2913ed7d4c8d,0.2125450635952079,Medium,monitor_and_verify,['model_signal_requires_review']
5229,content_5524fe000ffd,0.2125419991042808,Medium,monitor_and_verify,['model_signal_requires_review']
5230,content_43fb1d5c60f3,0.21252729900837658,Low,monitor_and_verify,"['observed_declining_trend', 'large_observed_decline']"
5231,content_cead18006a4d,0.21249576012156357,Medium,monitor_and_verify,"['observed_declining_trend', 'large_observed_decline']"
5232,content_fafc4ea796a9,0.21248401671026448,Low,monitor_and_verify,['model_signal_requires_review']
5233,content_12269c796b58,0.21247978655616473,Medium,monitor_and_verify,['model_signal_requires_review']
5234,content_4409c919f040,0.21245149128088942,Low,monitor_and_verify,['model_signal_requires_review']
5235,content_cde2e7e0392f,0.2124146716091905,Medium,monitor_and_verify,"['observed_declining_trend', 'large_observed_decline']"
5236,content_c4ea8ed01996,0.21238371750658722,Medium,monitor_and_verify,['model_signal_requires_review']
5237,content_5c9c124097bc,0.21236451058858474,Medium,monitor_and_verify,"['observed_declining_trend', 'large_observed_decline']"
5238,content_557fe9494c53,0.21229868556593542,Medium,monitor_and_verify,"['observed_declining_trend', 'large_observed_decline']"
5239,content_a7a057f8baea,0.21219036799814434,Medium,monitor_and_verify,"['observed_declining_trend', 'large_observed_decline']"
5240,content_43871a4ea259,0.21212747709675758,Low,monitor_and_verify,"['observed_declining_trend', 'large_observed_decline']"
5241,content_36a02b1565e3,0.21205636816249387,Medium,monitor_and_verify,"['observed_declining_trend', 'large_observed_decline']"
5242,content_e20229ca23ea,0.21200243428757773,Medium,monitor_and_verify,"['observed_declining_trend', 'large_observed_decline']"
5243,content_e6f538d3b098,0.2118745902267614,Medium,monitor_and_verify,"['observed_declining_trend', 'large_observed_decline']"
5244,content_4fe3714b9736,0.21179606637409285,Medium,monitor_and_verify,['model_signal_requires_review']
5245,content_61f1658abb27,0.211793777092933,Medium,monitor_and_verify,['model_signal_requires_review']
5246,content_c54bea44135d,0.21176366204633243,Medium,monitor_and_verify,"['observed_declining_trend', 'large_observed_decline']"
5247,content_0095046d0282,0.21154514189589563,Low,monitor_and_verify,"['observed_declining_trend', 'large_observed_decline']"
5248,content_db6b1352e51c,0.21151623361444238,Medium,monitor_and_verify,"['observed_declining_trend', 'large_observed_decline']"
5249,content_32948fbafc29,0.21145988356382125,Medium,monitor_and_verify,['model_signal_requires_review']
5250,content_fc0d096e1ae0,0.21144378338207612,Low,monitor_and_verify,['model_signal_requires_review']
5251,content_10efef7b5004,0.21142078216927912,Medium,monitor_and_verify,"['observed_declining_trend', 'large_observed_decline']"
5252,content_b04d16f984c7,0.21141688874587028,Low,monitor_and_verify,"['observed_declining_trend', 'large_observed_decline']"
5253,content_51d4f462cbd8,0.21136832822593946,Medium,monitor_and_verify,['model_signal_requires_review']
5254,content_392ed6711025,0.21133903718044073,Low,monitor_and_verify,['model_signal_requires_review']
5255,content_955dfe160f51,0.21119535565832087,Low,monitor_and_verify,['model_signal_requires_review']
5256,content_784818021864,0.21119093737796188,Medium,monitor_and_verify,"['observed_declining_trend', 'large_observed_decline']"
5257,content_c60d521c8227,0.21116322367534412,Medium,monitor_and_verify,"['observed_declining_trend', 'large_observed_decline']"
5258,content_714b0fd9ee80,0.21113726238692518,Medium,monitor_and_verify,['model_signal_requires_review']
5259,content_739b312ae914,0.21106525122448672,Medium,monitor_and_verify,['model_signal_requires_review']
5260,content_5bf77ae1f2bf,0.21103863174560666,Medium,monitor_and_verify,['model_signal_requires_review']
5261,content_5010c493958a,0.21095642458065722,Medium,monitor_and_verify,['model_signal_requires_review']
5262,content_0b94cd5e95af,0.2109512552890792,Medium,monitor_and_verify,"['observed_declining_trend', 'large_observed_decline']"
5263,content_ba740deaf550,0.21092297781155017,Medium,monitor_and_verify,"['observed_declining_trend', 'large_observed_decline']"
5264,content_8fe57443675e,0.21082162630033086,Medium,monitor_and_verify,['model_signal_requires_review']
5265,content_ab7e67e9480c,0.21075102507196858,Medium,monitor_and_verify,['model_signal_requires_review']
5266,content_212375a53741,0.21074422705872498,Medium,monitor_and_verify,"['observed_declining_trend', 'large_observed_decline']"
5267,content_251d298116e3,0.21072686019954426,Medium,monitor_and_verify,['model_signal_requires_review']
5268,content_f0e867fbba2d,0.21067600779407916,Medium,monitor_and_verify,['model_signal_requires_review']
5269,content_1f7b8d8897db,0.2106463101691455,Low,monitor_and_verify,['model_signal_requires_review']
5270,content_28319e608567,0.21060297045464163,Medium,monitor_and_verify,['model_signal_requires_review']
5271,content_7ea36c800544,0.21056413316758554,Medium,monitor_and_verify,"['observed_declining_trend', 'large_observed_decline']"
5272,content_4ee813262a51,0.2105395093349062,Medium,monitor_and_verify,['model_signal_requires_review']
5273,content_3d6236696109,0.21048386380768022,Low,monitor_and_verify,['model_signal_requires_review']
5274,content_a16c79f3a714,0.21047159494725798,Medium,monitor_and_verify,"['observed_declining_trend', 'large_observed_decline']"
5275,content_5e27752e101e,0.21039200108817563,Medium,monitor_and_verify,['model_signal_requires_review']
5276,content_74aa486106a1,0.21016767257881994,Medium,monitor_and_verify,"['observed_declining_trend', 'large_observed_decline']"
5277,content_ac0c3399dc03,0.21015961974362177,Medium,monitor_and_verify,"['observed_declining_trend', 'large_observed_decline']"
5278,content_795234993c79,0.21015621878475832,Medium,monitor_and_verify,['model_signal_requires_review']
5279,content_d21cea57447c,0.21012606472602388,Medium,monitor_and_verify,['model_signal_requires_review']
5280,content_b4755fa1bacc,0.21012415455455413,Medium,monitor_and_verify,['model_signal_requires_review']
5281,content_d30f062eab20,0.20992186211912656,Medium,monitor_and_verify,"['observed_declining_trend', 'large_observed_decline']"
5282,content_0d685d0e6c2a,0.20992051900778622,Medium,monitor_and_verify,['model_signal_requires_review']
5283,content_4f4532d3e566,0.20989824139896626,Medium,monitor_and_verify,['model_signal_requires_review']
5284,content_5b2e9cafaa50,0.20986685950612685,Medium,monitor_and_verify,"['observed_declining_trend', 'large_observed_decline']"
5285,content_ec5ed4cd5e41,0.20979312064533773,Low,monitor_and_verify,"['observed_declining_trend', 'large_observed_decline']"
5286,content_a1f14c675f81,0.20976894930358403,Medium,monitor_and_verify,"['observed_declining_trend', 'large_observed_decline']"
5287,content_6bedb14141c9,0.20973531385201513,Medium,monitor_and_verify,['model_signal_requires_review']
5288,content_da2adacc2e93,0.20966637737171323,Medium,monitor_and_verify,['model_signal_requires_review']
5289,content_cb366b057a5d,0.20963491386532443,Medium,monitor_and_verify,"['observed_declining_trend', 'large_observed_decline']"
5290,content_69aa50d0821a,0.20960359707701662,Medium,monitor_and_verify,"['observed_declining_trend', 'large_observed_decline']"
5291,content_26da1548ae16,0.2095831530547334,Medium,monitor_and_verify,['model_signal_requires_review']
5292,content_dd2c71582793,0.20955176790003344,Medium,monitor_and_verify,['model_signal_requires_review']
5293,content_c47e82e01e20,0.2095342633693579,Medium,monitor_and_verify,"['observed_declining_trend', 'large_observed_decline']"
5294,content_6a0e55841e2e,0.20953030968493974,Medium,monitor_and_verify,['model_signal_requires_review']
5295,content_5627aa6937b9,0.20948275394245489,Medium,monitor_and_verify,"['observed_declining_trend', 'large_observed_decline']"
5296,content_59ae69c1396f,0.20944645084726074,Medium,monitor_and_verify,['model_signal_requires_review']
5297,content_864a936a3532,0.20936998772327103,Medium,monitor_and_verify,"['observed_declining_trend', 'large_observed_decline']"
5298,content_2b3baf9bf9df,0.20929454324867552,Medium,monitor_and_verify,['model_signal_requires_review']
5299,content_f6d6279d84be,0.20927956567592473,Medium,monitor_and_verify,"['observed_declining_trend', 'large_observed_decline']"
5300,content_1f37db922da1,0.20922772663756442,Medium,monitor_and_verify,"['observed_declining_trend', 'large_observed_decline']"
5301,content_62ef88b54ca8,0.20920339268682234,Medium,monitor_and_verify,['model_signal_requires_review']
5302,content_b99427238b18,0.20907855708565146,Medium,monitor_and_verify,"['observed_declining_trend', 'large_observed_decline']"
5303,content_4c7d1fedd4e6,0.20907177147681943,Low,monitor_and_verify,['model_signal_requires_review']
5304,content_d8836aa281d0,0.20901987834499547,Medium,monitor_and_verify,"['observed_declining_trend', 'large_observed_decline']"
5305,content_1210e6c2e909,0.2089527814203314,Medium,monitor_and_verify,['model_signal_requires_review']
5306,content_5e798568d56b,0.2089215972349284,Medium,monitor_and_verify,['model_signal_requires_review']
5307,content_8d7af5040d84,0.20884448500994368,Medium,monitor_and_verify,['model_signal_requires_review']
5308,content_a688fd01341d,0.2088433311401051,Medium,monitor_and_verify,"['observed_declining_trend', 'large_observed_decline']"
5309,content_c6a2b6495f55,0.20881594202603965,Medium,monitor_and_verify,['model_signal_requires_review']
5310,content_ecdd7308565e,0.2086494458293813,Medium,monitor_and_verify,"['observed_declining_trend', 'large_observed_decline']"
5311,content_778761ba6fc7,0.20851892277138967,Medium,monitor_and_verify,['model_signal_requires_review']
5312,content_e36c8972e97a,0.20847116875000637,Medium,monitor_and_verify,['model_signal_requires_review']
5313,content_ea397586b6f4,0.20843654960577923,Medium,monitor_and_verify,"['observed_declining_trend', 'large_observed_decline']"
5314,content_de365ef3ab06,0.20832829004555142,Low,monitor_and_verify,"['observed_declining_trend', 'large_observed_decline']"
5315,content_fb1548cece22,0.20830016836773516,Medium,monitor_and_verify,['model_signal_requires_review']
5316,content_dee71b933e85,0.20829274046053337,Low,monitor_and_verify,"['observed_declining_trend', 'large_observed_decline']"
5317,content_4ae939e7402c,0.20824532690514472,Low,monitor_and_verify,['model_signal_requires_review']
5318,content_93edea54a28f,0.20815942574525223,Low,monitor_and_verify,"['observed_declining_trend', 'large_observed_decline']"
5319,content_3f7e05acc03b,0.20815511915204057,Medium,monitor_and_verify,['model_signal_requires_review']
5320,content_28591c5b87c7,0.20794500134127283,Medium,monitor_and_verify,['model_signal_requires_review']
5321,content_dce9528e18b1,0.20793341702126153,Medium,monitor_and_verify,"['observed_declining_trend', 'large_observed_decline']"
5322,content_c34ae04b892e,0.2078215020289333,Medium,monitor_and_verify,['model_signal_requires_review']
5323,content_aad06835b82a,0.20769022353816352,Medium,monitor_and_verify,"['observed_declining_trend', 'large_observed_decline']"
5324,content_c1f330d0aff3,0.2076232197051831,Medium,monitor_and_verify,['model_signal_requires_review']
5325,content_e72e6c56f0a3,0.20748790701049472,Low,monitor_and_verify,"['observed_declining_trend', 'large_observed_decline']"
5326,content_2fcff7dd0889,0.20742845416429406,Medium,monitor_and_verify,['model_signal_requires_review']
5327,content_d96e16834162,0.20742665378769887,Medium,monitor_and_verify,['model_signal_requires_review']
5328,content_01f41d718fd7,0.20717241161838204,Medium,monitor_and_verify,"['observed_declining_trend', 'large_observed_decline']"
5329,content_10acb87b3040,0.20714584524732021,Medium,monitor_and_verify,['model_signal_requires_review']
5330,content_93de0089bfe5,0.2071102384650886,Medium,monitor_and_verify,['model_signal_requires_review']
5331,content_435e78c804ad,0.20707728941841427,Medium,monitor_and_verify,"['observed_declining_trend', 'large_observed_decline']"
5332,content_e1d07bb09232,0.20705740719608076,Medium,monitor_and_verify,['model_signal_requires_review']
5333,content_678f2f245257,0.20697448805750956,Medium,monitor_and_verify,"['observed_declining_trend', 'large_observed_decline']"
5334,content_ae191220c6c4,0.20694958022018586,Medium,monitor_and_verify,"['observed_declining_trend', 'large_observed_decline']"
5335,content_78964ea28e65,0.20681407847018313,Medium,monitor_and_verify,['model_signal_requires_review']
5336,content_85d1fb597319,0.206801868102084,Medium,monitor_and_verify,['model_signal_requires_review']
5337,content_01ec3d27560e,0.20677729930026886,Medium,monitor_and_verify,['model_signal_requires_review']
5338,content_1593a32a7527,0.20671893293196222,Low,monitor_and_verify,['model_signal_requires_review']
5339,content_2ca9f63bb061,0.2066424990941788,Medium,monitor_and_verify,['model_signal_requires_review']
5340,content_9b934e3e7101,0.206640091137579,Medium,monitor_and_verify,['model_signal_requires_review']
5341,content_2a6a41cdfcbe,0.20663799724879564,Medium,monitor_and_verify,['model_signal_requires_review']
5342,content_4b10bd84b6b5,0.20660200069590484,Medium,monitor_and_verify,"['observed_declining_trend', 'large_observed_decline']"
5343,content_bfb0f696b1e3,0.20648819247903086,Medium,monitor_and_verify,"['observed_declining_trend', 'large_observed_decline']"
5344,content_61d443ec18ae,0.2064273377845106,Medium,monitor_and_verify,"['observed_declining_trend', 'large_observed_decline']"
5345,content_27c07c5ddfa9,0.206389801615495,Medium,monitor_and_verify,['model_signal_requires_review']
5346,content_ff0b9154b156,0.20637845276117442,Medium,monitor_and_verify,"['observed_declining_trend', 'large_observed_decline']"
5347,content_159ea0a601d6,0.20637691417770265,Medium,monitor_and_verify,"['observed_declining_trend', 'large_observed_decline']"
5348,content_c0d32e8f4dc2,0.2063767234243756,Medium,monitor_and_verify,['model_signal_requires_review']
5349,content_17fcad861ce7,0.20632651778377487,Medium,monitor_and_verify,"['observed_declining_trend', 'large_observed_decline']"
5350,content_b44e333111a0,0.20612233327786383,Medium,monitor_and_verify,['model_signal_requires_review']
5351,content_6b49c373fb5e,0.2060095238188001,Medium,monitor_and_verify,"['observed_declining_trend', 'large_observed_decline']"
5352,content_4817ddb54d7a,0.20600685794019788,Medium,monitor_and_verify,"['observed_declining_trend', 'large_observed_decline']"
5353,content_44a91994cce7,0.20597086206287496,Medium,monitor_and_verify,"['observed_declining_trend', 'large_observed_decline']"
5354,content_cd444afadcc6,0.20587847434226636,Medium,monitor_and_verify,['model_signal_requires_review']
5355,content_856aca9a7224,0.20569150663385696,Medium,monitor_and_verify,['model_signal_requires_review']
5356,content_6d9eed144ee7,0.20565981633269187,Medium,monitor_and_verify,['model_signal_requires_review']
5357,content_fba37ae0d72e,0.205418828395123,Low,monitor_and_verify,"['observed_declining_trend', 'large_observed_decline']"
5358,content_9c934fa5762a,0.2053937591724617,Medium,monitor_and_verify,"['observed_declining_trend', 'large_observed_decline']"
5359,content_fa84a88741eb,0.20535581568138173,Medium,monitor_and_verify,['model_signal_requires_review']
5360,content_4c4d1c64b58e,0.2053460392598304,Medium,monitor_and_verify,"['observed_declining_trend', 'large_observed_decline']"
5361,content_f7f7b664724b,0.20534089211859236,Medium,monitor_and_verify,['model_signal_requires_review']
5362,content_160878f5f2a7,0.20506934529914397,Low,monitor_and_verify,['model_signal_requires_review']
5363,content_80c239f9ecc8,0.20497751153617128,Medium,monitor_and_verify,"['observed_declining_trend', 'large_observed_decline']"
5364,content_a869de96aa65,0.2048920888309749,Low,monitor_and_verify,['model_signal_requires_review']
5365,content_2e0483eb1960,0.204881690889971,Medium,monitor_and_verify,['model_signal_requires_review']
5366,content_7d2d33fb3ea5,0.20484503879256635,Medium,monitor_and_verify,"['observed_declining_trend', 'large_observed_decline']"
5367,content_a5b06020eb2e,0.20481772975776874,Low,monitor_and_verify,['model_signal_requires_review']
5368,content_caa6a0f78b21,0.2048003191949615,Medium,monitor_and_verify,"['observed_declining_trend', 'large_observed_decline']"
5369,content_291e5716005f,0.20473052834706132,Medium,monitor_and_verify,"['observed_declining_trend', 'large_observed_decline']"
5370,content_392e98bd3720,0.20470426602409061,Medium,monitor_and_verify,"['observed_declining_trend', 'large_observed_decline']"
5371,content_8b8d92de4642,0.20462697366324545,Medium,monitor_and_verify,['model_signal_requires_review']
5372,content_f15b56cac59f,0.2046164006303722,Medium,monitor_and_verify,"['observed_declining_trend', 'large_observed_decline']"
5373,content_d7ec7ff45d7f,0.20453730654847593,Medium,monitor_and_verify,['model_signal_requires_review']
5374,content_486ea85278bd,0.2045122181634314,Medium,monitor_and_verify,['model_signal_requires_review']
5375,content_b914d613c73f,0.20448565117533732,Medium,monitor_and_verify,"['observed_declining_trend', 'large_observed_decline']"
5376,content_f94f6a2b8453,0.2042729472391446,Low,monitor_and_verify,['model_signal_requires_review']
5377,content_82074408a03e,0.2042449212848098,Low,monitor_and_verify,"['observed_declining_trend', 'large_observed_decline']"
5378,content_e3dff173ea81,0.20397295757267422,Medium,monitor_and_verify,['model_signal_requires_review']
5379,content_58785735f95f,0.20394841838896913,Medium,monitor_and_verify,"['observed_declining_trend', 'large_observed_decline']"
5380,content_86398e14cd53,0.20388434910761252,Medium,monitor_and_verify,"['observed_declining_trend', 'large_observed_decline']"
5381,content_612eeab9024b,0.20386940579617585,Medium,monitor_and_verify,['model_signal_requires_review']
5382,content_402ad93001ce,0.20376169256936894,Low,monitor_and_verify,"['observed_declining_trend', 'large_observed_decline']"
5383,content_2f3532702ecc,0.20375314481057344,Medium,monitor_and_verify,"['observed_declining_trend', 'large_observed_decline']"
5384,content_84b564f96061,0.2037234345149696,Medium,monitor_and_verify,"['observed_declining_trend', 'large_observed_decline']"
5385,content_a49999b2fd16,0.20366609634353636,Low,monitor_and_verify,"['observed_declining_trend', 'large_observed_decline']"
5386,content_baa2b50f271a,0.2036534260938738,Medium,monitor_and_verify,['model_signal_requires_review']
5387,content_db6997105471,0.20364441421181986,Medium,monitor_and_verify,['model_signal_requires_review']
5388,content_11900bd7941a,0.20353009877981906,Medium,monitor_and_verify,['model_signal_requires_review']
5389,content_383f7fffd99f,0.20349913160203367,Medium,monitor_and_verify,"['observed_declining_trend', 'large_observed_decline']"
5390,content_31c90b860ef8,0.20348597579456898,Medium,monitor_and_verify,['model_signal_requires_review']
5391,content_99aa6e14787a,0.20327091743977718,Medium,monitor_and_verify,['model_signal_requires_review']
5392,content_a9701cee1030,0.20322418542612802,Medium,monitor_and_verify,"['observed_declining_trend', 'large_observed_decline']"
5393,content_584546729bcb,0.20316080412497595,Medium,monitor_and_verify,"['observed_declining_trend', 'large_observed_decline']"
5394,content_b4170c25efd2,0.20313074141633444,Medium,monitor_and_verify,"['observed_declining_trend', 'large_observed_decline']"
5395,content_28789a01958b,0.20309848968744906,Medium,monitor_and_verify,"['observed_declining_trend', 'large_observed_decline']"
5396,content_1d83fef6f951,0.20307397458737386,Medium,monitor_and_verify,['model_signal_requires_review']
5397,content_ec9134ab6c04,0.20304987917336562,Low,monitor_and_verify,['model_signal_requires_review']
5398,content_167dac1b8e51,0.20303297960793493,Low,monitor_and_verify,"['observed_declining_trend', 'large_observed_decline']"
5399,content_b969b01c158e,0.20302789266956214,Medium,monitor_and_verify,['model_signal_requires_review']
5400,content_a2713a5c710c,0.20282933026320446,Medium,monitor_and_verify,['model_signal_requires_review']
5401,content_a7930f866320,0.2027681119803144,Low,monitor_and_verify,['model_signal_requires_review']
5402,content_71c43128de8e,0.2027434723177664,Medium,monitor_and_verify,"['observed_declining_trend', 'large_observed_decline']"
5403,content_7e0ec17bcdca,0.20267386231459278,Medium,monitor_and_verify,"['observed_declining_trend', 'large_observed_decline']"
5404,content_52a55057b498,0.20258362851680697,Medium,monitor_and_verify,"['observed_declining_trend', 'large_observed_decline']"
5405,content_f85aa6e9bc6e,0.2024763003007795,Low,monitor_and_verify,"['observed_declining_trend', 'large_observed_decline']"
5406,content_c31e589ace36,0.20246004466234951,Medium,monitor_and_verify,"['observed_declining_trend', 'large_observed_decline']"
5407,content_abba884411e3,0.20232133217795864,Medium,monitor_and_verify,"['observed_declining_trend', 'large_observed_decline']"
5408,content_dd996502691d,0.20228822883219555,Medium,monitor_and_verify,['model_signal_requires_review']
5409,content_7dd047c5c133,0.20222054501134767,Medium,monitor_and_verify,"['observed_declining_trend', 'large_observed_decline']"
5410,content_6352ef618f56,0.20212973511983418,Medium,monitor_and_verify,"['observed_declining_trend', 'large_observed_decline']"
5411,content_73c2db014054,0.20212406046517517,Low,monitor_and_verify,"['observed_declining_trend', 'large_observed_decline']"
5412,content_06248e69dbfe,0.20212304872226278,Low,monitor_and_verify,"['observed_declining_trend', 'large_observed_decline']"
5413,content_43d1bae544f5,0.2021186337447947,Medium,monitor_and_verify,['model_signal_requires_review']
5414,content_ccca02d84f2d,0.2021132217221214,Low,monitor_and_verify,['model_signal_requires_review']
5415,content_a2a9d1ffeca3,0.20210848138018983,Low,monitor_and_verify,"['observed_declining_trend', 'large_observed_decline']"
5416,content_de74413100cf,0.2020933527553993,Medium,monitor_and_verify,['model_signal_requires_review']
5417,content_da559143a20a,0.20199579844749022,Medium,monitor_and_verify,['model_signal_requires_review']
5418,content_ba60a05324e3,0.2019721790352605,Medium,monitor_and_verify,"['observed_declining_trend', 'large_observed_decline']"
5419,content_396019fec61a,0.20195862679194435,Medium,monitor_and_verify,['model_signal_requires_review']
5420,content_971787b181dd,0.20157395630409936,Medium,monitor_and_verify,['model_signal_requires_review']
5421,content_a146afa9b26a,0.2015482164335031,Low,monitor_and_verify,['model_signal_requires_review']
5422,content_b7b598d56a50,0.20150302193201988,Medium,monitor_and_verify,"['observed_declining_trend', 'large_observed_decline']"
5423,content_e3a6a7d6736f,0.2014196751445517,Medium,monitor_and_verify,"['observed_declining_trend', 'large_observed_decline']"
5424,content_b2b7178dc27b,0.20138416602674863,Medium,monitor_and_verify,['model_signal_requires_review']
5425,content_5a3d4457e7db,0.2012991449742176,Medium,monitor_and_verify,"['observed_declining_trend', 'large_observed_decline']"
5426,content_ac1bd950b003,0.2012943347993077,Medium,monitor_and_verify,['model_signal_requires_review']
5427,content_29e0a52ad77a,0.20125203433725447,Low,monitor_and_verify,"['observed_declining_trend', 'large_observed_decline']"
5428,content_5588ef6ef806,0.2010984424025868,Medium,monitor_and_verify,"['observed_declining_trend', 'large_observed_decline']"
5429,content_93a2b2c62298,0.2010509038604491,Medium,monitor_and_verify,['model_signal_requires_review']
5430,content_41cab735148d,0.2010383249533361,Medium,monitor_and_verify,"['observed_declining_trend', 'large_observed_decline']"
5431,content_a9063a28c8ea,0.20096032572626157,Medium,monitor_and_verify,['model_signal_requires_review']
5432,content_9430301e2692,0.2008980411090926,Medium,monitor_and_verify,['model_signal_requires_review']
5433,content_3ed73641fbe8,0.20080606984806393,Medium,monitor_and_verify,"['observed_declining_trend', 'large_observed_decline']"
5434,content_9955f4a562ef,0.20076989243251822,Medium,monitor_and_verify,"['observed_declining_trend', 'large_observed_decline']"
5435,content_690b51acbaa9,0.20073055563323705,Medium,monitor_and_verify,['model_signal_requires_review']
5436,content_b2b48d24f7d0,0.20054272258084876,Low,monitor_and_verify,['model_signal_requires_review']
5437,content_4427dc2e32a1,0.20053770033399018,Medium,monitor_and_verify,"['observed_declining_trend', 'large_observed_decline']"
5438,content_231c10e69d17,0.2005356441354515,Low,monitor_and_verify,['model_signal_requires_review']
5439,content_d91eb7d94d3f,0.20041185844823473,Medium,monitor_and_verify,"['observed_declining_trend', 'large_observed_decline']"
5440,content_8f4950b33cf7,0.20039108419402338,Low,monitor_and_verify,"['observed_declining_trend', 'large_observed_decline']"
5441,content_34ed0cec6ebf,0.200185484685616,Medium,monitor_and_verify,['model_signal_requires_review']
5442,content_1be1c6f083ce,0.20012814199014006,Medium,monitor_and_verify,['model_signal_requires_review']
5443,content_e0b08ad65f5b,0.20012318173616506,Medium,monitor_and_verify,"['observed_declining_trend', 'large_observed_decline']"
5444,content_344ddf4c03d6,0.20009514710619988,Medium,monitor_and_verify,['model_signal_requires_review']
5445,content_a4758ce256b5,0.20008992870037826,Medium,monitor_and_verify,"['observed_declining_trend', 'large_observed_decline']"
5446,content_a66ce68fad6c,0.20000005897055959,Medium,monitor_and_verify,['model_signal_requires_review']
5447,content_724229f1cb24,0.1999496399617652,Medium,monitor_and_verify,['model_signal_requires_review']
5448,content_3be13cd9cb0c,0.199917401504241,Medium,monitor_and_verify,"['observed_declining_trend', 'large_observed_decline']"
5449,content_b11fca347f8e,0.1997042773861614,Medium,monitor_and_verify,['model_signal_requires_review']
5450,content_7d7be59d2100,0.19958803951997298,Medium,monitor_and_verify,['model_signal_requires_review']
5451,content_fca1bf3940c0,0.19958046763053228,Medium,monitor_and_verify,"['observed_declining_trend', 'large_observed_decline']"
5452,content_933b7d8e3c4f,0.19953962511106493,Medium,monitor_and_verify,['model_signal_requires_review']
5453,content_5fe46e04994d,0.19948913074300764,Medium,monitor_and_verify,"['observed_declining_trend', 'large_observed_decline']"
5454,content_7446b0b2cec2,0.1994880661598534,Medium,monitor_and_verify,"['observed_declining_trend', 'large_observed_decline']"
5455,content_3fd05ebd11f9,0.19941873254189837,Low,monitor_and_verify,['model_signal_requires_review']
5456,content_4a05d299cf1b,0.19932678920491248,Medium,monitor_and_verify,['model_signal_requires_review']
5457,content_3653151b7ac7,0.19932075324374698,Medium,monitor_and_verify,"['observed_declining_trend', 'large_observed_decline']"
5458,content_a96c35cc20d2,0.19924231928766947,Medium,monitor_and_verify,"['observed_declining_trend', 'large_observed_decline']"
5459,content_761bd8633dfa,0.19912869958342477,Low,monitor_and_verify,['model_signal_requires_review']
5460,content_ec3af21db8a5,0.19911925579401893,Medium,monitor_and_verify,"['observed_declining_trend', 'large_observed_decline']"
5461,content_2d6c50388f53,0.19906697034804122,Medium,monitor_and_verify,"['observed_declining_trend', 'large_observed_decline']"
5462,content_991da9a1aaab,0.19894729869067948,Medium,monitor_and_verify,"['observed_declining_trend', 'large_observed_decline']"
5463,content_33d1b80a149c,0.1987212632113267,Medium,monitor_and_verify,['model_signal_requires_review']
5464,content_936f6af81f1f,0.19853477165504071,Medium,monitor_and_verify,['model_signal_requires_review']
5465,content_2841dad7e57a,0.19844623241453985,Medium,monitor_and_verify,['model_signal_requires_review']
5466,content_8279726d9928,0.19823968510505652,Medium,monitor_and_verify,"['observed_declining_trend', 'large_observed_decline']"
5467,content_44313a51f457,0.1979621914706393,Medium,monitor_and_verify,['model_signal_requires_review']
5468,content_e446ed72b5c1,0.1978041125723003,Medium,monitor_and_verify,['model_signal_requires_review']
5469,content_c544de1b14e2,0.19773618796146278,Medium,monitor_and_verify,['model_signal_requires_review']
5470,content_6129bdf179ba,0.19772050823486706,Medium,monitor_and_verify,['model_signal_requires_review']
5471,content_8b29757eee97,0.19771370848953074,Medium,monitor_and_verify,['model_signal_requires_review']
5472,content_271940834e91,0.19767811060941123,Medium,monitor_and_verify,['model_signal_requires_review']
5473,content_c3605045bdf9,0.19762434151538213,Low,monitor_and_verify,['model_signal_requires_review']
5474,content_59e1e5985094,0.19729203634401088,Medium,monitor_and_verify,['model_signal_requires_review']
5475,content_17582f51a0f6,0.19696610222820576,Medium,monitor_and_verify,"['observed_declining_trend', 'large_observed_decline']"
5476,content_3437133c7ccf,0.1968299902768781,Medium,monitor_and_verify,"['observed_declining_trend', 'large_observed_decline']"
5477,content_4c36c775b818,0.1966795891135508,Medium,monitor_and_verify,"['observed_declining_trend', 'large_observed_decline']"
5478,content_fda3f9dbfd08,0.19644134654102158,Medium,monitor_and_verify,['model_signal_requires_review']
5479,content_864e30ed8784,0.19617416713233007,Medium,monitor_and_verify,"['observed_declining_trend', 'large_observed_decline']"
5480,content_898cc0d1d0ca,0.19612936964456015,Low,monitor_and_verify,['model_signal_requires_review']
5481,content_0e70a832cb7a,0.19611192380702258,Medium,monitor_and_verify,['model_signal_requires_review']
5482,content_69561a7ae2e1,0.19590085932485993,Low,monitor_and_verify,['model_signal_requires_review']
5483,content_e9bc92689a75,0.19584001778671364,Low,monitor_and_verify,"['observed_declining_trend', 'large_observed_decline']"
5484,content_60aec4203852,0.19583858039040536,Low,monitor_and_verify,"['observed_declining_trend', 'large_observed_decline']"
5485,content_78b101b5baac,0.19582100563922927,Low,monitor_and_verify,['model_signal_requires_review']
5486,content_34d828937b47,0.195811325825028,Low,monitor_and_verify,['model_signal_requires_review']
5487,content_ab943e8575eb,0.19546108349360095,Medium,monitor_and_verify,['model_signal_requires_review']
5488,content_5393f44a4c0c,0.19540939833475632,Low,monitor_and_verify,"['observed_declining_trend', 'large_observed_decline']"
5489,content_293f28898512,0.19528157090424747,Low,monitor_and_verify,"['observed_declining_trend', 'large_observed_decline']"
5490,content_04d9a432d35e,0.19517422984409913,Low,monitor_and_verify,['model_signal_requires_review']
5491,content_6dd6d7779405,0.1951576636241486,Medium,monitor_and_verify,"['observed_declining_trend', 'large_observed_decline']"
5492,content_8b9d9d013337,0.19507744190260531,Medium,monitor_and_verify,"['observed_declining_trend', 'large_observed_decline']"
5493,content_78c549f9e428,0.194909722242913,Medium,monitor_and_verify,"['observed_declining_trend', 'large_observed_decline']"
5494,content_88ae1c300a05,0.19488741124062078,Medium,monitor_and_verify,"['observed_declining_trend', 'large_observed_decline']"
5495,content_16bd8ad6a2a1,0.1948277626871754,Low,monitor_and_verify,['model_signal_requires_review']
5496,content_b4aae044ca25,0.19477387654204248,Medium,monitor_and_verify,"['observed_declining_trend', 'large_observed_decline']"
5497,content_5e534a835454,0.19473341026807472,Low,monitor_and_verify,"['observed_declining_trend', 'large_observed_decline']"
5498,content_5f33c103aa9f,0.19468144648161573,Low,monitor_and_verify,['model_signal_requires_review']
5499,content_d39c538aae1d,0.19464708159572,Low,monitor_and_verify,"['observed_declining_trend', 'large_observed_decline']"
5500,content_868447a1b9c7,0.19411979323791417,Medium,monitor_and_verify,['model_signal_requires_review']
5501,content_8fce0ed56689,0.19397879092128914,Low,monitor_and_verify,"['observed_declining_trend', 'large_observed_decline']"
5502,content_372fff4bfabc,0.19397372710443658,Low,monitor_and_verify,"['observed_declining_trend', 'large_observed_decline']"
5503,content_b8c3aaba4f8e,0.19395121006661206,Medium,monitor_and_verify,['model_signal_requires_review']
5504,content_fb7fb643eff7,0.19386000426860614,Medium,monitor_and_verify,"['observed_declining_trend', 'large_observed_decline']"
5505,content_5af4c93ae18a,0.19372711114573163,Low,monitor_and_verify,['model_signal_requires_review']
5506,content_cd185509429c,0.19362556855201354,Low,monitor_and_verify,"['observed_declining_trend', 'large_observed_decline']"
5507,content_d0d54d0f71b3,0.1933607650574097,Low,monitor_and_verify,"['observed_declining_trend', 'large_observed_decline']"
5508,content_0b4d2494a6f6,0.19334846804909078,Medium,monitor_and_verify,['model_signal_requires_review']
5509,content_1cea97c28cd6,0.19317608370522057,Medium,monitor_and_verify,"['observed_declining_trend', 'large_observed_decline']"
5510,content_39e71545d840,0.19306499316312062,Medium,monitor_and_verify,['model_signal_requires_review']
5511,content_17ca7a51731c,0.19305566831961246,Medium,monitor_and_verify,['model_signal_requires_review']
5512,content_89db08be16ee,0.1929670336898321,Low,monitor_and_verify,['large_observed_decline']
5513,content_083bac35aa08,0.19292310167687454,Low,monitor_and_verify,['model_signal_requires_review']
5514,content_f723386d3487,0.19276113854485374,Medium,monitor_and_verify,"['observed_declining_trend', 'large_observed_decline']"
5515,content_47757540a16b,0.19275806272418275,Low,monitor_and_verify,['model_signal_requires_review']
5516,content_e474339b073f,0.19242755990577987,Medium,monitor_and_verify,"['observed_declining_trend', 'large_observed_decline']"
5517,content_7f3f9c3e3952,0.1920210684042043,Medium,monitor_and_verify,['model_signal_requires_review']
5518,content_575a423f570e,0.19200641209556232,Medium,monitor_and_verify,['model_signal_requires_review']
5519,content_bd8a682b7e9d,0.1919840254357724,Low,monitor_and_verify,"['observed_declining_trend', 'large_observed_decline']"
5520,content_007d1f134801,0.19167155498511018,Medium,monitor_and_verify,"['observed_declining_trend', 'large_observed_decline']"
5521,content_7a09da8ecc46,0.19148840499453237,Medium,monitor_and_verify,"['observed_declining_trend', 'large_observed_decline']"
5522,content_3900e2a1012f,0.19144280293098434,Medium,monitor_and_verify,['model_signal_requires_review']
5523,content_db5989a78dd3,0.1914364797059039,Medium,monitor_and_verify,['model_signal_requires_review']
5524,content_29c550b073ec,0.1913398331966454,Medium,monitor_and_verify,['model_signal_requires_review']
5525,content_1d2db6db4635,0.19131402027409905,Medium,monitor_and_verify,"['observed_declining_trend', 'large_observed_decline']"
5526,content_a053262db2c0,0.1912983174123197,Medium,monitor_and_verify,['model_signal_requires_review']
5527,content_56632b41c725,0.19123722072602997,Medium,monitor_and_verify,['model_signal_requires_review']
5528,content_14b2f0944105,0.19109585683357252,Medium,monitor_and_verify,['model_signal_requires_review']
5529,content_5d19d2275db8,0.1910605395468497,Medium,monitor_and_verify,"['observed_declining_trend', 'large_observed_decline']"
5530,content_36fb0d9f1b73,0.19098911895612106,Low,monitor_and_verify,['model_signal_requires_review']
5531,content_1aa219431528,0.190885757869875,Medium,monitor_and_verify,['model_signal_requires_review']
5532,content_4c7f58701820,0.1904007797443797,Medium,monitor_and_verify,['model_signal_requires_review']
5533,content_29915df7a8d8,0.19035458277952197,Low,monitor_and_verify,['model_signal_requires_review']
5534,content_081819fd358d,0.1902518495558752,Medium,monitor_and_verify,['model_signal_requires_review']
5535,content_d677f029a39e,0.19019326675034434,Medium,monitor_and_verify,['model_signal_requires_review']
5536,content_f658e746131f,0.19009480786047184,Medium,monitor_and_verify,"['observed_declining_trend', 'large_observed_decline']"
5537,content_64fbb70a9c18,0.18975574310229648,Low,monitor_and_verify,['model_signal_requires_review']
5538,content_544cc7394fc5,0.18952706365045888,Medium,monitor_and_verify,"['observed_declining_trend', 'large_observed_decline']"
5539,content_8551d2e9f9ca,0.18952016780966205,Medium,monitor_and_verify,['model_signal_requires_review']
5540,content_33ec03adce0d,0.18927881073873062,Low,monitor_and_verify,['model_signal_requires_review']
5541,content_b1bf3aa2c743,0.18906647048080844,Low,monitor_and_verify,"['observed_declining_trend', 'large_observed_decline']"
5542,content_d7238b16367e,0.18899660431955637,Medium,monitor_and_verify,['model_signal_requires_review']
5543,content_fb15ed71f582,0.1888812819078378,Medium,monitor_and_verify,['model_signal_requires_review']
5544,content_989e93d58ab9,0.18834865346439988,Medium,monitor_and_verify,['model_signal_requires_review']
5545,content_f9ca4044fc87,0.1880263816894063,Medium,monitor_and_verify,['model_signal_requires_review']
5546,content_01f07b38039c,0.1879980452897782,Low,monitor_and_verify,['model_signal_requires_review']
5547,content_e04f657e2abd,0.1875821241929881,Medium,monitor_and_verify,['model_signal_requires_review']
5548,content_788fed4cefcf,0.18753136071805088,Medium,monitor_and_verify,['model_signal_requires_review']
5549,content_2b7643543b19,0.18752812039301112,Low,monitor_and_verify,['model_signal_requires_review']
5550,content_c68487838986,0.18747116165215783,Low,monitor_and_verify,['model_signal_requires_review']
5551,content_7a7a2b707f3f,0.1873735682342176,Medium,monitor_and_verify,['model_signal_requires_review']
5552,content_c395e96c3464,0.1873437453487802,Medium,monitor_and_verify,"['observed_declining_trend', 'large_observed_decline']"
5553,content_4994e9cab745,0.18732974698893462,Medium,monitor_and_verify,['model_signal_requires_review']
5554,content_33c35acea80b,0.1873066380326503,Low,monitor_and_verify,['model_signal_requires_review']
5555,content_64373b8be1b4,0.18699553768404056,Medium,monitor_and_verify,['model_signal_requires_review']
5556,content_5e4f1761806f,0.18675559143143644,Medium,monitor_and_verify,['model_signal_requires_review']
5557,content_617c14bb6cfa,0.1867197150911566,Medium,monitor_and_verify,"['observed_declining_trend', 'large_observed_decline']"
5558,content_206b16537b0e,0.18664329020509857,Medium,monitor_and_verify,['model_signal_requires_review']
5559,content_06b9fe7fa146,0.18658402198055943,Low,monitor_and_verify,['model_signal_requires_review']
5560,content_aef354fe0cbd,0.18657987582406765,Low,monitor_and_verify,['model_signal_requires_review']
5561,content_d146f0489a92,0.18628254960811422,Low,monitor_and_verify,"['observed_declining_trend', 'large_observed_decline']"
5562,content_659479bf8d74,0.18626820401556562,Medium,monitor_and_verify,['model_signal_requires_review']
5563,content_469526eec435,0.18609891607900989,Medium,monitor_and_verify,"['observed_declining_trend', 'large_observed_decline']"
5564,content_94cf0ae7ea8f,0.18586309555740835,Medium,monitor_and_verify,"['observed_declining_trend', 'large_observed_decline']"
5565,content_e28ccaa8e211,0.18576646014753898,Medium,monitor_and_verify,['model_signal_requires_review']
5566,content_b060a56e168e,0.18537153450158955,Medium,monitor_and_verify,['model_signal_requires_review']
5567,content_8818fd6d967f,0.18532530320891227,Medium,monitor_and_verify,"['observed_declining_trend', 'large_observed_decline']"
5568,content_2c546f720c93,0.18524344296797868,Medium,monitor_and_verify,['model_signal_requires_review']
5569,content_0e5cf35a8fa6,0.1852420856753737,Low,monitor_and_verify,"['observed_declining_trend', 'large_observed_decline']"
5570,content_b45cc3f5b6b6,0.185218249365877,Medium,monitor_and_verify,"['observed_declining_trend', 'large_observed_decline']"
5571,content_d147fe67910a,0.18499392776836537,Low,monitor_and_verify,['model_signal_requires_review']
5572,content_1cf48271e12d,0.18491009169856001,Medium,monitor_and_verify,['model_signal_requires_review']
5573,content_cea79ef51519,0.18422487397389378,Medium,monitor_and_verify,"['observed_declining_trend', 'large_observed_decline']"
5574,content_9669cd41358f,0.18400949911397363,Medium,monitor_and_verify,['model_signal_requires_review']
5575,content_0409acd934fb,0.1839655918590975,Medium,monitor_and_verify,['model_signal_requires_review']
5576,content_c727f5bd7c1a,0.183653703906172,Low,monitor_and_verify,['model_signal_requires_review']
5577,content_4014e91c398f,0.18359674362982137,Medium,monitor_and_verify,['model_signal_requires_review']
5578,content_c69056de7202,0.18349023887462296,Medium,monitor_and_verify,"['observed_declining_trend', 'large_observed_decline']"
5579,content_c9147cda01f0,0.18343722661200115,Medium,monitor_and_verify,"['observed_declining_trend', 'large_observed_decline']"
5580,content_9f2b69296b69,0.1831941829861449,Medium,monitor_and_verify,['model_signal_requires_review']
5581,content_3504a42dccf2,0.18309302563724011,Low,monitor_and_verify,['model_signal_requires_review']
5582,content_b8d3e0ffaf08,0.18300082211744775,Low,monitor_and_verify,['model_signal_requires_review']
5583,content_ae802e35d9a9,0.1829733577577541,Low,monitor_and_verify,['model_signal_requires_review']
5584,content_abcc98cc68f8,0.1826726828396178,Medium,monitor_and_verify,['model_signal_requires_review']
5585,content_9066e7c9a8ba,0.18242804537912932,Low,monitor_and_verify,['model_signal_requires_review']
5586,content_bdd7c88a58ed,0.18238257377192132,Medium,monitor_and_verify,"['observed_declining_trend', 'large_observed_decline']"
5587,content_4090f0acd977,0.18215423247750723,Medium,monitor_and_verify,"['observed_declining_trend', 'large_observed_decline']"
5588,content_37106924f264,0.18144414840978662,Medium,monitor_and_verify,['model_signal_requires_review']
5589,content_da476514f660,0.18141692758956812,Low,monitor_and_verify,['model_signal_requires_review']
5590,content_e5481aa7df58,0.18133905822342397,Medium,monitor_and_verify,['model_signal_requires_review']
5591,content_18c6c376df8c,0.18129413111306167,Medium,monitor_and_verify,['model_signal_requires_review']
5592,content_ccfaa94cd245,0.18128236049148577,Low,monitor_and_verify,['model_signal_requires_review']
5593,content_b4acf154448d,0.18118654866769485,Low,monitor_and_verify,['model_signal_requires_review']
5594,content_e70a396cdf3e,0.18111129521869532,Low,monitor_and_verify,['model_signal_requires_review']
5595,content_2611b07ac9ad,0.18071539520689664,Medium,monitor_and_verify,['model_signal_requires_review']
5596,content_4a18c07e5357,0.18068314165718577,Medium,monitor_and_verify,"['observed_declining_trend', 'large_observed_decline']"
5597,content_db48904c158b,0.1806373983681451,Low,monitor_and_verify,['model_signal_requires_review']
5598,content_fb6a65a234fb,0.18034533856293175,Medium,monitor_and_verify,"['observed_declining_trend', 'large_observed_decline']"
5599,content_2a0e5d999eb3,0.18026705262601386,Low,monitor_and_verify,['model_signal_requires_review']
5600,content_322ac9c5f39f,0.180086050119225,Medium,monitor_and_verify,['model_signal_requires_review']
5601,content_935dad48e67d,0.1798850535800801,Medium,monitor_and_verify,"['observed_declining_trend', 'large_observed_decline']"
5602,content_7ae89edc84f4,0.1797965329248533,Low,monitor_and_verify,['model_signal_requires_review']
5603,content_92414e34ded3,0.1797104367039412,Medium,monitor_and_verify,['model_signal_requires_review']
5604,content_453f3a68e535,0.17964588754816196,Medium,monitor_and_verify,['model_signal_requires_review']
5605,content_1935a0f59861,0.1795604007783169,Medium,monitor_and_verify,['model_signal_requires_review']
5606,content_b3152ebe9e7e,0.17925619534834084,Medium,monitor_and_verify,['model_signal_requires_review']
5607,content_e6aeb6995d0c,0.17925410884368678,Low,monitor_and_verify,['model_signal_requires_review']
5608,content_34c0c51255aa,0.1785498980995011,Low,monitor_and_verify,['model_signal_requires_review']
5609,content_b553e6af4fb1,0.17834879047739172,Medium,monitor_and_verify,['model_signal_requires_review']
5610,content_a610c1a64952,0.17809602047647782,Medium,monitor_and_verify,['model_signal_requires_review']
5611,content_32ea6aa8091a,0.17806983566994522,Medium,monitor_and_verify,['model_signal_requires_review']
5612,content_e8202f39fad7,0.17796302036079717,Medium,monitor_and_verify,"['observed_declining_trend', 'large_observed_decline']"
5613,content_e5ae436f9a16,0.17791703882266496,Medium,monitor_and_verify,['model_signal_requires_review']
5614,content_f221e6901462,0.17775311402765973,Low,monitor_and_verify,['model_signal_requires_review']
5615,content_9c30538ef131,0.177226104647509,Medium,monitor_and_verify,['model_signal_requires_review']
5616,content_e55da9707bf5,0.17695329376177277,Medium,monitor_and_verify,"['observed_declining_trend', 'large_observed_decline']"
5617,content_ab5f4addedcf,0.17682953812135735,Low,monitor_and_verify,['model_signal_requires_review']
5618,content_6e04efee3c6e,0.1766751547295428,Medium,monitor_and_verify,"['observed_declining_trend', 'large_observed_decline']"
5619,content_1b8d40b05698,0.17649495452490704,Low,monitor_and_verify,['model_signal_requires_review']
5620,content_1de940de6ed3,0.17633589715846815,Low,monitor_and_verify,['model_signal_requires_review']
5621,content_8ff857ae67d0,0.1762780729203456,Medium,monitor_and_verify,"['observed_declining_trend', 'large_observed_decline']"
5622,content_701340c88f73,0.1762362149588392,Medium,monitor_and_verify,['model_signal_requires_review']
5623,content_79d69f0237c6,0.17611165077070393,Low,monitor_and_verify,"['observed_declining_trend', 'large_observed_decline']"
5624,content_dfb3be68b7c7,0.1760014122778568,Low,monitor_and_verify,['model_signal_requires_review']
5625,content_9467ff7ac54c,0.1751550517426014,Medium,monitor_and_verify,"['observed_declining_trend', 'large_observed_decline']"
5626,content_bfc905a9dcb9,0.1749831982729958,Low,monitor_and_verify,['model_signal_requires_review']
5627,content_0d59691515de,0.17414188278966122,Medium,monitor_and_verify,['model_signal_requires_review']
5628,content_1877fbda982a,0.1740426092066246,Low,monitor_and_verify,"['observed_declining_trend', 'large_observed_decline']"
5629,content_2dc625dcdf98,0.17402465806370745,Medium,monitor_and_verify,"['observed_declining_trend', 'large_observed_decline']"
5630,content_9532f197bbc8,0.17340611425462923,Medium,monitor_and_verify,"['observed_declining_trend', 'large_observed_decline']"
5631,content_68d92897313d,0.17336355133780276,Low,monitor_and_verify,['model_signal_requires_review']
5632,content_74b78c2e3b4b,0.17312315826143498,Low,monitor_and_verify,['model_signal_requires_review']
5633,content_46ece05546fb,0.17310816446400412,Medium,monitor_and_verify,"['observed_declining_trend', 'large_observed_decline']"
5634,content_f4c93868660b,0.1727295482635797,Medium,monitor_and_verify,['model_signal_requires_review']
5635,content_9264de4c358f,0.17264263224153215,Low,monitor_and_verify,['model_signal_requires_review']
5636,content_c98f8ced72ac,0.1724824793758839,Low,monitor_and_verify,"['observed_declining_trend', 'large_observed_decline']"
5637,content_82ec46d63e74,0.1724031206338043,Low,monitor_and_verify,['model_signal_requires_review']
5638,content_fb301c227850,0.17224771047988752,Low,monitor_and_verify,['model_signal_requires_review']
5639,content_dcfe3a0f6933,0.17199381533364558,Low,monitor_and_verify,"['observed_declining_trend', 'large_observed_decline']"
5640,content_873843eb5aa4,0.17140040870825723,Low,monitor_and_verify,['model_signal_requires_review']
5641,content_fe8a79d80cfb,0.1713958667114281,Low,monitor_and_verify,['model_signal_requires_review']
5642,content_ed3fa1235079,0.17134522270490077,Low,monitor_and_verify,['model_signal_requires_review']
5643,content_490609250ccd,0.17116357321183548,Low,monitor_and_verify,['model_signal_requires_review']
5644,content_d67ed233baac,0.17107361407448932,Low,monitor_and_verify,['model_signal_requires_review']
5645,content_e906960b0d12,0.17099517229676306,Low,monitor_and_verify,['model_signal_requires_review']
5646,content_e6bf9b5ad60b,0.17093837210540963,Low,monitor_and_verify,['model_signal_requires_review']
5647,content_8c19996aa890,0.17065593178279911,Medium,monitor_and_verify,"['observed_declining_trend', 'large_observed_decline']"
5648,content_14d50a4ddc86,0.17052185401131498,Low,monitor_and_verify,['model_signal_requires_review']
5649,content_da4145924178,0.16987930999864334,Low,monitor_and_verify,['model_signal_requires_review']
5650,content_84c5f6af423c,0.16981001241216706,Low,monitor_and_verify,['model_signal_requires_review']
5651,content_661e0e54bdd8,0.16981001241216706,Low,monitor_and_verify,['model_signal_requires_review']
5652,content_bce06780f4b7,0.16935703881165848,Low,monitor_and_verify,['model_signal_requires_review']
5653,content_6d865ecb282a,0.1692043716894721,Low,monitor_and_verify,['model_signal_requires_review']
5654,content_c9fff7c4660c,0.16798004196360924,Low,monitor_and_verify,['model_signal_requires_review']
5655,content_624b2fd8dca5,0.16785860370288228,Low,monitor_and_verify,['model_signal_requires_review']
5656,content_e85fdb527b85,0.16772938934901432,Low,monitor_and_verify,['model_signal_requires_review']
5657,content_843cd874df3d,0.16763642399010037,Low,monitor_and_verify,['model_signal_requires_review']
5658,content_0a38b4739f62,0.16735739892868365,Low,monitor_and_verify,['model_signal_requires_review']
5659,content_cfe0815a3229,0.16734069059274587,Medium,monitor_and_verify,"['observed_declining_trend', 'large_observed_decline']"
5660,content_d896af65d5b6,0.16730425127955603,Medium,monitor_and_verify,['model_signal_requires_review']
5661,content_2764754edaec,0.16724716986677418,Low,monitor_and_verify,['model_signal_requires_review']
5662,content_bac3ceaede0e,0.1669902009859032,Low,monitor_and_verify,['model_signal_requires_review']
5663,content_3b50b0c27334,0.1665172983137537,Low,monitor_and_verify,['model_signal_requires_review']
5664,content_5c36584161ef,0.16599501693001603,Low,monitor_and_verify,['model_signal_requires_review']
5665,content_734260a21750,0.165853445689691,Low,monitor_and_verify,['model_signal_requires_review']
5666,content_77e2a54525b6,0.16486507221911892,Low,monitor_and_verify,"['observed_declining_trend', 'large_observed_decline']"
5667,content_62f7481ff472,0.1648449245949134,Low,monitor_and_verify,['model_signal_requires_review']
5668,content_5d2f707b88e8,0.16417614091706192,Low,monitor_and_verify,['model_signal_requires_review']
5669,content_7d96b80954bf,0.16417301595364026,Low,monitor_and_verify,['model_signal_requires_review']
5670,content_f370347f8d22,0.16347367255429257,Low,monitor_and_verify,['model_signal_requires_review']
5671,content_c857b94269c6,0.16277468630313374,Low,monitor_and_verify,['model_signal_requires_review']
5672,content_2847e276c475,0.1624165260179546,Low,monitor_and_verify,"['observed_declining_trend', 'large_observed_decline']"
5673,content_213de49d5c4b,0.1611472180361003,Low,monitor_and_verify,['model_signal_requires_review']
5674,content_bb12fc5a6af7,0.1609843272148109,Medium,monitor_and_verify,['model_signal_requires_review']
5675,content_4b4a0c7d0b3f,0.15955271312963204,Low,monitor_and_verify,['model_signal_requires_review']
5676,content_6953531682aa,0.15820501630697825,Low,monitor_and_verify,['model_signal_requires_review']
5677,content_9cddb78b7a66,0.15747826349623129,Low,monitor_and_verify,['model_signal_requires_review']
5678,content_30d9c0ee83d1,0.15743914271807158,Low,monitor_and_verify,['model_signal_requires_review']
5679,content_85417ff765d1,0.15732819504884774,Low,monitor_and_verify,['model_signal_requires_review']
5680,content_804d56040bd3,0.15680721555858823,Low,monitor_and_verify,['model_signal_requires_review']
5681,content_08c809c7ef99,0.15658979097674502,Low,monitor_and_verify,['model_signal_requires_review']
5682,content_f3592d7f19d6,0.15512527391143408,Low,monitor_and_verify,['model_signal_requires_review']
5683,content_7fa278a3cfeb,0.15469726670135453,Low,monitor_and_verify,['model_signal_requires_review']
5684,content_927d200657e9,0.1543447231374717,Low,monitor_and_verify,['model_signal_requires_review']
5685,content_6baf06e6e0f1,0.15422731640795628,Low,monitor_and_verify,['model_signal_requires_review']
5686,content_8234f295edb1,0.15385119710443912,Low,monitor_and_verify,['model_signal_requires_review']
5687,content_194943497a85,0.1537902332860935,Low,monitor_and_verify,['model_signal_requires_review']
5688,content_b045313ddc67,0.1537585555115137,Low,monitor_and_verify,['model_signal_requires_review']
5689,content_833504301aed,0.1536365656311965,Low,monitor_and_verify,['model_signal_requires_review']
5690,content_83c0fefa87fe,0.15196118785803087,Low,monitor_and_verify,['model_signal_requires_review']
5691,content_686fa08e4136,0.151265468616114,Low,monitor_and_verify,['model_signal_requires_review']
5692,content_ca6dfbbaa5ec,0.15075884798069009,Low,monitor_and_verify,['model_signal_requires_review']
5693,content_17a0b6942de9,0.15067728491089838,Low,monitor_and_verify,['model_signal_requires_review']
5694,content_70d302cdbdec,0.14836784648952384,Low,monitor_and_verify,['model_signal_requires_review']
5695,content_495904cebcf6,0.14829705876109184,Low,monitor_and_verify,['model_signal_requires_review']
5696,content_2d75bf10c4be,0.14710331717857006,Low,monitor_and_verify,['model_signal_requires_review']
5697,content_d3e05af412bb,0.14707761280864382,Low,monitor_and_verify,['model_signal_requires_review']
5698,content_42bad293aa25,0.1468739257121806,Low,monitor_and_verify,['model_signal_requires_review']
5699,content_be905335c59c,0.1463902421065009,Low,monitor_and_verify,['model_signal_requires_review']
5700,content_006f466746a7,0.14630525967108496,Low,monitor_and_verify,['model_signal_requires_review']
5701,content_984a2da87f96,0.14446599468061547,Low,monitor_and_verify,['model_signal_requires_review']
5702,content_cfd7e4697734,0.1442149246652361,Low,monitor_and_verify,['model_signal_requires_review']
5703,content_6e869b058fe7,0.14405751141146908,Low,monitor_and_verify,['model_signal_requires_review']
5704,content_856fcb758ae2,0.14380349413324517,Low,monitor_and_verify,['model_signal_requires_review']
5705,content_d25eec6fab2b,0.1432500705390941,Low,monitor_and_verify,['model_signal_requires_review']
5706,content_ef9bdd92b523,0.14274061961026113,Low,monitor_and_verify,['model_signal_requires_review']
5707,content_c63decebf95b,0.14263716725017947,Low,monitor_and_verify,['model_signal_requires_review']
5708,content_e8162227f5d5,0.14150107584651608,Low,monitor_and_verify,['model_signal_requires_review']
5709,content_e2881e0ebe63,0.14135500081117558,Low,monitor_and_verify,['model_signal_requires_review']
5710,content_9b7af87c2eb0,0.14039334836778483,Low,monitor_and_verify,['model_signal_requires_review']
5711,content_116c5be9609e,0.14031643236748784,Low,monitor_and_verify,['model_signal_requires_review']
5712,content_59593c76da44,0.13995285015885892,Low,monitor_and_verify,['model_signal_requires_review']
5713,content_7d45fa163356,0.13988476385865928,Low,monitor_and_verify,['model_signal_requires_review']
5714,content_b107d12272ea,0.13982098966450726,Low,monitor_and_verify,['model_signal_requires_review']
5715,content_8945388e1fc3,0.1397668657836209,Low,monitor_and_verify,['model_signal_requires_review']
5716,content_1d90659f1799,0.13974347940190918,Low,monitor_and_verify,['model_signal_requires_review']
5717,content_48f973ba9139,0.13919241109233338,Low,monitor_and_verify,['model_signal_requires_review']
5718,content_df4f42762389,0.13916747529638285,Low,monitor_and_verify,['model_signal_requires_review']
5719,content_ec622168ff02,0.13908462209122802,Low,monitor_and_verify,['model_signal_requires_review']
5720,content_22a3f0ac2b84,0.13895633901928045,Low,monitor_and_verify,['model_signal_requires_review']
5721,content_4c77601301fb,0.13892062486418716,Low,monitor_and_verify,['model_signal_requires_review']
5722,content_36c98f102a8d,0.13884055057433092,Low,monitor_and_verify,['model_signal_requires_review']
5723,content_ccbd70e235fe,0.1387671638570676,Low,monitor_and_verify,['model_signal_requires_review']
5724,content_4d18563af8b9,0.13875238100038845,Low,monitor_and_verify,['model_signal_requires_review']
5725,content_3bccb2bfe3a4,0.13872936194364285,Low,monitor_and_verify,['model_signal_requires_review']
5726,content_96403c0c9363,0.1386519565825291,Low,monitor_and_verify,['model_signal_requires_review']
5727,content_d6f685c3637e,0.13840087647652352,Low,monitor_and_verify,['model_signal_requires_review']
5728,content_26fc0d3c6e5d,0.1383974145595581,Low,monitor_and_verify,['model_signal_requires_review']
5729,content_c368ad327e78,0.13835615914714267,Low,monitor_and_verify,['model_signal_requires_review']
5730,content_299b38cf1a16,0.13828630033961686,Low,monitor_and_verify,['model_signal_requires_review']
5731,content_cb5f0e5001bd,0.13826974209644274,Low,monitor_and_verify,['model_signal_requires_review']
5732,content_63f0e34ce89b,0.1382216995926639,Low,monitor_and_verify,['model_signal_requires_review']
5733,content_fe707958b41a,0.13809800171450334,Low,monitor_and_verify,['model_signal_requires_review']
5734,content_96d8ccfc12c6,0.13789705833960128,Low,monitor_and_verify,['model_signal_requires_review']
5735,content_32c1a7c9da4c,0.13789705833960128,Low,monitor_and_verify,['model_signal_requires_review']
5736,content_6e8497043841,0.13789705833960128,Low,monitor_and_verify,['model_signal_requires_review']
5737,content_1712d0a66030,0.13789182965832694,Low,monitor_and_verify,['model_signal_requires_review']
5738,content_a4b464f4de63,0.13773215103229167,Low,monitor_and_verify,['model_signal_requires_review']
5739,content_4256c8b36a67,0.13758436277793995,Low,monitor_and_verify,['model_signal_requires_review']
5740,content_d2b6732247d1,0.13737473484738552,Low,monitor_and_verify,['model_signal_requires_review']
5741,content_69b003d534fd,0.13728964310487846,Low,monitor_and_verify,['model_signal_requires_review']
5742,content_0727aa524195,0.13719369051335842,Low,monitor_and_verify,['model_signal_requires_review']
5743,content_a4ffa2f040ad,0.13716604743828265,Low,monitor_and_verify,['model_signal_requires_review']
5744,content_dca9e5711bae,0.13704027913640465,Low,monitor_and_verify,['model_signal_requires_review']
5745,content_21b7a5699ae0,0.13694823570365827,Low,monitor_and_verify,['model_signal_requires_review']
5746,content_d089619f78d7,0.13693141107622359,Low,monitor_and_verify,['model_signal_requires_review']
5747,content_8c36774a9201,0.13692879072326325,Low,monitor_and_verify,['model_signal_requires_review']
5748,content_de917854fd2a,0.13692721386407744,Low,monitor_and_verify,['model_signal_requires_review']
5749,content_1c4bf0a1603a,0.1366850289851393,Low,monitor_and_verify,['model_signal_requires_review']
5750,content_dd94b99988db,0.13659538901536356,Low,monitor_and_verify,['model_signal_requires_review']
5751,content_2a8994c77797,0.13657828527433327,Low,monitor_and_verify,['model_signal_requires_review']
5752,content_094eb55bb205,0.13645227489088124,Low,monitor_and_verify,['model_signal_requires_review']
5753,content_753b597f5220,0.1363049841322613,Low,monitor_and_verify,['model_signal_requires_review']
5754,content_a34c1e4b676d,0.13623972734423526,Low,monitor_and_verify,['model_signal_requires_review']
5755,content_dfe2c580ab23,0.13613673167669338,Low,monitor_and_verify,['model_signal_requires_review']
5756,content_f56c48a71b00,0.1360767789869871,Low,monitor_and_verify,['model_signal_requires_review']
5757,content_3ec53b0f33fc,0.13606706549893818,Low,monitor_and_verify,['model_signal_requires_review']
5758,content_9ba30bec775e,0.13603493130008798,Low,monitor_and_verify,['model_signal_requires_review']
5759,content_5d7775ffa966,0.13598064843387103,Low,monitor_and_verify,['model_signal_requires_review']
5760,content_da6fd770bfa0,0.13577765137155545,Low,monitor_and_verify,['model_signal_requires_review']
5761,content_9be6f1d355a0,0.13576751811707863,Low,monitor_and_verify,['model_signal_requires_review']
5762,content_e104765c585e,0.13562908708643726,Low,monitor_and_verify,['model_signal_requires_review']
5763,content_a011cbc303be,0.1355628253037398,Low,monitor_and_verify,['model_signal_requires_review']
5764,content_9edb9735cf02,0.1348914462051746,Low,monitor_and_verify,['model_signal_requires_review']
5765,content_e1b24ff1f2e0,0.13455040992131825,Low,monitor_and_verify,['model_signal_requires_review']
5766,content_985b860f80fa,0.1344803821058924,Low,monitor_and_verify,['model_signal_requires_review']
5767,content_7799c7a38d8f,0.13425458778621333,Low,monitor_and_verify,['model_signal_requires_review']
5768,content_4c049e11ed00,0.1342348618425233,Low,monitor_and_verify,['model_signal_requires_review']
5769,content_902156d012c4,0.13420645282805552,Low,monitor_and_verify,['model_signal_requires_review']
5770,content_ba511b2a223a,0.13395967573042578,Low,monitor_and_verify,['model_signal_requires_review']
5771,content_2578a8e79f67,0.13393483096735315,Low,monitor_and_verify,['model_signal_requires_review']
5772,content_5252de544d98,0.13392275711092802,Low,monitor_and_verify,['model_signal_requires_review']
5773,content_ff3f7e86a221,0.1336565733028237,Low,monitor_and_verify,['model_signal_requires_review']
5774,content_bd21a274a381,0.13352462314594868,Low,monitor_and_verify,['model_signal_requires_review']
5775,content_2b760d78e736,0.1332135903147166,Low,monitor_and_verify,['model_signal_requires_review']
5776,content_284765acdafb,0.13319664879093202,Low,monitor_and_verify,['model_signal_requires_review']
5777,content_087ef0b1b2ef,0.13317319832840221,Low,monitor_and_verify,['model_signal_requires_review']
5778,content_cb0a53b19f9e,0.1331381406096588,Low,monitor_and_verify,['model_signal_requires_review']
5779,content_5ef5a39eade1,0.13300492458925728,Low,monitor_and_verify,['model_signal_requires_review']
5780,content_1408a4a1648c,0.13293073339235423,Low,monitor_and_verify,['model_signal_requires_review']
5781,content_3a2d29a46d9b,0.13285091050381015,Low,monitor_and_verify,['model_signal_requires_review']
5782,content_9bf90fb940e2,0.1324386148613743,Low,monitor_and_verify,['model_signal_requires_review']
5783,content_4bf46541f98a,0.13205987171859437,Low,monitor_and_verify,['model_signal_requires_review']
5784,content_c9a229ebf8b6,0.13205987171859437,Low,monitor_and_verify,['model_signal_requires_review']
5785,content_e823461bc006,0.13205987171859437,Low,monitor_and_verify,['model_signal_requires_review']
5786,content_6337238cac67,0.13205987171859437,Low,monitor_and_verify,['model_signal_requires_review']
5787,content_e2919cabceaf,0.13205987171859437,Low,monitor_and_verify,['model_signal_requires_review']
5788,content_441f4abcd61c,0.1320462469314451,Low,monitor_and_verify,['model_signal_requires_review']
5789,content_cf996055b195,0.13202725405568594,Low,monitor_and_verify,['model_signal_requires_review']
5790,content_c7a9e08bd998,0.1318951093565484,Low,monitor_and_verify,['model_signal_requires_review']
5791,content_e4750940e3ab,0.1318533415119458,Low,monitor_and_verify,['model_signal_requires_review']
5792,content_7e59e5b05d2d,0.13160380532940255,Low,monitor_and_verify,['model_signal_requires_review']
5793,content_55c69d9ac6ba,0.13154272985791948,Low,monitor_and_verify,['model_signal_requires_review']
5794,content_4117f561767d,0.13150718359410615,Low,monitor_and_verify,['model_signal_requires_review']
5795,content_c28b943f0ebe,0.13144263573628573,Low,monitor_and_verify,['model_signal_requires_review']
5796,content_d0228804fe10,0.13139412603843575,Low,monitor_and_verify,['model_signal_requires_review']
5797,content_9b06c5850f00,0.1313802910114084,Low,monitor_and_verify,['model_signal_requires_review']
5798,content_645306b8cf3f,0.1313802910114084,Low,monitor_and_verify,['model_signal_requires_review']
5799,content_3ba85db51622,0.13108641488255562,Low,monitor_and_verify,['model_signal_requires_review']
5800,content_371a31bd8d13,0.1310414039010782,Low,monitor_and_verify,['model_signal_requires_review']
5801,content_49b3fdf2416d,0.1310414039010782,Low,monitor_and_verify,['model_signal_requires_review']
5802,content_c0ba9d88864f,0.1310414039010782,Low,monitor_and_verify,['model_signal_requires_review']
5803,content_03c350f30418,0.1310414039010782,Low,monitor_and_verify,['model_signal_requires_review']
5804,content_37eaebaa36b1,0.1310414039010782,Low,monitor_and_verify,['model_signal_requires_review']
5805,content_4e1756d4460c,0.1310414039010782,Low,monitor_and_verify,['model_signal_requires_review']
5806,content_2f81a633e150,0.13076998895392758,Low,monitor_and_verify,['model_signal_requires_review']
5807,content_522b34ee8408,0.1306258961519649,Low,monitor_and_verify,['model_signal_requires_review']
5808,content_9fe4ef93067a,0.1302946268366108,Low,monitor_and_verify,['model_signal_requires_review']
5809,content_e059d3c0c0ab,0.13026326184614845,Low,monitor_and_verify,['model_signal_requires_review']
5810,content_3c973169346e,0.12990176659970315,Low,monitor_and_verify,['model_signal_requires_review']
5811,content_57ca8070379d,0.12984644910107815,Low,monitor_and_verify,['model_signal_requires_review']
5812,content_8dff706684ee,0.12982985195517882,Low,monitor_and_verify,['model_signal_requires_review']
5813,content_0e92fbdaf841,0.12969695015493216,Low,monitor_and_verify,['model_signal_requires_review']
5814,content_933e662b8973,0.12964197233346247,Low,monitor_and_verify,['model_signal_requires_review']
5815,content_d22c3db8c427,0.12958391313361134,Low,monitor_and_verify,['model_signal_requires_review']
5816,content_aef5bb94556b,0.12957973970097691,Low,monitor_and_verify,['model_signal_requires_review']
5817,content_f27ccdb9bb1f,0.12926027445631108,Low,monitor_and_verify,['model_signal_requires_review']
5818,content_2276d67dccae,0.12925949785938615,Low,monitor_and_verify,['model_signal_requires_review']
5819,content_1dcfec81d9b0,0.12925642167924328,Low,monitor_and_verify,['model_signal_requires_review']
5820,content_48d53a6387b8,0.12901901022854378,Low,monitor_and_verify,['model_signal_requires_review']
5821,content_dcd38075ec2c,0.12901477950194637,Low,monitor_and_verify,['model_signal_requires_review']
5822,content_688efed95e4e,0.1288931441464822,Low,monitor_and_verify,['model_signal_requires_review']
5823,content_6f372f9e331f,0.12878410388685924,Low,monitor_and_verify,['model_signal_requires_review']
5824,content_eb3f1d1ef2ea,0.12876244908519185,Low,monitor_and_verify,['model_signal_requires_review']
5825,content_5c2b0b761a77,0.12858601353080262,Low,monitor_and_verify,['model_signal_requires_review']
5826,content_e78170eca8ef,0.12857119801122344,Low,monitor_and_verify,['model_signal_requires_review']
5827,content_f27bacdc40eb,0.12855214263054884,Low,monitor_and_verify,['model_signal_requires_review']
5828,content_298174f9d037,0.1284706841193427,Low,monitor_and_verify,['model_signal_requires_review']
5829,content_2e4ffcb63e54,0.12843913847808275,Low,monitor_and_verify,['model_signal_requires_review']
5830,content_0d7cadb3e82c,0.12804508963438066,Low,monitor_and_verify,['model_signal_requires_review']
5831,content_4a8ff0b56049,0.12802299199626438,Low,monitor_and_verify,['model_signal_requires_review']
5832,content_e69028c64569,0.1279755756363702,Low,monitor_and_verify,['model_signal_requires_review']
5833,content_92877bcc7ded,0.12786678721760558,Low,monitor_and_verify,['model_signal_requires_review']
5834,content_16fe336d02f1,0.1278642094411463,Low,monitor_and_verify,['model_signal_requires_review']
5835,content_3babe636da1f,0.12766250973128007,Low,monitor_and_verify,['model_signal_requires_review']
5836,content_02e419fad013,0.12755304073513796,Low,monitor_and_verify,['model_signal_requires_review']
5837,content_b40c9f8c3e06,0.12755152499118172,Low,monitor_and_verify,['model_signal_requires_review']
5838,content_cec54301f09f,0.1274716987724742,Low,monitor_and_verify,['model_signal_requires_review']
5839,content_d03bc74fbc30,0.12739719091164475,Low,monitor_and_verify,['model_signal_requires_review']
5840,content_f6c5a5e7023c,0.12739719091164475,Low,monitor_and_verify,['model_signal_requires_review']
5841,content_c6f477ab1fd7,0.12739719091164475,Low,monitor_and_verify,['model_signal_requires_review']
5842,content_70c192d2e677,0.12738362717248622,Low,monitor_and_verify,['model_signal_requires_review']
5843,content_af6272afb0dc,0.12719626690848287,Low,monitor_and_verify,['model_signal_requires_review']
5844,content_533c015bb83a,0.12718630330629516,Low,monitor_and_verify,['model_signal_requires_review']
5845,content_2af7d1c62561,0.12699672975044402,Low,monitor_and_verify,['model_signal_requires_review']
5846,content_875d5a2daaba,0.12699672975044402,Low,monitor_and_verify,['model_signal_requires_review']
5847,content_2a156994fa3e,0.12699672975044402,Low,monitor_and_verify,['model_signal_requires_review']
5848,content_d716815640bf,0.12681304719910644,Low,monitor_and_verify,['model_signal_requires_review']
5849,content_c90cac472cbc,0.12664907839564887,Low,monitor_and_verify,['model_signal_requires_review']
5850,content_dffc120c63ef,0.12654664585706749,Low,monitor_and_verify,['model_signal_requires_review']
5851,content_3fe487b44ba6,0.12618475568607032,Low,monitor_and_verify,['model_signal_requires_review']
5852,content_2728587addea,0.12614325211029231,Low,monitor_and_verify,['model_signal_requires_review']
5853,content_fbd329c69d26,0.12610103816639268,Low,monitor_and_verify,['model_signal_requires_review']
5854,content_fd3a9777ca26,0.12589817297039185,Low,monitor_and_verify,['model_signal_requires_review']
5855,content_a034d3048034,0.1256263597629873,Low,monitor_and_verify,['model_signal_requires_review']
5856,content_52addb6f02cc,0.12551039172711537,Low,monitor_and_verify,['model_signal_requires_review']
5857,content_da5332bad4a0,0.12548592057746705,Low,monitor_and_verify,['model_signal_requires_review']
5858,content_c2d256c891ad,0.12548592057746705,Low,monitor_and_verify,['model_signal_requires_review']
5859,content_b53c61eb766b,0.12545786438361878,Low,monitor_and_verify,['model_signal_requires_review']
5860,content_dadb8369df59,0.12543583802635427,Low,monitor_and_verify,['model_signal_requires_review']
5861,content_487541f6730b,0.12542428056198646,Low,monitor_and_verify,['model_signal_requires_review']
5862,content_8b165f742450,0.12533562660964895,Low,monitor_and_verify,['model_signal_requires_review']
5863,content_6013eeee696b,0.12530898945249283,Low,monitor_and_verify,['model_signal_requires_review']
5864,content_ac5d499580e0,0.12530898945249283,Low,monitor_and_verify,['model_signal_requires_review']
5865,content_d43d8a031654,0.12530898945249283,Low,monitor_and_verify,['model_signal_requires_review']
5866,content_47d671a76316,0.12530898945249283,Low,monitor_and_verify,['model_signal_requires_review']
5867,content_5e7281466c36,0.12530898945249283,Low,monitor_and_verify,['model_signal_requires_review']
5868,content_f1e06fcf65bb,0.12528021012363272,Low,monitor_and_verify,['model_signal_requires_review']
5869,content_afaecdd092fb,0.125236759287884,Low,monitor_and_verify,['model_signal_requires_review']
5870,content_64fdf67a3b9e,0.12505585542638856,Low,monitor_and_verify,['model_signal_requires_review']
5871,content_bc3c2360d9fc,0.1250486658550033,Low,monitor_and_verify,['model_signal_requires_review']
5872,content_e4dd35c013da,0.1250486658550033,Low,monitor_and_verify,['model_signal_requires_review']
5873,content_7765c3246206,0.12456202057595869,Low,monitor_and_verify,['model_signal_requires_review']
5874,content_711cf2a20000,0.12452153299351267,Low,monitor_and_verify,['model_signal_requires_review']
5875,content_be6ea65f059d,0.12446658629564404,Low,monitor_and_verify,['model_signal_requires_review']
5876,content_56301f051c6d,0.1242384115481075,Low,monitor_and_verify,['model_signal_requires_review']
5877,content_c0cd972151b9,0.12420824628170325,Low,monitor_and_verify,['model_signal_requires_review']
5878,content_0ec0e60804a1,0.12389539389118748,Low,monitor_and_verify,['model_signal_requires_review']
5879,content_228971770cc3,0.1238675878348108,Low,monitor_and_verify,['model_signal_requires_review']
5880,content_7fc1fda3786d,0.12364867143210119,Low,monitor_and_verify,['model_signal_requires_review']
5881,content_c32f1aeda114,0.12354032710598262,Low,monitor_and_verify,['model_signal_requires_review']
5882,content_ec4fec4dc5f6,0.12354032710598262,Low,monitor_and_verify,['model_signal_requires_review']
5883,content_4e90099142fd,0.12354032710598262,Low,monitor_and_verify,['model_signal_requires_review']
5884,content_5f99dcec8b69,0.12354032710598262,Low,monitor_and_verify,['model_signal_requires_review']
5885,content_9cb6785af36b,0.12350016108914143,Low,monitor_and_verify,['model_signal_requires_review']
5886,content_c47c5ca7b9e0,0.12341278957624296,Low,monitor_and_verify,['model_signal_requires_review']
5887,content_2936b3830f05,0.12330013461718896,Low,monitor_and_verify,['model_signal_requires_review']
5888,content_439ca5f518b3,0.1230819435642498,Low,monitor_and_verify,['model_signal_requires_review']
5889,content_c9bf83ce9dd1,0.12271814130108867,Low,monitor_and_verify,['model_signal_requires_review']
5890,content_97baf63cdb13,0.12248457233240558,Low,monitor_and_verify,['model_signal_requires_review']
5891,content_43900ff52cf5,0.12247735890733318,Low,monitor_and_verify,['model_signal_requires_review']
5892,content_934f6353e088,0.12245451921323623,Low,monitor_and_verify,['model_signal_requires_review']
5893,content_7b707aaeb6bb,0.12242030545642343,Low,monitor_and_verify,['model_signal_requires_review']
5894,content_e91fbe999dc3,0.12225143953135735,Low,monitor_and_verify,['model_signal_requires_review']
5895,content_f0328d08cef9,0.1222147149540533,Low,monitor_and_verify,['model_signal_requires_review']
5896,content_3f5cefdd2648,0.12211958480479318,Low,monitor_and_verify,['model_signal_requires_review']
5897,content_7bd067d7f354,0.12206189393201418,Low,monitor_and_verify,['model_signal_requires_review']
5898,content_e0022c57c47e,0.1218916641829014,Low,monitor_and_verify,['model_signal_requires_review']
5899,content_3b46c5857f8f,0.12174163516825497,Low,monitor_and_verify,['model_signal_requires_review']
5900,content_f8bafab9439b,0.12174163516825497,Low,monitor_and_verify,['model_signal_requires_review']
5901,content_8693951b77ad,0.12144221121478066,Low,monitor_and_verify,['model_signal_requires_review']
5902,content_f696d77c96fd,0.12134358867106658,Low,monitor_and_verify,['model_signal_requires_review']
5903,content_318098e3920c,0.12115389326617787,Low,monitor_and_verify,['model_signal_requires_review']
5904,content_d0115e84f5e5,0.12115008614167098,Low,monitor_and_verify,['model_signal_requires_review']
5905,content_f4136f6033ae,0.1211435923967304,Low,monitor_and_verify,['model_signal_requires_review']
5906,content_7c0ade9c9f1d,0.12107968211541988,Low,monitor_and_verify,['model_signal_requires_review']
5907,content_c43c5620eeb7,0.12107968211541988,Low,monitor_and_verify,['model_signal_requires_review']
5908,content_282a02583641,0.12096887104954993,Low,monitor_and_verify,['model_signal_requires_review']
5909,content_48aea5f70f31,0.1209393020764994,Low,monitor_and_verify,['model_signal_requires_review']
5910,content_95a51bc91a86,0.12075165537287885,Low,monitor_and_verify,['model_signal_requires_review']
5911,content_0f321c06d95b,0.12060767785132626,Low,monitor_and_verify,['model_signal_requires_review']
5912,content_ed3d1e0c4c93,0.12038388353175189,Low,monitor_and_verify,['model_signal_requires_review']
5913,content_ce3ea992ab0f,0.12034802335121376,Low,monitor_and_verify,['model_signal_requires_review']
5914,content_e02b544b7a9a,0.1202502268727928,Low,monitor_and_verify,['model_signal_requires_review']
5915,content_fa8f76718f9b,0.12016692754394782,Low,monitor_and_verify,['model_signal_requires_review']
5916,content_0959e30583cd,0.12016692754394782,Low,monitor_and_verify,['model_signal_requires_review']
5917,content_148ac7fc14ae,0.12016692754394782,Low,monitor_and_verify,['model_signal_requires_review']
5918,content_c5613f8753e3,0.12010581300980244,Low,monitor_and_verify,['model_signal_requires_review']
5919,content_2b1f32ead063,0.12000349304368603,Low,monitor_and_verify,['model_signal_requires_review']
5920,content_2cc463a59613,0.11992285001995233,Low,monitor_and_verify,['model_signal_requires_review']
5921,content_b874d85fb028,0.11991241996281805,Low,monitor_and_verify,['model_signal_requires_review']
5922,content_e3b39a052dfa,0.11972680001183969,Low,monitor_and_verify,['model_signal_requires_review']
5923,content_df91451c4b9d,0.11944300372803361,Low,monitor_and_verify,['model_signal_requires_review']
5924,content_71f598d2f965,0.11933795495687773,Low,monitor_and_verify,['model_signal_requires_review']
5925,content_ead9ed9be0c4,0.11933735323655414,Low,monitor_and_verify,['model_signal_requires_review']
5926,content_fecb8624f9d6,0.11922802547502237,Low,monitor_and_verify,['model_signal_requires_review']
5927,content_dea7e60a1339,0.11921183727449393,Low,monitor_and_verify,['model_signal_requires_review']
5928,content_a6a201a10053,0.119206070816534,Low,monitor_and_verify,['model_signal_requires_review']
5929,content_3792eaf3d449,0.1191336305297817,Low,monitor_and_verify,['model_signal_requires_review']
5930,content_655bba05d0ab,0.11913029975951424,Low,monitor_and_verify,['model_signal_requires_review']
5931,content_107d00223a30,0.11896960925179594,Low,monitor_and_verify,['model_signal_requires_review']
5932,content_a808e255ed8d,0.118930911908796,Low,monitor_and_verify,['model_signal_requires_review']
5933,content_a1877c99268d,0.1189151387535973,Low,monitor_and_verify,['model_signal_requires_review']
5934,content_93626b5741e8,0.11889681126334577,Low,monitor_and_verify,['model_signal_requires_review']
5935,content_945f106894f8,0.1188903378456369,Low,monitor_and_verify,['model_signal_requires_review']
5936,content_efe9b5229db9,0.11882445251707656,Low,monitor_and_verify,['model_signal_requires_review']
5937,content_597457ba3cd5,0.11880975843628268,Low,monitor_and_verify,['model_signal_requires_review']
5938,content_d857462cbbc0,0.1186874751357704,Low,monitor_and_verify,['model_signal_requires_review']
5939,content_e507a61d0a59,0.11867188294394765,Low,monitor_and_verify,['model_signal_requires_review']
5940,content_0b5d174e7744,0.11866862179813746,Low,monitor_and_verify,['model_signal_requires_review']
5941,content_0f2016e46347,0.11860969685754315,Low,monitor_and_verify,['model_signal_requires_review']
5942,content_684fb0eecd23,0.11853828418950384,Low,monitor_and_verify,['model_signal_requires_review']
5943,content_6059a898de26,0.11852878488746567,Low,monitor_and_verify,['model_signal_requires_review']
5944,content_eaf009f218cd,0.1184670829436324,Low,monitor_and_verify,['model_signal_requires_review']
5945,content_349da7283258,0.11839847058102561,Low,monitor_and_verify,['model_signal_requires_review']
5946,content_728728c27503,0.11837894023958671,Low,monitor_and_verify,['model_signal_requires_review']
5947,content_d7e06239830f,0.11837143549327168,Low,monitor_and_verify,['model_signal_requires_review']
5948,content_42e419fcaa41,0.11834385542896773,Low,monitor_and_verify,['model_signal_requires_review']
5949,content_302f011d542c,0.11832823123370886,Low,monitor_and_verify,['model_signal_requires_review']
5950,content_e377739a982d,0.11813850581075784,Low,monitor_and_verify,['model_signal_requires_review']
5951,content_a8f687741c21,0.1181363573739353,Low,monitor_and_verify,['model_signal_requires_review']
5952,content_29a00d38e9d4,0.11810746330609978,Low,monitor_and_verify,['model_signal_requires_review']
5953,content_68d9ce913acb,0.11777873953985141,Low,monitor_and_verify,['model_signal_requires_review']
5954,content_13d4eedcb947,0.11772162744029661,Low,monitor_and_verify,['model_signal_requires_review']
5955,content_0cccb4e4a6f6,0.11772162744029661,Low,monitor_and_verify,['model_signal_requires_review']
5956,content_e59846c037ae,0.11765926033559436,Low,monitor_and_verify,['model_signal_requires_review']
5957,content_f636be06f1c1,0.1175821055245579,Low,monitor_and_verify,['model_signal_requires_review']
5958,content_f452475bff46,0.11748815099660559,Low,monitor_and_verify,['model_signal_requires_review']
5959,content_2ad130bda1a7,0.11748782018052588,Low,monitor_and_verify,['model_signal_requires_review']
5960,content_e95d5e80d754,0.11748018253209935,Low,monitor_and_verify,['model_signal_requires_review']
5961,content_4dd55e585b26,0.1173578264410888,Low,monitor_and_verify,['model_signal_requires_review']
5962,content_4a6afe6d93cd,0.11734864340764682,Low,monitor_and_verify,['model_signal_requires_review']
5963,content_654bf4030796,0.11733491418943681,Low,monitor_and_verify,['model_signal_requires_review']
5964,content_fb7473d654b8,0.11733092127149862,Low,monitor_and_verify,['model_signal_requires_review']
5965,content_c68021bea098,0.11733092127149862,Low,monitor_and_verify,['model_signal_requires_review']
5966,content_883e8d89903a,0.11733092127149862,Low,monitor_and_verify,['model_signal_requires_review']
5967,content_bd9c8fa38bc8,0.11723721623128917,Low,monitor_and_verify,['model_signal_requires_review']
5968,content_55f8a29e2850,0.11723033525997674,Low,monitor_and_verify,['model_signal_requires_review']
5969,content_49f71b7a8f19,0.11719025428627958,Low,monitor_and_verify,['model_signal_requires_review']
5970,content_dbf651aa00c6,0.11718696467443475,Low,monitor_and_verify,['model_signal_requires_review']
5971,content_c92241a22237,0.11715691684327309,Low,monitor_and_verify,['model_signal_requires_review']
5972,content_077fa450ce2d,0.117071931486773,Low,monitor_and_verify,['model_signal_requires_review']
5973,content_4df186d48a02,0.11700887259298587,Low,monitor_and_verify,['model_signal_requires_review']
5974,content_352847c9fbf2,0.11687906818312195,Low,monitor_and_verify,['model_signal_requires_review']
5975,content_21fd653fa525,0.11673594244934572,Low,monitor_and_verify,['model_signal_requires_review']
5976,content_6b3520be1f95,0.11662331037741087,Low,monitor_and_verify,['model_signal_requires_review']
5977,content_13264f1d3998,0.11645051775107071,Low,monitor_and_verify,['model_signal_requires_review']
5978,content_1ff47abbc82b,0.11644990770362795,Low,monitor_and_verify,['model_signal_requires_review']
5979,content_ea651db31344,0.11639305764806011,Low,monitor_and_verify,['model_signal_requires_review']
5980,content_3bf9bfbc3e88,0.11626857106016461,Low,monitor_and_verify,['model_signal_requires_review']
5981,content_b34230d48f8e,0.11626857106016461,Low,monitor_and_verify,['model_signal_requires_review']
5982,content_0065d16af779,0.11625004029154956,Low,monitor_and_verify,['model_signal_requires_review']
5983,content_e37ac6e0380a,0.11619199245966866,Low,monitor_and_verify,['model_signal_requires_review']
5984,content_a07cf932b2f1,0.11618026444424298,Low,monitor_and_verify,['model_signal_requires_review']
5985,content_861e335e70fc,0.11611857716725198,Low,monitor_and_verify,['model_signal_requires_review']
5986,content_4695a276b1ea,0.11610882263828728,Low,monitor_and_verify,['model_signal_requires_review']
5987,content_fbf521ee13d6,0.11606256818833077,Low,monitor_and_verify,['model_signal_requires_review']
5988,content_ead020fd600b,0.11604342644035663,Low,monitor_and_verify,['model_signal_requires_review']
5989,content_925b5a08d70d,0.11593096418593826,Low,monitor_and_verify,['model_signal_requires_review']
5990,content_51ba4f9ce7e6,0.11577965632925016,Low,monitor_and_verify,['model_signal_requires_review']
5991,content_47fbca263b16,0.11576665983360371,Low,monitor_and_verify,['model_signal_requires_review']
5992,content_1583937d3411,0.11566538597049689,Low,monitor_and_verify,['model_signal_requires_review']
5993,content_e8900ebb63cf,0.11555809568644783,Low,monitor_and_verify,['model_signal_requires_review']
5994,content_8aa1356f4cef,0.11549552302968005,Low,monitor_and_verify,['model_signal_requires_review']
5995,content_1cb5f2554714,0.11548819964311498,Low,monitor_and_verify,['model_signal_requires_review']
5996,content_1576614a97a2,0.11527685041565829,Low,monitor_and_verify,['model_signal_requires_review']
5997,content_fe49ee6b87c4,0.11526040033826188,Low,monitor_and_verify,['model_signal_requires_review']
5998,content_8670bdb4ea0e,0.11504176294726494,Low,monitor_and_verify,['model_signal_requires_review']
5999,content_ce2f72282bfa,0.11500422319110631,Low,monitor_and_verify,['model_signal_requires_review']
6000,content_9e3db0fba3d4,0.11500422319110631,Low,monitor_and_verify,['model_signal_requires_review']
6001,content_f6e5afc1ed34,0.11500422319110631,Low,monitor_and_verify,['model_signal_requires_review']
6002,content_3a4be4271461,0.11500422319110631,Low,monitor_and_verify,['model_signal_requires_review']
6003,content_6507e3864625,0.11496596789338087,Low,monitor_and_verify,['model_signal_requires_review']
6004,content_ae19d5d1b63a,0.11493647261257356,Low,monitor_and_verify,['model_signal_requires_review']
6005,content_a31243c8e9b9,0.11489519407829199,Low,monitor_and_verify,['model_signal_requires_review']
6006,content_6cfa6887870d,0.11483901307072741,Low,monitor_and_verify,['model_signal_requires_review']
6007,content_82a7d0b8e89c,0.11483901307072741,Low,monitor_and_verify,['model_signal_requires_review']
6008,content_7018b8ebc6ee,0.11475876882786337,Low,monitor_and_verify,['model_signal_requires_review']
6009,content_159ce14c65dc,0.11470522632319247,Low,monitor_and_verify,['model_signal_requires_review']
6010,content_b347aa43c377,0.11463879660994555,Low,monitor_and_verify,['model_signal_requires_review']
6011,content_434a511ae53e,0.11458087177045811,Low,monitor_and_verify,['model_signal_requires_review']
6012,content_dbb4dd20653e,0.11447618008497161,Low,monitor_and_verify,['model_signal_requires_review']
6013,content_1f315783354c,0.11440265961721839,Low,monitor_and_verify,['model_signal_requires_review']
6014,content_d5898d99ed25,0.11432074974108708,Low,monitor_and_verify,['model_signal_requires_review']
6015,content_869b5c392fda,0.11424568395208504,Low,monitor_and_verify,['model_signal_requires_review']
6016,content_0c20d3d3237e,0.1140949392912462,Low,monitor_and_verify,['model_signal_requires_review']
6017,content_f40379d0da92,0.11408982356224115,Low,monitor_and_verify,['model_signal_requires_review']
6018,content_ecbaa580fb86,0.11382396770611859,Low,monitor_and_verify,['model_signal_requires_review']
6019,content_cadb2b699020,0.11371881187870979,Low,monitor_and_verify,['model_signal_requires_review']
6020,content_884811539c8a,0.11371788409487929,Low,monitor_and_verify,['model_signal_requires_review']
6021,content_762ad0347f3d,0.11365260156056886,Low,monitor_and_verify,['model_signal_requires_review']
6022,content_d956330d0864,0.11364139300942658,Low,monitor_and_verify,['model_signal_requires_review']
6023,content_55f2315999cd,0.11362499329864005,Low,monitor_and_verify,['model_signal_requires_review']
6024,content_4c9c84b8343d,0.11340253098389423,Low,monitor_and_verify,['model_signal_requires_review']
6025,content_cf8c1068af47,0.11339969068336968,Low,monitor_and_verify,['model_signal_requires_review']
6026,content_444cb6541fc2,0.11335211237791,Low,monitor_and_verify,['model_signal_requires_review']
6027,content_eed54a7e3211,0.11334529259063951,Low,monitor_and_verify,['model_signal_requires_review']
6028,content_93a0ca28cfe2,0.11332376475629893,Low,monitor_and_verify,['model_signal_requires_review']
6029,content_ca972e51fe31,0.11328415860760946,Low,monitor_and_verify,['model_signal_requires_review']
6030,content_d943715dfa7c,0.11297689047478836,Low,monitor_and_verify,['model_signal_requires_review']
6031,content_9fecdbcad47a,0.11289116093161124,Low,monitor_and_verify,['model_signal_requires_review']
6032,content_cc908a61bc6b,0.11281325847643787,Low,monitor_and_verify,['model_signal_requires_review']
6033,content_4c3440c6f1b9,0.11278404379205327,Low,monitor_and_verify,['model_signal_requires_review']
6034,content_06f6ab41bb5b,0.11267294660209498,Low,monitor_and_verify,['model_signal_requires_review']
6035,content_7a8a0681fd1c,0.11260351066005514,Low,monitor_and_verify,['model_signal_requires_review']
6036,content_eafdd316043c,0.11257916256009705,Low,monitor_and_verify,['model_signal_requires_review']
6037,content_15a4a8732401,0.11252582186763137,Low,monitor_and_verify,['model_signal_requires_review']
6038,content_4fe68329e821,0.11249551235573882,Low,monitor_and_verify,['model_signal_requires_review']
6039,content_cc1a7065fda5,0.11244955944327369,Low,monitor_and_verify,['model_signal_requires_review']
6040,content_192329b48d4e,0.11237080325275234,Low,monitor_and_verify,['model_signal_requires_review']
6041,content_ab56207ce530,0.11233563516221161,Low,monitor_and_verify,['model_signal_requires_review']
6042,content_ea9dd79ca225,0.11219456665070492,Low,monitor_and_verify,['model_signal_requires_review']
6043,content_5f4c619283af,0.11219171950521568,Low,monitor_and_verify,['model_signal_requires_review']
6044,content_c4c6f568084e,0.11217933172402572,Low,monitor_and_verify,['model_signal_requires_review']
6045,content_d0b3e7ec062a,0.11192016182635701,Low,monitor_and_verify,['model_signal_requires_review']
6046,content_36d36a435fd1,0.11192016182635701,Low,monitor_and_verify,['model_signal_requires_review']
6047,content_d9b26e252f36,0.11156490834661957,Low,monitor_and_verify,['model_signal_requires_review']
6048,content_03cbe5e8fb64,0.11142726820621118,Low,monitor_and_verify,['model_signal_requires_review']
6049,content_e331f45208a0,0.11135259260178737,Low,monitor_and_verify,['model_signal_requires_review']
6050,content_2d734af51f46,0.11115341868621262,Low,monitor_and_verify,['model_signal_requires_review']
6051,content_3b5aa0daf8ef,0.11104928516457749,Low,monitor_and_verify,['model_signal_requires_review']
6052,content_7886cb5e760f,0.11103731732889484,Low,monitor_and_verify,['model_signal_requires_review']
6053,content_6a035954876f,0.11101328884715075,Low,monitor_and_verify,['model_signal_requires_review']
6054,content_a6d7eae49665,0.11088214681925741,Low,monitor_and_verify,['model_signal_requires_review']
6055,content_6a7903666575,0.11083983266034415,Low,monitor_and_verify,['model_signal_requires_review']
6056,content_b564e590d42f,0.11081822480414175,Low,monitor_and_verify,['model_signal_requires_review']
6057,content_d32b28c9bae4,0.11069772661069929,Low,monitor_and_verify,['model_signal_requires_review']
6058,content_ad8987041ecb,0.1105248394902112,Low,monitor_and_verify,['model_signal_requires_review']
6059,content_0fc4e547c299,0.11036878407636026,Low,monitor_and_verify,['model_signal_requires_review']
6060,content_a6e263d9542e,0.11025497368508295,Low,monitor_and_verify,['model_signal_requires_review']
6061,content_908eb37ffde0,0.11009093434527098,Low,monitor_and_verify,['model_signal_requires_review']
6062,content_e70b7c3849dc,0.11003072356446873,Low,monitor_and_verify,['model_signal_requires_review']
6063,content_7e13c4bf098b,0.10990153175755468,Low,monitor_and_verify,['model_signal_requires_review']
6064,content_e12a9b378a1f,0.10965442997793053,Low,monitor_and_verify,['model_signal_requires_review']
6065,content_1592de3c5e62,0.10957459197113195,Low,monitor_and_verify,['model_signal_requires_review']
6066,content_21451907bcab,0.10941633593544485,Low,monitor_and_verify,['model_signal_requires_review']
6067,content_271e832920f9,0.10935967462979881,Low,monitor_and_verify,['model_signal_requires_review']
6068,content_aa2a81289728,0.10913667578627048,Low,monitor_and_verify,['model_signal_requires_review']
6069,content_9c94ce9a26b5,0.10906690774981959,Low,monitor_and_verify,['model_signal_requires_review']
6070,content_9399f5a1225e,0.10901855474468905,Low,monitor_and_verify,['model_signal_requires_review']
6071,content_9be3fc199752,0.10886322213849847,Low,monitor_and_verify,['model_signal_requires_review']
6072,content_cd850fb019b1,0.10885871383946392,Low,monitor_and_verify,['model_signal_requires_review']
6073,content_669f4f90d41c,0.1086934785937093,Low,monitor_and_verify,['model_signal_requires_review']
6074,content_4f9d6ea47a62,0.10848718069398816,Low,monitor_and_verify,['model_signal_requires_review']
6075,content_122b8ff9d581,0.10842165229163532,Low,monitor_and_verify,['model_signal_requires_review']
6076,content_ca8eb8fdc6fa,0.10835669920003509,Low,monitor_and_verify,['model_signal_requires_review']
6077,content_ed4f3ec14a68,0.10826302043062136,Low,monitor_and_verify,['model_signal_requires_review']
6078,content_998108671821,0.10823840140646462,Low,monitor_and_verify,['model_signal_requires_review']
6079,content_00530d75a8c7,0.10790150915406338,Low,monitor_and_verify,['model_signal_requires_review']
6080,content_6b87c3d0fc08,0.10782988901893825,Low,monitor_and_verify,['model_signal_requires_review']
6081,content_624b89ae5eba,0.10771876850136636,Low,monitor_and_verify,['model_signal_requires_review']
6082,content_aea4ae583fa0,0.10700090690613331,Low,monitor_and_verify,['model_signal_requires_review']
6083,content_9eeb75a6bf3b,0.10683536640336143,Low,monitor_and_verify,['model_signal_requires_review']
6084,content_365cced53e3e,0.10674538102866196,Low,monitor_and_verify,['model_signal_requires_review']
6085,content_d4452104084d,0.10665650415225086,Low,monitor_and_verify,['model_signal_requires_review']
6086,content_77c30aa8260f,0.10656191853164117,Low,monitor_and_verify,['model_signal_requires_review']
6087,content_9f6285e9de96,0.10654788183537255,Low,monitor_and_verify,['model_signal_requires_review']
6088,content_6dcaf630155b,0.10652622086832089,Low,monitor_and_verify,['model_signal_requires_review']
6089,content_9d831af6618e,0.10642688571122796,Low,monitor_and_verify,['model_signal_requires_review']
6090,content_2a8b933ad17e,0.10588604561452408,Low,monitor_and_verify,['model_signal_requires_review']
6091,content_b6163eb31d41,0.10474831038513992,Low,monitor_and_verify,['model_signal_requires_review']
6092,content_2368b6c7fbad,0.1045860775106897,Low,monitor_and_verify,['model_signal_requires_review']
6093,content_520fe1dae737,0.10385944061200775,Low,monitor_and_verify,['model_signal_requires_review']
6094,content_3ad79557bbdf,0.10362520139944577,Low,monitor_and_verify,['model_signal_requires_review']
6095,content_a0ebfeb791bf,0.10357701352154605,Low,monitor_and_verify,['model_signal_requires_review']
6096,content_a7a69ddb717a,0.1035071414451282,Low,monitor_and_verify,['model_signal_requires_review']
6097,content_4668ed45b73e,0.10344225977994063,Low,monitor_and_verify,['model_signal_requires_review']
6098,content_d645cfe66a78,0.1030888390201021,Low,monitor_and_verify,['model_signal_requires_review']
6099,content_3e048af23576,0.10301095249154067,Low,monitor_and_verify,['model_signal_requires_review']
6100,content_88d98058e66e,0.10290725355589439,Low,monitor_and_verify,['model_signal_requires_review']
6101,content_689902381684,0.10226675366198529,Low,monitor_and_verify,['model_signal_requires_review']
6102,content_c3deae21717a,0.10197327316086668,Low,monitor_and_verify,['model_signal_requires_review']
6103,content_eb183a3fdf61,0.10180614709918669,Low,monitor_and_verify,['model_signal_requires_review']
6104,content_e6c3998c24e8,0.10158631515085027,Low,monitor_and_verify,['model_signal_requires_review']
6105,content_bfefd747bdff,0.1013299165312763,Low,monitor_and_verify,['model_signal_requires_review']
6106,content_d8093280e426,0.10057311681356255,Low,monitor_and_verify,['model_signal_requires_review']
6107,content_c7481f76dd1e,0.10031373947910477,Low,monitor_and_verify,['model_signal_requires_review']
6108,content_2bcaea970c89,0.09964079019580986,Low,monitor_and_verify,['model_signal_requires_review']
6109,content_c2e897c70cef,0.09921389386479339,Low,monitor_and_verify,['model_signal_requires_review']
6110,content_f8b86708bbeb,0.09898665737482919,Low,monitor_and_verify,['model_signal_requires_review']
6111,content_8cdee3250626,0.09882824981885055,Low,monitor_and_verify,['model_signal_requires_review']
6112,content_fd85da9a38d6,0.09863190942913566,Low,monitor_and_verify,['model_signal_requires_review']
6113,content_d1a08ef06423,0.09809706013398731,Low,monitor_and_verify,['model_signal_requires_review']
6114,content_5031bfdb78e6,0.09616950600857767,Low,monitor_and_verify,['model_signal_requires_review']
6115,content_abe429671051,0.09461934847178119,Low,monitor_and_verify,['model_signal_requires_review']
6116,content_f9fe219721ca,0.0940733766011558,Low,monitor_and_verify,['model_signal_requires_review']
6117,content_c41622fe1359,0.09300451513921676,Low,monitor_and_verify,['model_signal_requires_review']
6118,content_33f39767de6c,0.09210087105782136,Low,monitor_and_verify,['model_signal_requires_review']
6119,content_479ce00a63b7,0.09057325040453608,Low,monitor_and_verify,['model_signal_requires_review']
6120,content_8a0e82cc099f,0.08856248174657096,Low,monitor_and_verify,['model_signal_requires_review']
6121,content_04627e23b1fb,0.08800052433020919,Low,monitor_and_verify,['model_signal_requires_review']
6122,content_5dcb74bcde1f,0.08699549878912617,Low,monitor_and_verify,['model_signal_requires_review']
6123,content_4d83f1356803,0.08615192986376473,Low,monitor_and_verify,['model_signal_requires_review']
6124,content_7a18ebbbb60a,0.08600427645966252,Low,monitor_and_verify,['model_signal_requires_review']
6125,content_fe2a5f204cbd,0.08498929914294041,Low,monitor_and_verify,['model_signal_requires_review']
6126,content_a81639945303,0.08328318720027363,Low,monitor_and_verify,['model_signal_requires_review']
6127,content_66d10fc43be7,0.08284900513471365,Low,monitor_and_verify,['model_signal_requires_review']
6128,content_11997101ed2d,0.0819095434238089,Low,monitor_and_verify,['model_signal_requires_review']
6129,content_9da19b2cac84,0.08103330940501054,Low,monitor_and_verify,['model_signal_requires_review']
6130,content_3b450eb82457,0.08052024349088231,Low,monitor_and_verify,['model_signal_requires_review']
6131,content_b440df3ca57a,0.07954356984601174,Low,monitor_and_verify,['model_signal_requires_review']
6132,content_680d36e6f309,0.07951186604882166,Low,monitor_and_verify,['model_signal_requires_review']
6133,content_536191893098,0.07945705928975906,Low,monitor_and_verify,['model_signal_requires_review']
6134,content_5a788c0cf88a,0.07935463958682565,Low,monitor_and_verify,['model_signal_requires_review']
6135,content_e5304691e3cc,0.07877294283141788,Low,monitor_and_verify,['model_signal_requires_review']
6136,content_1687b2824fab,0.0787331849778441,Low,monitor_and_verify,['model_signal_requires_review']
6137,content_6b3f938f081e,0.07812379922977145,Low,monitor_and_verify,['model_signal_requires_review']
6138,content_82cb4dd2ca6e,0.07804291490684372,Low,monitor_and_verify,['model_signal_requires_review']
6139,content_461415b14c83,0.07790067311237756,Low,monitor_and_verify,['model_signal_requires_review']
6140,content_dd6ae2827de8,0.07712106899518774,Low,monitor_and_verify,['model_signal_requires_review']
6141,content_291ee5797899,0.07669496872648954,Low,monitor_and_verify,['model_signal_requires_review']
6142,content_43d80ec82589,0.07652563661921613,Low,monitor_and_verify,['model_signal_requires_review']
6143,content_1687fc6734e2,0.07649869839482899,Low,monitor_and_verify,['model_signal_requires_review']
6144,content_0297643191af,0.07386006449813083,Low,monitor_and_verify,['model_signal_requires_review']
6145,content_1cb84e871aed,0.07378910963458626,Low,monitor_and_verify,['model_signal_requires_review']
6146,content_0be4977b4fcd,0.07178237198198927,Low,monitor_and_verify,['model_signal_requires_review']
6147,content_aa27d7969080,0.07018207622305322,Low,monitor_and_verify,['model_signal_requires_review']
6148,content_56bd4a2427ac,0.06904584946001205,Low,monitor_and_verify,['model_signal_requires_review']
6149,content_d73fe8925bbd,0.06791088834165092,Low,monitor_and_verify,['model_signal_requires_review']
6150,content_8304db4c5ccf,0.06702440940144953,Low,monitor_and_verify,['model_signal_requires_review']
6151,content_0477bd042ecd,0.06637895238221964,Low,monitor_and_verify,['model_signal_requires_review']
6152,content_707c7cffdb9e,0.06526756447195624,Low,monitor_and_verify,['model_signal_requires_review']
6153,content_c46f3c60207c,0.06497265643233667,Low,monitor_and_verify,['model_signal_requires_review']
6154,content_534ea4f34824,0.06374258531043668,Low,monitor_and_verify,['model_signal_requires_review']
6155,content_8533c9e2c066,0.061923742414930254,Low,monitor_and_verify,['model_signal_requires_review']
6156,content_e8f12f8191d3,0.054368539492706466,Low,monitor_and_verify,['model_signal_requires_review']
6157,content_54ddb72de5b2,0.05351224094361509,Low,monitor_and_verify,['model_signal_requires_review']
6158,content_243715096698,0.050544585404637715,Low,monitor_and_verify,['model_signal_requires_review']
6159,content_2e6955a6d440,0.044078722175832516,Low,monitor_and_verify,['model_signal_requires_review']
6160,content_03311a103622,0.042790683021754705,Low,monitor_and_verify,['model_signal_requires_review']
6161,content_ff89c97ac899,0.04196596923368393,Low,monitor_and_verify,['model_signal_requires_review']
6162,content_fc041e073905,0.041182614475635586,Low,monitor_and_verify,['model_signal_requires_review']
6163,content_d60098900ae0,0.036654734869574886,Low,monitor_and_verify,['model_signal_requires_review']
